object_id,category,mesh_obj,point_cloud,input_image
airplane_001,airplane,/gs/fs/tga-koike-shanda2/sk/data/toys4k/official/toys4k_obj_files/airplane/airplane_001/mesh.obj,/gs/fs/tga-koike-shanda2/sk/data/toys4k/official/toys4k_point_clouds/airplane/airplane_001/pc10K.npz,/gs/fs/tga-koike-shanda2/sk/data/toys4k/renders/512/airplane/airplane_001/image.png
airplane_014,airplane,/gs/fs/tga-koike-shanda2/sk/data/toys4k/official/toys4k_obj_files/airplane/airplane_014/mesh.obj,/gs/fs/tga-koike-shanda2/sk/data/toys4k/official/toys4k_point_clouds/airplane/airplane_014/pc10K.npz,/gs/fs/tga-koike-shanda2/sk/data/toys4k/renders/512/airplane/airplane_014/image.png
airplane_015,airplane,/gs/fs/tga-koike-shanda2/sk/data/toys4k/official/toys4k_obj_files/airplane/airplane_015/mesh.obj,/gs/fs/tga-koike-shanda2/sk/data/toys4k/official/toys4k_point_clouds/airplane/airplane_015/pc10K.npz,/gs/fs/tga-koike-shanda2/sk/data/toys4k/renders/512/airplane/airplane_015/image.png
airplane_017,airplane,/gs/fs/tga-koike-shanda2/sk/data/toys4k/official/toys4k_obj_files/airplane/airplane_017/mesh.obj,/gs/fs/tga-koike-shanda2/sk/data/toys4k/official/toys4k_point_clouds/airplane/airplane_017/pc10K.npz,/gs/fs/tga-koike-shanda2/sk/data/toys4k/renders/512/airplane/airplane_017/image.png
apple_006,apple,/gs/fs/tga-koike-shanda2/sk/data/toys4k/official/toys4k_obj_files/apple/apple_006/mesh.obj,/gs/fs/tga-koike-shanda2/sk/data/toys4k/official/toys4k_point_clouds/apple/apple_006/pc10K.npz,/gs/fs/tga-koike-shanda2/sk/data/toys4k/renders/512/apple/apple_006/image.png
apple_011,apple,/gs/fs/tga-koike-shanda2/sk/data/toys4k/official/toys4k_obj_files/apple/apple_011/mesh.obj,/gs/fs/tga-koike-shanda2/sk/data/toys4k/official/toys4k_point_clouds/apple/apple_011/pc10K.npz,/gs/fs/tga-koike-shanda2/sk/data/toys4k/renders/512/apple/apple_011/image.png
apple_042,apple,/gs/fs/tga-koike-shanda2/sk/data/toys4k/official/toys4k_obj_files/apple/apple_042/mesh.obj,/gs/fs/tga-koike-shanda2/sk/data/toys4k/official/toys4k_point_clouds/apple/apple_042/pc10K.npz,/gs/fs/tga-koike-shanda2/sk/data/toys4k/renders/512/apple/apple_042/image.png
apple_051,apple,/gs/fs/tga-koike-shanda2/sk/data/toys4k/official/toys4k_obj_files/apple/apple_051/mesh.obj,/gs/fs/tga-koike-shanda2/sk/data/toys4k/official/toys4k_point_clouds/apple/apple_051/pc10K.npz,/gs/fs/tga-koike-shanda2/sk/data/toys4k/renders/512/apple/apple_051/image.png
ball_001,ball,/gs/fs/tga-koike-shanda2/sk/data/toys4k/official/toys4k_obj_files/ball/ball_001/mesh.obj,/gs/fs/tga-koike-shanda2/sk/data/toys4k/official/toys4k_point_clouds/ball/ball_001/pc10K.npz,/gs/fs/tga-koike-shanda2/sk/data/toys4k/renders/512/ball/ball_001/image.png
ball_005,ball,/gs/fs/tga-koike-shanda2/sk/data/toys4k/official/toys4k_obj_files/ball/ball_005/mesh.obj,/gs/fs/tga-koike-shanda2/sk/data/toys4k/official/toys4k_point_clouds/ball/ball_005/pc10K.npz,/gs/fs/tga-koike-shanda2/sk/data/toys4k/renders/512/ball/ball_005/image.png
ball_027,ball,/gs/fs/tga-koike-shanda2/sk/data/toys4k/official/toys4k_obj_files/ball/ball_027/mesh.obj,/gs/fs/tga-koike-shanda2/sk/data/toys4k/official/toys4k_point_clouds/ball/ball_027/pc10K.npz,/gs/fs/tga-koike-shanda2/sk/data/toys4k/renders/512/ball/ball_027/image.png
ball_038,ball,/gs/fs/tga-koike-shanda2/sk/data/toys4k/official/toys4k_obj_files/ball/ball_038/mesh.obj,/gs/fs/tga-koike-shanda2/sk/data/toys4k/official/toys4k_point_clouds/ball/ball_038/pc10K.npz,/gs/fs/tga-koike-shanda2/sk/data/toys4k/renders/512/ball/ball_038/image.png
banana_008,banana,/gs/fs/tga-koike-shanda2/sk/data/toys4k/official/toys4k_obj_files/banana/banana_008/mesh.obj,/gs/fs/tga-koike-shanda2/sk/data/toys4k/official/toys4k_point_clouds/banana/banana_008/pc10K.npz,/gs/fs/tga-koike-shanda2/sk/data/toys4k/renders/512/banana/banana_008/image.png
banana_009,banana,/gs/fs/tga-koike-shanda2/sk/data/toys4k/official/toys4k_obj_files/banana/banana_009/mesh.obj,/gs/fs/tga-koike-shanda2/sk/data/toys4k/official/toys4k_point_clouds/banana/banana_009/pc10K.npz,/gs/fs/tga-koike-shanda2/sk/data/toys4k/renders/512/banana/banana_009/image.png
banana_020,banana,/gs/fs/tga-koike-shanda2/sk/data/toys4k/official/toys4k_obj_files/banana/banana_020/mesh.obj,/gs/fs/tga-koike-shanda2/sk/data/toys4k/official/toys4k_point_clouds/banana/banana_020/pc10K.npz,/gs/fs/tga-koike-shanda2/sk/data/toys4k/renders/512/banana/banana_020/image.png
banana_023,banana,/gs/fs/tga-koike-shanda2/sk/data/toys4k/official/toys4k_obj_files/banana/banana_023/mesh.obj,/gs/fs/tga-koike-shanda2/sk/data/toys4k/official/toys4k_point_clouds/banana/banana_023/pc10K.npz,/gs/fs/tga-koike-shanda2/sk/data/toys4k/renders/512/banana/banana_023/image.png
bicycle_007,bicycle,/gs/fs/tga-koike-shanda2/sk/data/toys4k/official/toys4k_obj_files/bicycle/bicycle_007/mesh.obj,/gs/fs/tga-koike-shanda2/sk/data/toys4k/official/toys4k_point_clouds/bicycle/bicycle_007/pc10K.npz,/gs/fs/tga-koike-shanda2/sk/data/toys4k/renders/512/bicycle/bicycle_007/image.png
bicycle_009,bicycle,/gs/fs/tga-koike-shanda2/sk/data/toys4k/official/toys4k_obj_files/bicycle/bicycle_009/mesh.obj,/gs/fs/tga-koike-shanda2/sk/data/toys4k/official/toys4k_point_clouds/bicycle/bicycle_009/pc10K.npz,/gs/fs/tga-koike-shanda2/sk/data/toys4k/renders/512/bicycle/bicycle_009/image.png
bicycle_012,bicycle,/gs/fs/tga-koike-shanda2/sk/data/toys4k/official/toys4k_obj_files/bicycle/bicycle_012/mesh.obj,/gs/fs/tga-koike-shanda2/sk/data/toys4k/official/toys4k_point_clouds/bicycle/bicycle_012/pc10K.npz,/gs/fs/tga-koike-shanda2/sk/data/toys4k/renders/512/bicycle/bicycle_012/image.png
bicycle_015,bicycle,/gs/fs/tga-koike-shanda2/sk/data/toys4k/official/toys4k_obj_files/bicycle/bicycle_015/mesh.obj,/gs/fs/tga-koike-shanda2/sk/data/toys4k/official/toys4k_point_clouds/bicycle/bicycle_015/pc10K.npz,/gs/fs/tga-koike-shanda2/sk/data/toys4k/renders/512/bicycle/bicycle_015/image.png
boat_000,boat,/gs/fs/tga-koike-shanda2/sk/data/toys4k/official/toys4k_obj_files/boat/boat_000/mesh.obj,/gs/fs/tga-koike-shanda2/sk/data/toys4k/official/toys4k_point_clouds/boat/boat_000/pc10K.npz,/gs/fs/tga-koike-shanda2/sk/data/toys4k/renders/512/boat/boat_000/image.png
boat_015,boat,/gs/fs/tga-koike-shanda2/sk/data/toys4k/official/toys4k_obj_files/boat/boat_015/mesh.obj,/gs/fs/tga-koike-shanda2/sk/data/toys4k/official/toys4k_point_clouds/boat/boat_015/pc10K.npz,/gs/fs/tga-koike-shanda2/sk/data/toys4k/renders/512/boat/boat_015/image.png
boat_027,boat,/gs/fs/tga-koike-shanda2/sk/data/toys4k/official/toys4k_obj_files/boat/boat_027/mesh.obj,/gs/fs/tga-koike-shanda2/sk/data/toys4k/official/toys4k_point_clouds/boat/boat_027/pc10K.npz,/gs/fs/tga-koike-shanda2/sk/data/toys4k/renders/512/boat/boat_027/image.png
boat_029,boat,/gs/fs/tga-koike-shanda2/sk/data/toys4k/official/toys4k_obj_files/boat/boat_029/mesh.obj,/gs/fs/tga-koike-shanda2/sk/data/toys4k/official/toys4k_point_clouds/boat/boat_029/pc10K.npz,/gs/fs/tga-koike-shanda2/sk/data/toys4k/renders/512/boat/boat_029/image.png
bottle_022,bottle,/gs/fs/tga-koike-shanda2/sk/data/toys4k/official/toys4k_obj_files/bottle/bottle_022/mesh.obj,/gs/fs/tga-koike-shanda2/sk/data/toys4k/official/toys4k_point_clouds/bottle/bottle_022/pc10K.npz,/gs/fs/tga-koike-shanda2/sk/data/toys4k/renders/512/bottle/bottle_022/image.png
bottle_059,bottle,/gs/fs/tga-koike-shanda2/sk/data/toys4k/official/toys4k_obj_files/bottle/bottle_059/mesh.obj,/gs/fs/tga-koike-shanda2/sk/data/toys4k/official/toys4k_point_clouds/bottle/bottle_059/pc10K.npz,/gs/fs/tga-koike-shanda2/sk/data/toys4k/renders/512/bottle/bottle_059/image.png
bottle_103,bottle,/gs/fs/tga-koike-shanda2/sk/data/toys4k/official/toys4k_obj_files/bottle/bottle_103/mesh.obj,/gs/fs/tga-koike-shanda2/sk/data/toys4k/official/toys4k_point_clouds/bottle/bottle_103/pc10K.npz,/gs/fs/tga-koike-shanda2/sk/data/toys4k/renders/512/bottle/bottle_103/image.png
bottle_109,bottle,/gs/fs/tga-koike-shanda2/sk/data/toys4k/official/toys4k_obj_files/bottle/bottle_109/mesh.obj,/gs/fs/tga-koike-shanda2/sk/data/toys4k/official/toys4k_point_clouds/bottle/bottle_109/pc10K.npz,/gs/fs/tga-koike-shanda2/sk/data/toys4k/renders/512/bottle/bottle_109/image.png
bowl_007,bowl,/gs/fs/tga-koike-shanda2/sk/data/toys4k/official/toys4k_obj_files/bowl/bowl_007/mesh.obj,/gs/fs/tga-koike-shanda2/sk/data/toys4k/official/toys4k_point_clouds/bowl/bowl_007/pc10K.npz,/gs/fs/tga-koike-shanda2/sk/data/toys4k/renders/512/bowl/bowl_007/image.png
bowl_010,bowl,/gs/fs/tga-koike-shanda2/sk/data/toys4k/official/toys4k_obj_files/bowl/bowl_010/mesh.obj,/gs/fs/tga-koike-shanda2/sk/data/toys4k/official/toys4k_point_clouds/bowl/bowl_010/pc10K.npz,/gs/fs/tga-koike-shanda2/sk/data/toys4k/renders/512/bowl/bowl_010/image.png
bowl_013,bowl,/gs/fs/tga-koike-shanda2/sk/data/toys4k/official/toys4k_obj_files/bowl/bowl_013/mesh.obj,/gs/fs/tga-koike-shanda2/sk/data/toys4k/official/toys4k_point_clouds/bowl/bowl_013/pc10K.npz,/gs/fs/tga-koike-shanda2/sk/data/toys4k/renders/512/bowl/bowl_013/image.png
bowl_027,bowl,/gs/fs/tga-koike-shanda2/sk/data/toys4k/official/toys4k_obj_files/bowl/bowl_027/mesh.obj,/gs/fs/tga-koike-shanda2/sk/data/toys4k/official/toys4k_point_clouds/bowl/bowl_027/pc10K.npz,/gs/fs/tga-koike-shanda2/sk/data/toys4k/renders/512/bowl/bowl_027/image.png
bread_005,bread,/gs/fs/tga-koike-shanda2/sk/data/toys4k/official/toys4k_obj_files/bread/bread_005/mesh.obj,/gs/fs/tga-koike-shanda2/sk/data/toys4k/official/toys4k_point_clouds/bread/bread_005/pc10K.npz,/gs/fs/tga-koike-shanda2/sk/data/toys4k/renders/512/bread/bread_005/image.png
bread_006,bread,/gs/fs/tga-koike-shanda2/sk/data/toys4k/official/toys4k_obj_files/bread/bread_006/mesh.obj,/gs/fs/tga-koike-shanda2/sk/data/toys4k/official/toys4k_point_clouds/bread/bread_006/pc10K.npz,/gs/fs/tga-koike-shanda2/sk/data/toys4k/renders/512/bread/bread_006/image.png
bread_022,bread,/gs/fs/tga-koike-shanda2/sk/data/toys4k/official/toys4k_obj_files/bread/bread_022/mesh.obj,/gs/fs/tga-koike-shanda2/sk/data/toys4k/official/toys4k_point_clouds/bread/bread_022/pc10K.npz,/gs/fs/tga-koike-shanda2/sk/data/toys4k/renders/512/bread/bread_022/image.png
bread_024,bread,/gs/fs/tga-koike-shanda2/sk/data/toys4k/official/toys4k_obj_files/bread/bread_024/mesh.obj,/gs/fs/tga-koike-shanda2/sk/data/toys4k/official/toys4k_point_clouds/bread/bread_024/pc10K.npz,/gs/fs/tga-koike-shanda2/sk/data/toys4k/renders/512/bread/bread_024/image.png
bunny_001,bunny,/gs/fs/tga-koike-shanda2/sk/data/toys4k/official/toys4k_obj_files/bunny/bunny_001/mesh.obj,/gs/fs/tga-koike-shanda2/sk/data/toys4k/official/toys4k_point_clouds/bunny/bunny_001/pc10K.npz,/gs/fs/tga-koike-shanda2/sk/data/toys4k/renders/512/bunny/bunny_001/image.png
bunny_011,bunny,/gs/fs/tga-koike-shanda2/sk/data/toys4k/official/toys4k_obj_files/bunny/bunny_011/mesh.obj,/gs/fs/tga-koike-shanda2/sk/data/toys4k/official/toys4k_point_clouds/bunny/bunny_011/pc10K.npz,/gs/fs/tga-koike-shanda2/sk/data/toys4k/renders/512/bunny/bunny_011/image.png
bunny_021,bunny,/gs/fs/tga-koike-shanda2/sk/data/toys4k/official/toys4k_obj_files/bunny/bunny_021/mesh.obj,/gs/fs/tga-koike-shanda2/sk/data/toys4k/official/toys4k_point_clouds/bunny/bunny_021/pc10K.npz,/gs/fs/tga-koike-shanda2/sk/data/toys4k/renders/512/bunny/bunny_021/image.png
bunny_026,bunny,/gs/fs/tga-koike-shanda2/sk/data/toys4k/official/toys4k_obj_files/bunny/bunny_026/mesh.obj,/gs/fs/tga-koike-shanda2/sk/data/toys4k/official/toys4k_point_clouds/bunny/bunny_026/pc10K.npz,/gs/fs/tga-koike-shanda2/sk/data/toys4k/renders/512/bunny/bunny_026/image.png
bus_001,bus,/gs/fs/tga-koike-shanda2/sk/data/toys4k/official/toys4k_obj_files/bus/bus_001/mesh.obj,/gs/fs/tga-koike-shanda2/sk/data/toys4k/official/toys4k_point_clouds/bus/bus_001/pc10K.npz,/gs/fs/tga-koike-shanda2/sk/data/toys4k/renders/512/bus/bus_001/image.png
bus_003,bus,/gs/fs/tga-koike-shanda2/sk/data/toys4k/official/toys4k_obj_files/bus/bus_003/mesh.obj,/gs/fs/tga-koike-shanda2/sk/data/toys4k/official/toys4k_point_clouds/bus/bus_003/pc10K.npz,/gs/fs/tga-koike-shanda2/sk/data/toys4k/renders/512/bus/bus_003/image.png
bus_008,bus,/gs/fs/tga-koike-shanda2/sk/data/toys4k/official/toys4k_obj_files/bus/bus_008/mesh.obj,/gs/fs/tga-koike-shanda2/sk/data/toys4k/official/toys4k_point_clouds/bus/bus_008/pc10K.npz,/gs/fs/tga-koike-shanda2/sk/data/toys4k/renders/512/bus/bus_008/image.png
bus_014,bus,/gs/fs/tga-koike-shanda2/sk/data/toys4k/official/toys4k_obj_files/bus/bus_014/mesh.obj,/gs/fs/tga-koike-shanda2/sk/data/toys4k/official/toys4k_point_clouds/bus/bus_014/pc10K.npz,/gs/fs/tga-koike-shanda2/sk/data/toys4k/renders/512/bus/bus_014/image.png
butterfly_001,butterfly,/gs/fs/tga-koike-shanda2/sk/data/toys4k/official/toys4k_obj_files/butterfly/butterfly_001/mesh.obj,/gs/fs/tga-koike-shanda2/sk/data/toys4k/official/toys4k_point_clouds/butterfly/butterfly_001/pc10K.npz,/gs/fs/tga-koike-shanda2/sk/data/toys4k/renders/512/butterfly/butterfly_001/image.png
butterfly_009,butterfly,/gs/fs/tga-koike-shanda2/sk/data/toys4k/official/toys4k_obj_files/butterfly/butterfly_009/mesh.obj,/gs/fs/tga-koike-shanda2/sk/data/toys4k/official/toys4k_point_clouds/butterfly/butterfly_009/pc10K.npz,/gs/fs/tga-koike-shanda2/sk/data/toys4k/renders/512/butterfly/butterfly_009/image.png
butterfly_011,butterfly,/gs/fs/tga-koike-shanda2/sk/data/toys4k/official/toys4k_obj_files/butterfly/butterfly_011/mesh.obj,/gs/fs/tga-koike-shanda2/sk/data/toys4k/official/toys4k_point_clouds/butterfly/butterfly_011/pc10K.npz,/gs/fs/tga-koike-shanda2/sk/data/toys4k/renders/512/butterfly/butterfly_011/image.png
butterfly_016,butterfly,/gs/fs/tga-koike-shanda2/sk/data/toys4k/official/toys4k_obj_files/butterfly/butterfly_016/mesh.obj,/gs/fs/tga-koike-shanda2/sk/data/toys4k/official/toys4k_point_clouds/butterfly/butterfly_016/pc10K.npz,/gs/fs/tga-koike-shanda2/sk/data/toys4k/renders/512/butterfly/butterfly_016/image.png
cake_002,cake,/gs/fs/tga-koike-shanda2/sk/data/toys4k/official/toys4k_obj_files/cake/cake_002/mesh.obj,/gs/fs/tga-koike-shanda2/sk/data/toys4k/official/toys4k_point_clouds/cake/cake_002/pc10K.npz,/gs/fs/tga-koike-shanda2/sk/data/toys4k/renders/512/cake/cake_002/image.png
cake_005,cake,/gs/fs/tga-koike-shanda2/sk/data/toys4k/official/toys4k_obj_files/cake/cake_005/mesh.obj,/gs/fs/tga-koike-shanda2/sk/data/toys4k/official/toys4k_point_clouds/cake/cake_005/pc10K.npz,/gs/fs/tga-koike-shanda2/sk/data/toys4k/renders/512/cake/cake_005/image.png
cake_014,cake,/gs/fs/tga-koike-shanda2/sk/data/toys4k/official/toys4k_obj_files/cake/cake_014/mesh.obj,/gs/fs/tga-koike-shanda2/sk/data/toys4k/official/toys4k_point_clouds/cake/cake_014/pc10K.npz,/gs/fs/tga-koike-shanda2/sk/data/toys4k/renders/512/cake/cake_014/image.png
cake_018,cake,/gs/fs/tga-koike-shanda2/sk/data/toys4k/official/toys4k_obj_files/cake/cake_018/mesh.obj,/gs/fs/tga-koike-shanda2/sk/data/toys4k/official/toys4k_point_clouds/cake/cake_018/pc10K.npz,/gs/fs/tga-koike-shanda2/sk/data/toys4k/renders/512/cake/cake_018/image.png
candy_006,candy,/gs/fs/tga-koike-shanda2/sk/data/toys4k/official/toys4k_obj_files/candy/candy_006/mesh.obj,/gs/fs/tga-koike-shanda2/sk/data/toys4k/official/toys4k_point_clouds/candy/candy_006/pc10K.npz,/gs/fs/tga-koike-shanda2/sk/data/toys4k/renders/512/candy/candy_006/image.png
candy_024,candy,/gs/fs/tga-koike-shanda2/sk/data/toys4k/official/toys4k_obj_files/candy/candy_024/mesh.obj,/gs/fs/tga-koike-shanda2/sk/data/toys4k/official/toys4k_point_clouds/candy/candy_024/pc10K.npz,/gs/fs/tga-koike-shanda2/sk/data/toys4k/renders/512/candy/candy_024/image.png
candy_054,candy,/gs/fs/tga-koike-shanda2/sk/data/toys4k/official/toys4k_obj_files/candy/candy_054/mesh.obj,/gs/fs/tga-koike-shanda2/sk/data/toys4k/official/toys4k_point_clouds/candy/candy_054/pc10K.npz,/gs/fs/tga-koike-shanda2/sk/data/toys4k/renders/512/candy/candy_054/image.png
candy_055,candy,/gs/fs/tga-koike-shanda2/sk/data/toys4k/official/toys4k_obj_files/candy/candy_055/mesh.obj,/gs/fs/tga-koike-shanda2/sk/data/toys4k/official/toys4k_point_clouds/candy/candy_055/pc10K.npz,/gs/fs/tga-koike-shanda2/sk/data/toys4k/renders/512/candy/candy_055/image.png
car_008,car,/gs/fs/tga-koike-shanda2/sk/data/toys4k/official/toys4k_obj_files/car/car_008/mesh.obj,/gs/fs/tga-koike-shanda2/sk/data/toys4k/official/toys4k_point_clouds/car/car_008/pc10K.npz,/gs/fs/tga-koike-shanda2/sk/data/toys4k/renders/512/car/car_008/image.png
car_011,car,/gs/fs/tga-koike-shanda2/sk/data/toys4k/official/toys4k_obj_files/car/car_011/mesh.obj,/gs/fs/tga-koike-shanda2/sk/data/toys4k/official/toys4k_point_clouds/car/car_011/pc10K.npz,/gs/fs/tga-koike-shanda2/sk/data/toys4k/renders/512/car/car_011/image.png
car_014,car,/gs/fs/tga-koike-shanda2/sk/data/toys4k/official/toys4k_obj_files/car/car_014/mesh.obj,/gs/fs/tga-koike-shanda2/sk/data/toys4k/official/toys4k_point_clouds/car/car_014/pc10K.npz,/gs/fs/tga-koike-shanda2/sk/data/toys4k/renders/512/car/car_014/image.png
car_026,car,/gs/fs/tga-koike-shanda2/sk/data/toys4k/official/toys4k_obj_files/car/car_026/mesh.obj,/gs/fs/tga-koike-shanda2/sk/data/toys4k/official/toys4k_point_clouds/car/car_026/pc10K.npz,/gs/fs/tga-koike-shanda2/sk/data/toys4k/renders/512/car/car_026/image.png
cat_021,cat,/gs/fs/tga-koike-shanda2/sk/data/toys4k/official/toys4k_obj_files/cat/cat_021/mesh.obj,/gs/fs/tga-koike-shanda2/sk/data/toys4k/official/toys4k_point_clouds/cat/cat_021/pc10K.npz,/gs/fs/tga-koike-shanda2/sk/data/toys4k/renders/512/cat/cat_021/image.png
cat_027,cat,/gs/fs/tga-koike-shanda2/sk/data/toys4k/official/toys4k_obj_files/cat/cat_027/mesh.obj,/gs/fs/tga-koike-shanda2/sk/data/toys4k/official/toys4k_point_clouds/cat/cat_027/pc10K.npz,/gs/fs/tga-koike-shanda2/sk/data/toys4k/renders/512/cat/cat_027/image.png
cat_036,cat,/gs/fs/tga-koike-shanda2/sk/data/toys4k/official/toys4k_obj_files/cat/cat_036/mesh.obj,/gs/fs/tga-koike-shanda2/sk/data/toys4k/official/toys4k_point_clouds/cat/cat_036/pc10K.npz,/gs/fs/tga-koike-shanda2/sk/data/toys4k/renders/512/cat/cat_036/image.png
cat_049,cat,/gs/fs/tga-koike-shanda2/sk/data/toys4k/official/toys4k_obj_files/cat/cat_049/mesh.obj,/gs/fs/tga-koike-shanda2/sk/data/toys4k/official/toys4k_point_clouds/cat/cat_049/pc10K.npz,/gs/fs/tga-koike-shanda2/sk/data/toys4k/renders/512/cat/cat_049/image.png
cells_battery_004,cells_battery,/gs/fs/tga-koike-shanda2/sk/data/toys4k/official/toys4k_obj_files/cells_battery/cells_battery_004/mesh.obj,/gs/fs/tga-koike-shanda2/sk/data/toys4k/official/toys4k_point_clouds/cells_battery/cells_battery_004/pc10K.npz,/gs/fs/tga-koike-shanda2/sk/data/toys4k/renders/512/cells_battery/cells_battery_004/image.png
cells_battery_010,cells_battery,/gs/fs/tga-koike-shanda2/sk/data/toys4k/official/toys4k_obj_files/cells_battery/cells_battery_010/mesh.obj,/gs/fs/tga-koike-shanda2/sk/data/toys4k/official/toys4k_point_clouds/cells_battery/cells_battery_010/pc10K.npz,/gs/fs/tga-koike-shanda2/sk/data/toys4k/renders/512/cells_battery/cells_battery_010/image.png
cells_battery_015,cells_battery,/gs/fs/tga-koike-shanda2/sk/data/toys4k/official/toys4k_obj_files/cells_battery/cells_battery_015/mesh.obj,/gs/fs/tga-koike-shanda2/sk/data/toys4k/official/toys4k_point_clouds/cells_battery/cells_battery_015/pc10K.npz,/gs/fs/tga-koike-shanda2/sk/data/toys4k/renders/512/cells_battery/cells_battery_015/image.png
cells_battery_039,cells_battery,/gs/fs/tga-koike-shanda2/sk/data/toys4k/official/toys4k_obj_files/cells_battery/cells_battery_039/mesh.obj,/gs/fs/tga-koike-shanda2/sk/data/toys4k/official/toys4k_point_clouds/cells_battery/cells_battery_039/pc10K.npz,/gs/fs/tga-koike-shanda2/sk/data/toys4k/renders/512/cells_battery/cells_battery_039/image.png
chair_044,chair,/gs/fs/tga-koike-shanda2/sk/data/toys4k/official/toys4k_obj_files/chair/chair_044/mesh.obj,/gs/fs/tga-koike-shanda2/sk/data/toys4k/official/toys4k_point_clouds/chair/chair_044/pc10K.npz,/gs/fs/tga-koike-shanda2/sk/data/toys4k/renders/512/chair/chair_044/image.png
chair_073,chair,/gs/fs/tga-koike-shanda2/sk/data/toys4k/official/toys4k_obj_files/chair/chair_073/mesh.obj,/gs/fs/tga-koike-shanda2/sk/data/toys4k/official/toys4k_point_clouds/chair/chair_073/pc10K.npz,/gs/fs/tga-koike-shanda2/sk/data/toys4k/renders/512/chair/chair_073/image.png
chair_102,chair,/gs/fs/tga-koike-shanda2/sk/data/toys4k/official/toys4k_obj_files/chair/chair_102/mesh.obj,/gs/fs/tga-koike-shanda2/sk/data/toys4k/official/toys4k_point_clouds/chair/chair_102/pc10K.npz,/gs/fs/tga-koike-shanda2/sk/data/toys4k/renders/512/chair/chair_102/image.png
chair_123,chair,/gs/fs/tga-koike-shanda2/sk/data/toys4k/official/toys4k_obj_files/chair/chair_123/mesh.obj,/gs/fs/tga-koike-shanda2/sk/data/toys4k/official/toys4k_point_clouds/chair/chair_123/pc10K.npz,/gs/fs/tga-koike-shanda2/sk/data/toys4k/renders/512/chair/chair_123/image.png
chess_piece_004,chess_piece,/gs/fs/tga-koike-shanda2/sk/data/toys4k/official/toys4k_obj_files/chess_piece/chess_piece_004/mesh.obj,/gs/fs/tga-koike-shanda2/sk/data/toys4k/official/toys4k_point_clouds/chess_piece/chess_piece_004/pc10K.npz,/gs/fs/tga-koike-shanda2/sk/data/toys4k/renders/512/chess_piece/chess_piece_004/image.png
chess_piece_019,chess_piece,/gs/fs/tga-koike-shanda2/sk/data/toys4k/official/toys4k_obj_files/chess_piece/chess_piece_019/mesh.obj,/gs/fs/tga-koike-shanda2/sk/data/toys4k/official/toys4k_point_clouds/chess_piece/chess_piece_019/pc10K.npz,/gs/fs/tga-koike-shanda2/sk/data/toys4k/renders/512/chess_piece/chess_piece_019/image.png
chess_piece_040,chess_piece,/gs/fs/tga-koike-shanda2/sk/data/toys4k/official/toys4k_obj_files/chess_piece/chess_piece_040/mesh.obj,/gs/fs/tga-koike-shanda2/sk/data/toys4k/official/toys4k_point_clouds/chess_piece/chess_piece_040/pc10K.npz,/gs/fs/tga-koike-shanda2/sk/data/toys4k/renders/512/chess_piece/chess_piece_040/image.png
chess_piece_048,chess_piece,/gs/fs/tga-koike-shanda2/sk/data/toys4k/official/toys4k_obj_files/chess_piece/chess_piece_048/mesh.obj,/gs/fs/tga-koike-shanda2/sk/data/toys4k/official/toys4k_point_clouds/chess_piece/chess_piece_048/pc10K.npz,/gs/fs/tga-koike-shanda2/sk/data/toys4k/renders/512/chess_piece/chess_piece_048/image.png
chicken_001,chicken,/gs/fs/tga-koike-shanda2/sk/data/toys4k/official/toys4k_obj_files/chicken/chicken_001/mesh.obj,/gs/fs/tga-koike-shanda2/sk/data/toys4k/official/toys4k_point_clouds/chicken/chicken_001/pc10K.npz,/gs/fs/tga-koike-shanda2/sk/data/toys4k/renders/512/chicken/chicken_001/image.png
chicken_008,chicken,/gs/fs/tga-koike-shanda2/sk/data/toys4k/official/toys4k_obj_files/chicken/chicken_008/mesh.obj,/gs/fs/tga-koike-shanda2/sk/data/toys4k/official/toys4k_point_clouds/chicken/chicken_008/pc10K.npz,/gs/fs/tga-koike-shanda2/sk/data/toys4k/renders/512/chicken/chicken_008/image.png
chicken_009,chicken,/gs/fs/tga-koike-shanda2/sk/data/toys4k/official/toys4k_obj_files/chicken/chicken_009/mesh.obj,/gs/fs/tga-koike-shanda2/sk/data/toys4k/official/toys4k_point_clouds/chicken/chicken_009/pc10K.npz,/gs/fs/tga-koike-shanda2/sk/data/toys4k/renders/512/chicken/chicken_009/image.png
chicken_011,chicken,/gs/fs/tga-koike-shanda2/sk/data/toys4k/official/toys4k_obj_files/chicken/chicken_011/mesh.obj,/gs/fs/tga-koike-shanda2/sk/data/toys4k/official/toys4k_point_clouds/chicken/chicken_011/pc10K.npz,/gs/fs/tga-koike-shanda2/sk/data/toys4k/renders/512/chicken/chicken_011/image.png
closet_001,closet,/gs/fs/tga-koike-shanda2/sk/data/toys4k/official/toys4k_obj_files/closet/closet_001/mesh.obj,/gs/fs/tga-koike-shanda2/sk/data/toys4k/official/toys4k_point_clouds/closet/closet_001/pc10K.npz,/gs/fs/tga-koike-shanda2/sk/data/toys4k/renders/512/closet/closet_001/image.png
closet_003,closet,/gs/fs/tga-koike-shanda2/sk/data/toys4k/official/toys4k_obj_files/closet/closet_003/mesh.obj,/gs/fs/tga-koike-shanda2/sk/data/toys4k/official/toys4k_point_clouds/closet/closet_003/pc10K.npz,/gs/fs/tga-koike-shanda2/sk/data/toys4k/renders/512/closet/closet_003/image.png
closet_009,closet,/gs/fs/tga-koike-shanda2/sk/data/toys4k/official/toys4k_obj_files/closet/closet_009/mesh.obj,/gs/fs/tga-koike-shanda2/sk/data/toys4k/official/toys4k_point_clouds/closet/closet_009/pc10K.npz,/gs/fs/tga-koike-shanda2/sk/data/toys4k/renders/512/closet/closet_009/image.png
closet_011,closet,/gs/fs/tga-koike-shanda2/sk/data/toys4k/official/toys4k_obj_files/closet/closet_011/mesh.obj,/gs/fs/tga-koike-shanda2/sk/data/toys4k/official/toys4k_point_clouds/closet/closet_011/pc10K.npz,/gs/fs/tga-koike-shanda2/sk/data/toys4k/renders/512/closet/closet_011/image.png
coin_009,coin,/gs/fs/tga-koike-shanda2/sk/data/toys4k/official/toys4k_obj_files/coin/coin_009/mesh.obj,/gs/fs/tga-koike-shanda2/sk/data/toys4k/official/toys4k_point_clouds/coin/coin_009/pc10K.npz,/gs/fs/tga-koike-shanda2/sk/data/toys4k/renders/512/coin/coin_009/image.png
coin_013,coin,/gs/fs/tga-koike-shanda2/sk/data/toys4k/official/toys4k_obj_files/coin/coin_013/mesh.obj,/gs/fs/tga-koike-shanda2/sk/data/toys4k/official/toys4k_point_clouds/coin/coin_013/pc10K.npz,/gs/fs/tga-koike-shanda2/sk/data/toys4k/renders/512/coin/coin_013/image.png
coin_025,coin,/gs/fs/tga-koike-shanda2/sk/data/toys4k/official/toys4k_obj_files/coin/coin_025/mesh.obj,/gs/fs/tga-koike-shanda2/sk/data/toys4k/official/toys4k_point_clouds/coin/coin_025/pc10K.npz,/gs/fs/tga-koike-shanda2/sk/data/toys4k/renders/512/coin/coin_025/image.png
coin_029,coin,/gs/fs/tga-koike-shanda2/sk/data/toys4k/official/toys4k_obj_files/coin/coin_029/mesh.obj,/gs/fs/tga-koike-shanda2/sk/data/toys4k/official/toys4k_point_clouds/coin/coin_029/pc10K.npz,/gs/fs/tga-koike-shanda2/sk/data/toys4k/renders/512/coin/coin_029/image.png
cookie_006,cookie,/gs/fs/tga-koike-shanda2/sk/data/toys4k/official/toys4k_obj_files/cookie/cookie_006/mesh.obj,/gs/fs/tga-koike-shanda2/sk/data/toys4k/official/toys4k_point_clouds/cookie/cookie_006/pc10K.npz,/gs/fs/tga-koike-shanda2/sk/data/toys4k/renders/512/cookie/cookie_006/image.png
cookie_009,cookie,/gs/fs/tga-koike-shanda2/sk/data/toys4k/official/toys4k_obj_files/cookie/cookie_009/mesh.obj,/gs/fs/tga-koike-shanda2/sk/data/toys4k/official/toys4k_point_clouds/cookie/cookie_009/pc10K.npz,/gs/fs/tga-koike-shanda2/sk/data/toys4k/renders/512/cookie/cookie_009/image.png
cookie_019,cookie,/gs/fs/tga-koike-shanda2/sk/data/toys4k/official/toys4k_obj_files/cookie/cookie_019/mesh.obj,/gs/fs/tga-koike-shanda2/sk/data/toys4k/official/toys4k_point_clouds/cookie/cookie_019/pc10K.npz,/gs/fs/tga-koike-shanda2/sk/data/toys4k/renders/512/cookie/cookie_019/image.png
cookie_025,cookie,/gs/fs/tga-koike-shanda2/sk/data/toys4k/official/toys4k_obj_files/cookie/cookie_025/mesh.obj,/gs/fs/tga-koike-shanda2/sk/data/toys4k/official/toys4k_point_clouds/cookie/cookie_025/pc10K.npz,/gs/fs/tga-koike-shanda2/sk/data/toys4k/renders/512/cookie/cookie_025/image.png
cow_015,cow,/gs/fs/tga-koike-shanda2/sk/data/toys4k/official/toys4k_obj_files/cow/cow_015/mesh.obj,/gs/fs/tga-koike-shanda2/sk/data/toys4k/official/toys4k_point_clouds/cow/cow_015/pc10K.npz,/gs/fs/tga-koike-shanda2/sk/data/toys4k/renders/512/cow/cow_015/image.png
cow_016,cow,/gs/fs/tga-koike-shanda2/sk/data/toys4k/official/toys4k_obj_files/cow/cow_016/mesh.obj,/gs/fs/tga-koike-shanda2/sk/data/toys4k/official/toys4k_point_clouds/cow/cow_016/pc10K.npz,/gs/fs/tga-koike-shanda2/sk/data/toys4k/renders/512/cow/cow_016/image.png
cow_020,cow,/gs/fs/tga-koike-shanda2/sk/data/toys4k/official/toys4k_obj_files/cow/cow_020/mesh.obj,/gs/fs/tga-koike-shanda2/sk/data/toys4k/official/toys4k_point_clouds/cow/cow_020/pc10K.npz,/gs/fs/tga-koike-shanda2/sk/data/toys4k/renders/512/cow/cow_020/image.png
cow_021,cow,/gs/fs/tga-koike-shanda2/sk/data/toys4k/official/toys4k_obj_files/cow/cow_021/mesh.obj,/gs/fs/tga-koike-shanda2/sk/data/toys4k/official/toys4k_point_clouds/cow/cow_021/pc10K.npz,/gs/fs/tga-koike-shanda2/sk/data/toys4k/renders/512/cow/cow_021/image.png
crab_010,crab,/gs/fs/tga-koike-shanda2/sk/data/toys4k/official/toys4k_obj_files/crab/crab_010/mesh.obj,/gs/fs/tga-koike-shanda2/sk/data/toys4k/official/toys4k_point_clouds/crab/crab_010/pc10K.npz,/gs/fs/tga-koike-shanda2/sk/data/toys4k/renders/512/crab/crab_010/image.png
crab_026,crab,/gs/fs/tga-koike-shanda2/sk/data/toys4k/official/toys4k_obj_files/crab/crab_026/mesh.obj,/gs/fs/tga-koike-shanda2/sk/data/toys4k/official/toys4k_point_clouds/crab/crab_026/pc10K.npz,/gs/fs/tga-koike-shanda2/sk/data/toys4k/renders/512/crab/crab_026/image.png
crab_034,crab,/gs/fs/tga-koike-shanda2/sk/data/toys4k/official/toys4k_obj_files/crab/crab_034/mesh.obj,/gs/fs/tga-koike-shanda2/sk/data/toys4k/official/toys4k_point_clouds/crab/crab_034/pc10K.npz,/gs/fs/tga-koike-shanda2/sk/data/toys4k/renders/512/crab/crab_034/image.png
crab_035,crab,/gs/fs/tga-koike-shanda2/sk/data/toys4k/official/toys4k_obj_files/crab/crab_035/mesh.obj,/gs/fs/tga-koike-shanda2/sk/data/toys4k/official/toys4k_point_clouds/crab/crab_035/pc10K.npz,/gs/fs/tga-koike-shanda2/sk/data/toys4k/renders/512/crab/crab_035/image.png
cup_004,cup,/gs/fs/tga-koike-shanda2/sk/data/toys4k/official/toys4k_obj_files/cup/cup_004/mesh.obj,/gs/fs/tga-koike-shanda2/sk/data/toys4k/official/toys4k_point_clouds/cup/cup_004/pc10K.npz,/gs/fs/tga-koike-shanda2/sk/data/toys4k/renders/512/cup/cup_004/image.png
cup_006,cup,/gs/fs/tga-koike-shanda2/sk/data/toys4k/official/toys4k_obj_files/cup/cup_006/mesh.obj,/gs/fs/tga-koike-shanda2/sk/data/toys4k/official/toys4k_point_clouds/cup/cup_006/pc10K.npz,/gs/fs/tga-koike-shanda2/sk/data/toys4k/renders/512/cup/cup_006/image.png
cup_008,cup,/gs/fs/tga-koike-shanda2/sk/data/toys4k/official/toys4k_obj_files/cup/cup_008/mesh.obj,/gs/fs/tga-koike-shanda2/sk/data/toys4k/official/toys4k_point_clouds/cup/cup_008/pc10K.npz,/gs/fs/tga-koike-shanda2/sk/data/toys4k/renders/512/cup/cup_008/image.png
cup_049,cup,/gs/fs/tga-koike-shanda2/sk/data/toys4k/official/toys4k_obj_files/cup/cup_049/mesh.obj,/gs/fs/tga-koike-shanda2/sk/data/toys4k/official/toys4k_point_clouds/cup/cup_049/pc10K.npz,/gs/fs/tga-koike-shanda2/sk/data/toys4k/renders/512/cup/cup_049/image.png
cupcake_005,cupcake,/gs/fs/tga-koike-shanda2/sk/data/toys4k/official/toys4k_obj_files/cupcake/cupcake_005/mesh.obj,/gs/fs/tga-koike-shanda2/sk/data/toys4k/official/toys4k_point_clouds/cupcake/cupcake_005/pc10K.npz,/gs/fs/tga-koike-shanda2/sk/data/toys4k/renders/512/cupcake/cupcake_005/image.png
cupcake_022,cupcake,/gs/fs/tga-koike-shanda2/sk/data/toys4k/official/toys4k_obj_files/cupcake/cupcake_022/mesh.obj,/gs/fs/tga-koike-shanda2/sk/data/toys4k/official/toys4k_point_clouds/cupcake/cupcake_022/pc10K.npz,/gs/fs/tga-koike-shanda2/sk/data/toys4k/renders/512/cupcake/cupcake_022/image.png
cupcake_023,cupcake,/gs/fs/tga-koike-shanda2/sk/data/toys4k/official/toys4k_obj_files/cupcake/cupcake_023/mesh.obj,/gs/fs/tga-koike-shanda2/sk/data/toys4k/official/toys4k_point_clouds/cupcake/cupcake_023/pc10K.npz,/gs/fs/tga-koike-shanda2/sk/data/toys4k/renders/512/cupcake/cupcake_023/image.png
cupcake_027,cupcake,/gs/fs/tga-koike-shanda2/sk/data/toys4k/official/toys4k_obj_files/cupcake/cupcake_027/mesh.obj,/gs/fs/tga-koike-shanda2/sk/data/toys4k/official/toys4k_point_clouds/cupcake/cupcake_027/pc10K.npz,/gs/fs/tga-koike-shanda2/sk/data/toys4k/renders/512/cupcake/cupcake_027/image.png
deer_moose_008,deer_moose,/gs/fs/tga-koike-shanda2/sk/data/toys4k/official/toys4k_obj_files/deer_moose/deer_moose_008/mesh.obj,/gs/fs/tga-koike-shanda2/sk/data/toys4k/official/toys4k_point_clouds/deer_moose/deer_moose_008/pc10K.npz,/gs/fs/tga-koike-shanda2/sk/data/toys4k/renders/512/deer_moose/deer_moose_008/image.png
deer_moose_048,deer_moose,/gs/fs/tga-koike-shanda2/sk/data/toys4k/official/toys4k_obj_files/deer_moose/deer_moose_048/mesh.obj,/gs/fs/tga-koike-shanda2/sk/data/toys4k/official/toys4k_point_clouds/deer_moose/deer_moose_048/pc10K.npz,/gs/fs/tga-koike-shanda2/sk/data/toys4k/renders/512/deer_moose/deer_moose_048/image.png
deer_moose_049,deer_moose,/gs/fs/tga-koike-shanda2/sk/data/toys4k/official/toys4k_obj_files/deer_moose/deer_moose_049/mesh.obj,/gs/fs/tga-koike-shanda2/sk/data/toys4k/official/toys4k_point_clouds/deer_moose/deer_moose_049/pc10K.npz,/gs/fs/tga-koike-shanda2/sk/data/toys4k/renders/512/deer_moose/deer_moose_049/image.png
deer_moose_054,deer_moose,/gs/fs/tga-koike-shanda2/sk/data/toys4k/official/toys4k_obj_files/deer_moose/deer_moose_054/mesh.obj,/gs/fs/tga-koike-shanda2/sk/data/toys4k/official/toys4k_point_clouds/deer_moose/deer_moose_054/pc10K.npz,/gs/fs/tga-koike-shanda2/sk/data/toys4k/renders/512/deer_moose/deer_moose_054/image.png
dinosaur_001,dinosaur,/gs/fs/tga-koike-shanda2/sk/data/toys4k/official/toys4k_obj_files/dinosaur/dinosaur_001/mesh.obj,/gs/fs/tga-koike-shanda2/sk/data/toys4k/official/toys4k_point_clouds/dinosaur/dinosaur_001/pc10K.npz,/gs/fs/tga-koike-shanda2/sk/data/toys4k/renders/512/dinosaur/dinosaur_001/image.png
dinosaur_016,dinosaur,/gs/fs/tga-koike-shanda2/sk/data/toys4k/official/toys4k_obj_files/dinosaur/dinosaur_016/mesh.obj,/gs/fs/tga-koike-shanda2/sk/data/toys4k/official/toys4k_point_clouds/dinosaur/dinosaur_016/pc10K.npz,/gs/fs/tga-koike-shanda2/sk/data/toys4k/renders/512/dinosaur/dinosaur_016/image.png
dinosaur_034,dinosaur,/gs/fs/tga-koike-shanda2/sk/data/toys4k/official/toys4k_obj_files/dinosaur/dinosaur_034/mesh.obj,/gs/fs/tga-koike-shanda2/sk/data/toys4k/official/toys4k_point_clouds/dinosaur/dinosaur_034/pc10K.npz,/gs/fs/tga-koike-shanda2/sk/data/toys4k/renders/512/dinosaur/dinosaur_034/image.png
dinosaur_072,dinosaur,/gs/fs/tga-koike-shanda2/sk/data/toys4k/official/toys4k_obj_files/dinosaur/dinosaur_072/mesh.obj,/gs/fs/tga-koike-shanda2/sk/data/toys4k/official/toys4k_point_clouds/dinosaur/dinosaur_072/pc10K.npz,/gs/fs/tga-koike-shanda2/sk/data/toys4k/renders/512/dinosaur/dinosaur_072/image.png
dog_036,dog,/gs/fs/tga-koike-shanda2/sk/data/toys4k/official/toys4k_obj_files/dog/dog_036/mesh.obj,/gs/fs/tga-koike-shanda2/sk/data/toys4k/official/toys4k_point_clouds/dog/dog_036/pc10K.npz,/gs/fs/tga-koike-shanda2/sk/data/toys4k/renders/512/dog/dog_036/image.png
dog_072,dog,/gs/fs/tga-koike-shanda2/sk/data/toys4k/official/toys4k_obj_files/dog/dog_072/mesh.obj,/gs/fs/tga-koike-shanda2/sk/data/toys4k/official/toys4k_point_clouds/dog/dog_072/pc10K.npz,/gs/fs/tga-koike-shanda2/sk/data/toys4k/renders/512/dog/dog_072/image.png
dog_091,dog,/gs/fs/tga-koike-shanda2/sk/data/toys4k/official/toys4k_obj_files/dog/dog_091/mesh.obj,/gs/fs/tga-koike-shanda2/sk/data/toys4k/official/toys4k_point_clouds/dog/dog_091/pc10K.npz,/gs/fs/tga-koike-shanda2/sk/data/toys4k/renders/512/dog/dog_091/image.png
dog_102,dog,/gs/fs/tga-koike-shanda2/sk/data/toys4k/official/toys4k_obj_files/dog/dog_102/mesh.obj,/gs/fs/tga-koike-shanda2/sk/data/toys4k/official/toys4k_point_clouds/dog/dog_102/pc10K.npz,/gs/fs/tga-koike-shanda2/sk/data/toys4k/renders/512/dog/dog_102/image.png
dolphin_010,dolphin,/gs/fs/tga-koike-shanda2/sk/data/toys4k/official/toys4k_obj_files/dolphin/dolphin_010/mesh.obj,/gs/fs/tga-koike-shanda2/sk/data/toys4k/official/toys4k_point_clouds/dolphin/dolphin_010/pc10K.npz,/gs/fs/tga-koike-shanda2/sk/data/toys4k/renders/512/dolphin/dolphin_010/image.png
dolphin_011,dolphin,/gs/fs/tga-koike-shanda2/sk/data/toys4k/official/toys4k_obj_files/dolphin/dolphin_011/mesh.obj,/gs/fs/tga-koike-shanda2/sk/data/toys4k/official/toys4k_point_clouds/dolphin/dolphin_011/pc10K.npz,/gs/fs/tga-koike-shanda2/sk/data/toys4k/renders/512/dolphin/dolphin_011/image.png
dolphin_014,dolphin,/gs/fs/tga-koike-shanda2/sk/data/toys4k/official/toys4k_obj_files/dolphin/dolphin_014/mesh.obj,/gs/fs/tga-koike-shanda2/sk/data/toys4k/official/toys4k_point_clouds/dolphin/dolphin_014/pc10K.npz,/gs/fs/tga-koike-shanda2/sk/data/toys4k/renders/512/dolphin/dolphin_014/image.png
dolphin_021,dolphin,/gs/fs/tga-koike-shanda2/sk/data/toys4k/official/toys4k_obj_files/dolphin/dolphin_021/mesh.obj,/gs/fs/tga-koike-shanda2/sk/data/toys4k/official/toys4k_point_clouds/dolphin/dolphin_021/pc10K.npz,/gs/fs/tga-koike-shanda2/sk/data/toys4k/renders/512/dolphin/dolphin_021/image.png
donut_001,donut,/gs/fs/tga-koike-shanda2/sk/data/toys4k/official/toys4k_obj_files/donut/donut_001/mesh.obj,/gs/fs/tga-koike-shanda2/sk/data/toys4k/official/toys4k_point_clouds/donut/donut_001/pc10K.npz,/gs/fs/tga-koike-shanda2/sk/data/toys4k/renders/512/donut/donut_001/image.png
donut_011,donut,/gs/fs/tga-koike-shanda2/sk/data/toys4k/official/toys4k_obj_files/donut/donut_011/mesh.obj,/gs/fs/tga-koike-shanda2/sk/data/toys4k/official/toys4k_point_clouds/donut/donut_011/pc10K.npz,/gs/fs/tga-koike-shanda2/sk/data/toys4k/renders/512/donut/donut_011/image.png
donut_030,donut,/gs/fs/tga-koike-shanda2/sk/data/toys4k/official/toys4k_obj_files/donut/donut_030/mesh.obj,/gs/fs/tga-koike-shanda2/sk/data/toys4k/official/toys4k_point_clouds/donut/donut_030/pc10K.npz,/gs/fs/tga-koike-shanda2/sk/data/toys4k/renders/512/donut/donut_030/image.png
donut_033,donut,/gs/fs/tga-koike-shanda2/sk/data/toys4k/official/toys4k_obj_files/donut/donut_033/mesh.obj,/gs/fs/tga-koike-shanda2/sk/data/toys4k/official/toys4k_point_clouds/donut/donut_033/pc10K.npz,/gs/fs/tga-koike-shanda2/sk/data/toys4k/renders/512/donut/donut_033/image.png
dragon_006,dragon,/gs/fs/tga-koike-shanda2/sk/data/toys4k/official/toys4k_obj_files/dragon/dragon_006/mesh.obj,/gs/fs/tga-koike-shanda2/sk/data/toys4k/official/toys4k_point_clouds/dragon/dragon_006/pc10K.npz,/gs/fs/tga-koike-shanda2/sk/data/toys4k/renders/512/dragon/dragon_006/image.png
dragon_021,dragon,/gs/fs/tga-koike-shanda2/sk/data/toys4k/official/toys4k_obj_files/dragon/dragon_021/mesh.obj,/gs/fs/tga-koike-shanda2/sk/data/toys4k/official/toys4k_point_clouds/dragon/dragon_021/pc10K.npz,/gs/fs/tga-koike-shanda2/sk/data/toys4k/renders/512/dragon/dragon_021/image.png
dragon_034,dragon,/gs/fs/tga-koike-shanda2/sk/data/toys4k/official/toys4k_obj_files/dragon/dragon_034/mesh.obj,/gs/fs/tga-koike-shanda2/sk/data/toys4k/official/toys4k_point_clouds/dragon/dragon_034/pc10K.npz,/gs/fs/tga-koike-shanda2/sk/data/toys4k/renders/512/dragon/dragon_034/image.png
dragon_042,dragon,/gs/fs/tga-koike-shanda2/sk/data/toys4k/official/toys4k_obj_files/dragon/dragon_042/mesh.obj,/gs/fs/tga-koike-shanda2/sk/data/toys4k/official/toys4k_point_clouds/dragon/dragon_042/pc10K.npz,/gs/fs/tga-koike-shanda2/sk/data/toys4k/renders/512/dragon/dragon_042/image.png
drum_004,drum,/gs/fs/tga-koike-shanda2/sk/data/toys4k/official/toys4k_obj_files/drum/drum_004/mesh.obj,/gs/fs/tga-koike-shanda2/sk/data/toys4k/official/toys4k_point_clouds/drum/drum_004/pc10K.npz,/gs/fs/tga-koike-shanda2/sk/data/toys4k/renders/512/drum/drum_004/image.png
drum_006,drum,/gs/fs/tga-koike-shanda2/sk/data/toys4k/official/toys4k_obj_files/drum/drum_006/mesh.obj,/gs/fs/tga-koike-shanda2/sk/data/toys4k/official/toys4k_point_clouds/drum/drum_006/pc10K.npz,/gs/fs/tga-koike-shanda2/sk/data/toys4k/renders/512/drum/drum_006/image.png
drum_016,drum,/gs/fs/tga-koike-shanda2/sk/data/toys4k/official/toys4k_obj_files/drum/drum_016/mesh.obj,/gs/fs/tga-koike-shanda2/sk/data/toys4k/official/toys4k_point_clouds/drum/drum_016/pc10K.npz,/gs/fs/tga-koike-shanda2/sk/data/toys4k/renders/512/drum/drum_016/image.png
drum_020,drum,/gs/fs/tga-koike-shanda2/sk/data/toys4k/official/toys4k_obj_files/drum/drum_020/mesh.obj,/gs/fs/tga-koike-shanda2/sk/data/toys4k/official/toys4k_point_clouds/drum/drum_020/pc10K.npz,/gs/fs/tga-koike-shanda2/sk/data/toys4k/renders/512/drum/drum_020/image.png
elephant_000,elephant,/gs/fs/tga-koike-shanda2/sk/data/toys4k/official/toys4k_obj_files/elephant/elephant_000/mesh.obj,/gs/fs/tga-koike-shanda2/sk/data/toys4k/official/toys4k_point_clouds/elephant/elephant_000/pc10K.npz,/gs/fs/tga-koike-shanda2/sk/data/toys4k/renders/512/elephant/elephant_000/image.png
elephant_011,elephant,/gs/fs/tga-koike-shanda2/sk/data/toys4k/official/toys4k_obj_files/elephant/elephant_011/mesh.obj,/gs/fs/tga-koike-shanda2/sk/data/toys4k/official/toys4k_point_clouds/elephant/elephant_011/pc10K.npz,/gs/fs/tga-koike-shanda2/sk/data/toys4k/renders/512/elephant/elephant_011/image.png
elephant_034,elephant,/gs/fs/tga-koike-shanda2/sk/data/toys4k/official/toys4k_obj_files/elephant/elephant_034/mesh.obj,/gs/fs/tga-koike-shanda2/sk/data/toys4k/official/toys4k_point_clouds/elephant/elephant_034/pc10K.npz,/gs/fs/tga-koike-shanda2/sk/data/toys4k/renders/512/elephant/elephant_034/image.png
elephant_035,elephant,/gs/fs/tga-koike-shanda2/sk/data/toys4k/official/toys4k_obj_files/elephant/elephant_035/mesh.obj,/gs/fs/tga-koike-shanda2/sk/data/toys4k/official/toys4k_point_clouds/elephant/elephant_035/pc10K.npz,/gs/fs/tga-koike-shanda2/sk/data/toys4k/renders/512/elephant/elephant_035/image.png
fan_000,fan,/gs/fs/tga-koike-shanda2/sk/data/toys4k/official/toys4k_obj_files/fan/fan_000/mesh.obj,/gs/fs/tga-koike-shanda2/sk/data/toys4k/official/toys4k_point_clouds/fan/fan_000/pc10K.npz,/gs/fs/tga-koike-shanda2/sk/data/toys4k/renders/512/fan/fan_000/image.png
fan_004,fan,/gs/fs/tga-koike-shanda2/sk/data/toys4k/official/toys4k_obj_files/fan/fan_004/mesh.obj,/gs/fs/tga-koike-shanda2/sk/data/toys4k/official/toys4k_point_clouds/fan/fan_004/pc10K.npz,/gs/fs/tga-koike-shanda2/sk/data/toys4k/renders/512/fan/fan_004/image.png
fan_011,fan,/gs/fs/tga-koike-shanda2/sk/data/toys4k/official/toys4k_obj_files/fan/fan_011/mesh.obj,/gs/fs/tga-koike-shanda2/sk/data/toys4k/official/toys4k_point_clouds/fan/fan_011/pc10K.npz,/gs/fs/tga-koike-shanda2/sk/data/toys4k/renders/512/fan/fan_011/image.png
fan_016,fan,/gs/fs/tga-koike-shanda2/sk/data/toys4k/official/toys4k_obj_files/fan/fan_016/mesh.obj,/gs/fs/tga-koike-shanda2/sk/data/toys4k/official/toys4k_point_clouds/fan/fan_016/pc10K.npz,/gs/fs/tga-koike-shanda2/sk/data/toys4k/renders/512/fan/fan_016/image.png
fish_003,fish,/gs/fs/tga-koike-shanda2/sk/data/toys4k/official/toys4k_obj_files/fish/fish_003/mesh.obj,/gs/fs/tga-koike-shanda2/sk/data/toys4k/official/toys4k_point_clouds/fish/fish_003/pc10K.npz,/gs/fs/tga-koike-shanda2/sk/data/toys4k/renders/512/fish/fish_003/image.png
fish_015,fish,/gs/fs/tga-koike-shanda2/sk/data/toys4k/official/toys4k_obj_files/fish/fish_015/mesh.obj,/gs/fs/tga-koike-shanda2/sk/data/toys4k/official/toys4k_point_clouds/fish/fish_015/pc10K.npz,/gs/fs/tga-koike-shanda2/sk/data/toys4k/renders/512/fish/fish_015/image.png
fish_023,fish,/gs/fs/tga-koike-shanda2/sk/data/toys4k/official/toys4k_obj_files/fish/fish_023/mesh.obj,/gs/fs/tga-koike-shanda2/sk/data/toys4k/official/toys4k_point_clouds/fish/fish_023/pc10K.npz,/gs/fs/tga-koike-shanda2/sk/data/toys4k/renders/512/fish/fish_023/image.png
fish_036,fish,/gs/fs/tga-koike-shanda2/sk/data/toys4k/official/toys4k_obj_files/fish/fish_036/mesh.obj,/gs/fs/tga-koike-shanda2/sk/data/toys4k/official/toys4k_point_clouds/fish/fish_036/pc10K.npz,/gs/fs/tga-koike-shanda2/sk/data/toys4k/renders/512/fish/fish_036/image.png
flower_004,flower,/gs/fs/tga-koike-shanda2/sk/data/toys4k/official/toys4k_obj_files/flower/flower_004/mesh.obj,/gs/fs/tga-koike-shanda2/sk/data/toys4k/official/toys4k_point_clouds/flower/flower_004/pc10K.npz,/gs/fs/tga-koike-shanda2/sk/data/toys4k/renders/512/flower/flower_004/image.png
flower_032,flower,/gs/fs/tga-koike-shanda2/sk/data/toys4k/official/toys4k_obj_files/flower/flower_032/mesh.obj,/gs/fs/tga-koike-shanda2/sk/data/toys4k/official/toys4k_point_clouds/flower/flower_032/pc10K.npz,/gs/fs/tga-koike-shanda2/sk/data/toys4k/renders/512/flower/flower_032/image.png
flower_047,flower,/gs/fs/tga-koike-shanda2/sk/data/toys4k/official/toys4k_obj_files/flower/flower_047/mesh.obj,/gs/fs/tga-koike-shanda2/sk/data/toys4k/official/toys4k_point_clouds/flower/flower_047/pc10K.npz,/gs/fs/tga-koike-shanda2/sk/data/toys4k/renders/512/flower/flower_047/image.png
flower_053,flower,/gs/fs/tga-koike-shanda2/sk/data/toys4k/official/toys4k_obj_files/flower/flower_053/mesh.obj,/gs/fs/tga-koike-shanda2/sk/data/toys4k/official/toys4k_point_clouds/flower/flower_053/pc10K.npz,/gs/fs/tga-koike-shanda2/sk/data/toys4k/renders/512/flower/flower_053/image.png
fox_009,fox,/gs/fs/tga-koike-shanda2/sk/data/toys4k/official/toys4k_obj_files/fox/fox_009/mesh.obj,/gs/fs/tga-koike-shanda2/sk/data/toys4k/official/toys4k_point_clouds/fox/fox_009/pc10K.npz,/gs/fs/tga-koike-shanda2/sk/data/toys4k/renders/512/fox/fox_009/image.png
fox_035,fox,/gs/fs/tga-koike-shanda2/sk/data/toys4k/official/toys4k_obj_files/fox/fox_035/mesh.obj,/gs/fs/tga-koike-shanda2/sk/data/toys4k/official/toys4k_point_clouds/fox/fox_035/pc10K.npz,/gs/fs/tga-koike-shanda2/sk/data/toys4k/renders/512/fox/fox_035/image.png
fox_049,fox,/gs/fs/tga-koike-shanda2/sk/data/toys4k/official/toys4k_obj_files/fox/fox_049/mesh.obj,/gs/fs/tga-koike-shanda2/sk/data/toys4k/official/toys4k_point_clouds/fox/fox_049/pc10K.npz,/gs/fs/tga-koike-shanda2/sk/data/toys4k/renders/512/fox/fox_049/image.png
fox_050,fox,/gs/fs/tga-koike-shanda2/sk/data/toys4k/official/toys4k_obj_files/fox/fox_050/mesh.obj,/gs/fs/tga-koike-shanda2/sk/data/toys4k/official/toys4k_point_clouds/fox/fox_050/pc10K.npz,/gs/fs/tga-koike-shanda2/sk/data/toys4k/renders/512/fox/fox_050/image.png
fridge_004,fridge,/gs/fs/tga-koike-shanda2/sk/data/toys4k/official/toys4k_obj_files/fridge/fridge_004/mesh.obj,/gs/fs/tga-koike-shanda2/sk/data/toys4k/official/toys4k_point_clouds/fridge/fridge_004/pc10K.npz,/gs/fs/tga-koike-shanda2/sk/data/toys4k/renders/512/fridge/fridge_004/image.png
fridge_005,fridge,/gs/fs/tga-koike-shanda2/sk/data/toys4k/official/toys4k_obj_files/fridge/fridge_005/mesh.obj,/gs/fs/tga-koike-shanda2/sk/data/toys4k/official/toys4k_point_clouds/fridge/fridge_005/pc10K.npz,/gs/fs/tga-koike-shanda2/sk/data/toys4k/renders/512/fridge/fridge_005/image.png
fridge_015,fridge,/gs/fs/tga-koike-shanda2/sk/data/toys4k/official/toys4k_obj_files/fridge/fridge_015/mesh.obj,/gs/fs/tga-koike-shanda2/sk/data/toys4k/official/toys4k_point_clouds/fridge/fridge_015/pc10K.npz,/gs/fs/tga-koike-shanda2/sk/data/toys4k/renders/512/fridge/fridge_015/image.png
fridge_021,fridge,/gs/fs/tga-koike-shanda2/sk/data/toys4k/official/toys4k_obj_files/fridge/fridge_021/mesh.obj,/gs/fs/tga-koike-shanda2/sk/data/toys4k/official/toys4k_point_clouds/fridge/fridge_021/pc10K.npz,/gs/fs/tga-koike-shanda2/sk/data/toys4k/renders/512/fridge/fridge_021/image.png
fries_003,fries,/gs/fs/tga-koike-shanda2/sk/data/toys4k/official/toys4k_obj_files/fries/fries_003/mesh.obj,/gs/fs/tga-koike-shanda2/sk/data/toys4k/official/toys4k_point_clouds/fries/fries_003/pc10K.npz,/gs/fs/tga-koike-shanda2/sk/data/toys4k/renders/512/fries/fries_003/image.png
fries_004,fries,/gs/fs/tga-koike-shanda2/sk/data/toys4k/official/toys4k_obj_files/fries/fries_004/mesh.obj,/gs/fs/tga-koike-shanda2/sk/data/toys4k/official/toys4k_point_clouds/fries/fries_004/pc10K.npz,/gs/fs/tga-koike-shanda2/sk/data/toys4k/renders/512/fries/fries_004/image.png
fries_006,fries,/gs/fs/tga-koike-shanda2/sk/data/toys4k/official/toys4k_obj_files/fries/fries_006/mesh.obj,/gs/fs/tga-koike-shanda2/sk/data/toys4k/official/toys4k_point_clouds/fries/fries_006/pc10K.npz,/gs/fs/tga-koike-shanda2/sk/data/toys4k/renders/512/fries/fries_006/image.png
fries_009,fries,/gs/fs/tga-koike-shanda2/sk/data/toys4k/official/toys4k_obj_files/fries/fries_009/mesh.obj,/gs/fs/tga-koike-shanda2/sk/data/toys4k/official/toys4k_point_clouds/fries/fries_009/pc10K.npz,/gs/fs/tga-koike-shanda2/sk/data/toys4k/renders/512/fries/fries_009/image.png
frog_012,frog,/gs/fs/tga-koike-shanda2/sk/data/toys4k/official/toys4k_obj_files/frog/frog_012/mesh.obj,/gs/fs/tga-koike-shanda2/sk/data/toys4k/official/toys4k_point_clouds/frog/frog_012/pc10K.npz,/gs/fs/tga-koike-shanda2/sk/data/toys4k/renders/512/frog/frog_012/image.png
frog_019,frog,/gs/fs/tga-koike-shanda2/sk/data/toys4k/official/toys4k_obj_files/frog/frog_019/mesh.obj,/gs/fs/tga-koike-shanda2/sk/data/toys4k/official/toys4k_point_clouds/frog/frog_019/pc10K.npz,/gs/fs/tga-koike-shanda2/sk/data/toys4k/renders/512/frog/frog_019/image.png
frog_023,frog,/gs/fs/tga-koike-shanda2/sk/data/toys4k/official/toys4k_obj_files/frog/frog_023/mesh.obj,/gs/fs/tga-koike-shanda2/sk/data/toys4k/official/toys4k_point_clouds/frog/frog_023/pc10K.npz,/gs/fs/tga-koike-shanda2/sk/data/toys4k/renders/512/frog/frog_023/image.png
frog_025,frog,/gs/fs/tga-koike-shanda2/sk/data/toys4k/official/toys4k_obj_files/frog/frog_025/mesh.obj,/gs/fs/tga-koike-shanda2/sk/data/toys4k/official/toys4k_point_clouds/frog/frog_025/pc10K.npz,/gs/fs/tga-koike-shanda2/sk/data/toys4k/renders/512/frog/frog_025/image.png
giraffe_001,giraffe,/gs/fs/tga-koike-shanda2/sk/data/toys4k/official/toys4k_obj_files/giraffe/giraffe_001/mesh.obj,/gs/fs/tga-koike-shanda2/sk/data/toys4k/official/toys4k_point_clouds/giraffe/giraffe_001/pc10K.npz,/gs/fs/tga-koike-shanda2/sk/data/toys4k/renders/512/giraffe/giraffe_001/image.png
giraffe_003,giraffe,/gs/fs/tga-koike-shanda2/sk/data/toys4k/official/toys4k_obj_files/giraffe/giraffe_003/mesh.obj,/gs/fs/tga-koike-shanda2/sk/data/toys4k/official/toys4k_point_clouds/giraffe/giraffe_003/pc10K.npz,/gs/fs/tga-koike-shanda2/sk/data/toys4k/renders/512/giraffe/giraffe_003/image.png
giraffe_007,giraffe,/gs/fs/tga-koike-shanda2/sk/data/toys4k/official/toys4k_obj_files/giraffe/giraffe_007/mesh.obj,/gs/fs/tga-koike-shanda2/sk/data/toys4k/official/toys4k_point_clouds/giraffe/giraffe_007/pc10K.npz,/gs/fs/tga-koike-shanda2/sk/data/toys4k/renders/512/giraffe/giraffe_007/image.png
giraffe_008,giraffe,/gs/fs/tga-koike-shanda2/sk/data/toys4k/official/toys4k_obj_files/giraffe/giraffe_008/mesh.obj,/gs/fs/tga-koike-shanda2/sk/data/toys4k/official/toys4k_point_clouds/giraffe/giraffe_008/pc10K.npz,/gs/fs/tga-koike-shanda2/sk/data/toys4k/renders/512/giraffe/giraffe_008/image.png
glass_002,glass,/gs/fs/tga-koike-shanda2/sk/data/toys4k/official/toys4k_obj_files/glass/glass_002/mesh.obj,/gs/fs/tga-koike-shanda2/sk/data/toys4k/official/toys4k_point_clouds/glass/glass_002/pc10K.npz,/gs/fs/tga-koike-shanda2/sk/data/toys4k/renders/512/glass/glass_002/image.png
glass_005,glass,/gs/fs/tga-koike-shanda2/sk/data/toys4k/official/toys4k_obj_files/glass/glass_005/mesh.obj,/gs/fs/tga-koike-shanda2/sk/data/toys4k/official/toys4k_point_clouds/glass/glass_005/pc10K.npz,/gs/fs/tga-koike-shanda2/sk/data/toys4k/renders/512/glass/glass_005/image.png
glass_016,glass,/gs/fs/tga-koike-shanda2/sk/data/toys4k/official/toys4k_obj_files/glass/glass_016/mesh.obj,/gs/fs/tga-koike-shanda2/sk/data/toys4k/official/toys4k_point_clouds/glass/glass_016/pc10K.npz,/gs/fs/tga-koike-shanda2/sk/data/toys4k/renders/512/glass/glass_016/image.png
glass_025,glass,/gs/fs/tga-koike-shanda2/sk/data/toys4k/official/toys4k_obj_files/glass/glass_025/mesh.obj,/gs/fs/tga-koike-shanda2/sk/data/toys4k/official/toys4k_point_clouds/glass/glass_025/pc10K.npz,/gs/fs/tga-koike-shanda2/sk/data/toys4k/renders/512/glass/glass_025/image.png
grapes_000,grapes,/gs/fs/tga-koike-shanda2/sk/data/toys4k/official/toys4k_obj_files/grapes/grapes_000/mesh.obj,/gs/fs/tga-koike-shanda2/sk/data/toys4k/official/toys4k_point_clouds/grapes/grapes_000/pc10K.npz,/gs/fs/tga-koike-shanda2/sk/data/toys4k/renders/512/grapes/grapes_000/image.png
grapes_001,grapes,/gs/fs/tga-koike-shanda2/sk/data/toys4k/official/toys4k_obj_files/grapes/grapes_001/mesh.obj,/gs/fs/tga-koike-shanda2/sk/data/toys4k/official/toys4k_point_clouds/grapes/grapes_001/pc10K.npz,/gs/fs/tga-koike-shanda2/sk/data/toys4k/renders/512/grapes/grapes_001/image.png
grapes_003,grapes,/gs/fs/tga-koike-shanda2/sk/data/toys4k/official/toys4k_obj_files/grapes/grapes_003/mesh.obj,/gs/fs/tga-koike-shanda2/sk/data/toys4k/official/toys4k_point_clouds/grapes/grapes_003/pc10K.npz,/gs/fs/tga-koike-shanda2/sk/data/toys4k/renders/512/grapes/grapes_003/image.png
grapes_007,grapes,/gs/fs/tga-koike-shanda2/sk/data/toys4k/official/toys4k_obj_files/grapes/grapes_007/mesh.obj,/gs/fs/tga-koike-shanda2/sk/data/toys4k/official/toys4k_point_clouds/grapes/grapes_007/pc10K.npz,/gs/fs/tga-koike-shanda2/sk/data/toys4k/renders/512/grapes/grapes_007/image.png
guitar_004,guitar,/gs/fs/tga-koike-shanda2/sk/data/toys4k/official/toys4k_obj_files/guitar/guitar_004/mesh.obj,/gs/fs/tga-koike-shanda2/sk/data/toys4k/official/toys4k_point_clouds/guitar/guitar_004/pc10K.npz,/gs/fs/tga-koike-shanda2/sk/data/toys4k/renders/512/guitar/guitar_004/image.png
guitar_015,guitar,/gs/fs/tga-koike-shanda2/sk/data/toys4k/official/toys4k_obj_files/guitar/guitar_015/mesh.obj,/gs/fs/tga-koike-shanda2/sk/data/toys4k/official/toys4k_point_clouds/guitar/guitar_015/pc10K.npz,/gs/fs/tga-koike-shanda2/sk/data/toys4k/renders/512/guitar/guitar_015/image.png
guitar_041,guitar,/gs/fs/tga-koike-shanda2/sk/data/toys4k/official/toys4k_obj_files/guitar/guitar_041/mesh.obj,/gs/fs/tga-koike-shanda2/sk/data/toys4k/official/toys4k_point_clouds/guitar/guitar_041/pc10K.npz,/gs/fs/tga-koike-shanda2/sk/data/toys4k/renders/512/guitar/guitar_041/image.png
guitar_046,guitar,/gs/fs/tga-koike-shanda2/sk/data/toys4k/official/toys4k_obj_files/guitar/guitar_046/mesh.obj,/gs/fs/tga-koike-shanda2/sk/data/toys4k/official/toys4k_point_clouds/guitar/guitar_046/pc10K.npz,/gs/fs/tga-koike-shanda2/sk/data/toys4k/renders/512/guitar/guitar_046/image.png
hamburger_001,hamburger,/gs/fs/tga-koike-shanda2/sk/data/toys4k/official/toys4k_obj_files/hamburger/hamburger_001/mesh.obj,/gs/fs/tga-koike-shanda2/sk/data/toys4k/official/toys4k_point_clouds/hamburger/hamburger_001/pc10K.npz,/gs/fs/tga-koike-shanda2/sk/data/toys4k/renders/512/hamburger/hamburger_001/image.png
hamburger_006,hamburger,/gs/fs/tga-koike-shanda2/sk/data/toys4k/official/toys4k_obj_files/hamburger/hamburger_006/mesh.obj,/gs/fs/tga-koike-shanda2/sk/data/toys4k/official/toys4k_point_clouds/hamburger/hamburger_006/pc10K.npz,/gs/fs/tga-koike-shanda2/sk/data/toys4k/renders/512/hamburger/hamburger_006/image.png
hamburger_009,hamburger,/gs/fs/tga-koike-shanda2/sk/data/toys4k/official/toys4k_obj_files/hamburger/hamburger_009/mesh.obj,/gs/fs/tga-koike-shanda2/sk/data/toys4k/official/toys4k_point_clouds/hamburger/hamburger_009/pc10K.npz,/gs/fs/tga-koike-shanda2/sk/data/toys4k/renders/512/hamburger/hamburger_009/image.png
hamburger_015,hamburger,/gs/fs/tga-koike-shanda2/sk/data/toys4k/official/toys4k_obj_files/hamburger/hamburger_015/mesh.obj,/gs/fs/tga-koike-shanda2/sk/data/toys4k/official/toys4k_point_clouds/hamburger/hamburger_015/pc10K.npz,/gs/fs/tga-koike-shanda2/sk/data/toys4k/renders/512/hamburger/hamburger_015/image.png
hammer_031,hammer,/gs/fs/tga-koike-shanda2/sk/data/toys4k/official/toys4k_obj_files/hammer/hammer_031/mesh.obj,/gs/fs/tga-koike-shanda2/sk/data/toys4k/official/toys4k_point_clouds/hammer/hammer_031/pc10K.npz,/gs/fs/tga-koike-shanda2/sk/data/toys4k/renders/512/hammer/hammer_031/image.png
hammer_036,hammer,/gs/fs/tga-koike-shanda2/sk/data/toys4k/official/toys4k_obj_files/hammer/hammer_036/mesh.obj,/gs/fs/tga-koike-shanda2/sk/data/toys4k/official/toys4k_point_clouds/hammer/hammer_036/pc10K.npz,/gs/fs/tga-koike-shanda2/sk/data/toys4k/renders/512/hammer/hammer_036/image.png
hammer_065,hammer,/gs/fs/tga-koike-shanda2/sk/data/toys4k/official/toys4k_obj_files/hammer/hammer_065/mesh.obj,/gs/fs/tga-koike-shanda2/sk/data/toys4k/official/toys4k_point_clouds/hammer/hammer_065/pc10K.npz,/gs/fs/tga-koike-shanda2/sk/data/toys4k/renders/512/hammer/hammer_065/image.png
hammer_088,hammer,/gs/fs/tga-koike-shanda2/sk/data/toys4k/official/toys4k_obj_files/hammer/hammer_088/mesh.obj,/gs/fs/tga-koike-shanda2/sk/data/toys4k/official/toys4k_point_clouds/hammer/hammer_088/pc10K.npz,/gs/fs/tga-koike-shanda2/sk/data/toys4k/renders/512/hammer/hammer_088/image.png
hat_008,hat,/gs/fs/tga-koike-shanda2/sk/data/toys4k/official/toys4k_obj_files/hat/hat_008/mesh.obj,/gs/fs/tga-koike-shanda2/sk/data/toys4k/official/toys4k_point_clouds/hat/hat_008/pc10K.npz,/gs/fs/tga-koike-shanda2/sk/data/toys4k/renders/512/hat/hat_008/image.png
hat_047,hat,/gs/fs/tga-koike-shanda2/sk/data/toys4k/official/toys4k_obj_files/hat/hat_047/mesh.obj,/gs/fs/tga-koike-shanda2/sk/data/toys4k/official/toys4k_point_clouds/hat/hat_047/pc10K.npz,/gs/fs/tga-koike-shanda2/sk/data/toys4k/renders/512/hat/hat_047/image.png
hat_057,hat,/gs/fs/tga-koike-shanda2/sk/data/toys4k/official/toys4k_obj_files/hat/hat_057/mesh.obj,/gs/fs/tga-koike-shanda2/sk/data/toys4k/official/toys4k_point_clouds/hat/hat_057/pc10K.npz,/gs/fs/tga-koike-shanda2/sk/data/toys4k/renders/512/hat/hat_057/image.png
hat_060,hat,/gs/fs/tga-koike-shanda2/sk/data/toys4k/official/toys4k_obj_files/hat/hat_060/mesh.obj,/gs/fs/tga-koike-shanda2/sk/data/toys4k/official/toys4k_point_clouds/hat/hat_060/pc10K.npz,/gs/fs/tga-koike-shanda2/sk/data/toys4k/renders/512/hat/hat_060/image.png
helicopter_007,helicopter,/gs/fs/tga-koike-shanda2/sk/data/toys4k/official/toys4k_obj_files/helicopter/helicopter_007/mesh.obj,/gs/fs/tga-koike-shanda2/sk/data/toys4k/official/toys4k_point_clouds/helicopter/helicopter_007/pc10K.npz,/gs/fs/tga-koike-shanda2/sk/data/toys4k/renders/512/helicopter/helicopter_007/image.png
helicopter_017,helicopter,/gs/fs/tga-koike-shanda2/sk/data/toys4k/official/toys4k_obj_files/helicopter/helicopter_017/mesh.obj,/gs/fs/tga-koike-shanda2/sk/data/toys4k/official/toys4k_point_clouds/helicopter/helicopter_017/pc10K.npz,/gs/fs/tga-koike-shanda2/sk/data/toys4k/renders/512/helicopter/helicopter_017/image.png
helicopter_018,helicopter,/gs/fs/tga-koike-shanda2/sk/data/toys4k/official/toys4k_obj_files/helicopter/helicopter_018/mesh.obj,/gs/fs/tga-koike-shanda2/sk/data/toys4k/official/toys4k_point_clouds/helicopter/helicopter_018/pc10K.npz,/gs/fs/tga-koike-shanda2/sk/data/toys4k/renders/512/helicopter/helicopter_018/image.png
helicopter_019,helicopter,/gs/fs/tga-koike-shanda2/sk/data/toys4k/official/toys4k_obj_files/helicopter/helicopter_019/mesh.obj,/gs/fs/tga-koike-shanda2/sk/data/toys4k/official/toys4k_point_clouds/helicopter/helicopter_019/pc10K.npz,/gs/fs/tga-koike-shanda2/sk/data/toys4k/renders/512/helicopter/helicopter_019/image.png
helmet_001,helmet,/gs/fs/tga-koike-shanda2/sk/data/toys4k/official/toys4k_obj_files/helmet/helmet_001/mesh.obj,/gs/fs/tga-koike-shanda2/sk/data/toys4k/official/toys4k_point_clouds/helmet/helmet_001/pc10K.npz,/gs/fs/tga-koike-shanda2/sk/data/toys4k/renders/512/helmet/helmet_001/image.png
helmet_006,helmet,/gs/fs/tga-koike-shanda2/sk/data/toys4k/official/toys4k_obj_files/helmet/helmet_006/mesh.obj,/gs/fs/tga-koike-shanda2/sk/data/toys4k/official/toys4k_point_clouds/helmet/helmet_006/pc10K.npz,/gs/fs/tga-koike-shanda2/sk/data/toys4k/renders/512/helmet/helmet_006/image.png
helmet_010,helmet,/gs/fs/tga-koike-shanda2/sk/data/toys4k/official/toys4k_obj_files/helmet/helmet_010/mesh.obj,/gs/fs/tga-koike-shanda2/sk/data/toys4k/official/toys4k_point_clouds/helmet/helmet_010/pc10K.npz,/gs/fs/tga-koike-shanda2/sk/data/toys4k/renders/512/helmet/helmet_010/image.png
helmet_014,helmet,/gs/fs/tga-koike-shanda2/sk/data/toys4k/official/toys4k_obj_files/helmet/helmet_014/mesh.obj,/gs/fs/tga-koike-shanda2/sk/data/toys4k/official/toys4k_point_clouds/helmet/helmet_014/pc10K.npz,/gs/fs/tga-koike-shanda2/sk/data/toys4k/renders/512/helmet/helmet_014/image.png
horse_004,horse,/gs/fs/tga-koike-shanda2/sk/data/toys4k/official/toys4k_obj_files/horse/horse_004/mesh.obj,/gs/fs/tga-koike-shanda2/sk/data/toys4k/official/toys4k_point_clouds/horse/horse_004/pc10K.npz,/gs/fs/tga-koike-shanda2/sk/data/toys4k/renders/512/horse/horse_004/image.png
horse_023,horse,/gs/fs/tga-koike-shanda2/sk/data/toys4k/official/toys4k_obj_files/horse/horse_023/mesh.obj,/gs/fs/tga-koike-shanda2/sk/data/toys4k/official/toys4k_point_clouds/horse/horse_023/pc10K.npz,/gs/fs/tga-koike-shanda2/sk/data/toys4k/renders/512/horse/horse_023/image.png
horse_028,horse,/gs/fs/tga-koike-shanda2/sk/data/toys4k/official/toys4k_obj_files/horse/horse_028/mesh.obj,/gs/fs/tga-koike-shanda2/sk/data/toys4k/official/toys4k_point_clouds/horse/horse_028/pc10K.npz,/gs/fs/tga-koike-shanda2/sk/data/toys4k/renders/512/horse/horse_028/image.png
horse_030,horse,/gs/fs/tga-koike-shanda2/sk/data/toys4k/official/toys4k_obj_files/horse/horse_030/mesh.obj,/gs/fs/tga-koike-shanda2/sk/data/toys4k/official/toys4k_point_clouds/horse/horse_030/pc10K.npz,/gs/fs/tga-koike-shanda2/sk/data/toys4k/renders/512/horse/horse_030/image.png
ice_cream_006,ice_cream,/gs/fs/tga-koike-shanda2/sk/data/toys4k/official/toys4k_obj_files/ice_cream/ice_cream_006/mesh.obj,/gs/fs/tga-koike-shanda2/sk/data/toys4k/official/toys4k_point_clouds/ice_cream/ice_cream_006/pc10K.npz,/gs/fs/tga-koike-shanda2/sk/data/toys4k/renders/512/ice_cream/ice_cream_006/image.png
ice_cream_015,ice_cream,/gs/fs/tga-koike-shanda2/sk/data/toys4k/official/toys4k_obj_files/ice_cream/ice_cream_015/mesh.obj,/gs/fs/tga-koike-shanda2/sk/data/toys4k/official/toys4k_point_clouds/ice_cream/ice_cream_015/pc10K.npz,/gs/fs/tga-koike-shanda2/sk/data/toys4k/renders/512/ice_cream/ice_cream_015/image.png
ice_cream_021,ice_cream,/gs/fs/tga-koike-shanda2/sk/data/toys4k/official/toys4k_obj_files/ice_cream/ice_cream_021/mesh.obj,/gs/fs/tga-koike-shanda2/sk/data/toys4k/official/toys4k_point_clouds/ice_cream/ice_cream_021/pc10K.npz,/gs/fs/tga-koike-shanda2/sk/data/toys4k/renders/512/ice_cream/ice_cream_021/image.png
ice_cream_026,ice_cream,/gs/fs/tga-koike-shanda2/sk/data/toys4k/official/toys4k_obj_files/ice_cream/ice_cream_026/mesh.obj,/gs/fs/tga-koike-shanda2/sk/data/toys4k/official/toys4k_point_clouds/ice_cream/ice_cream_026/pc10K.npz,/gs/fs/tga-koike-shanda2/sk/data/toys4k/renders/512/ice_cream/ice_cream_026/image.png
key_010,key,/gs/fs/tga-koike-shanda2/sk/data/toys4k/official/toys4k_obj_files/key/key_010/mesh.obj,/gs/fs/tga-koike-shanda2/sk/data/toys4k/official/toys4k_point_clouds/key/key_010/pc10K.npz,/gs/fs/tga-koike-shanda2/sk/data/toys4k/renders/512/key/key_010/image.png
key_014,key,/gs/fs/tga-koike-shanda2/sk/data/toys4k/official/toys4k_obj_files/key/key_014/mesh.obj,/gs/fs/tga-koike-shanda2/sk/data/toys4k/official/toys4k_point_clouds/key/key_014/pc10K.npz,/gs/fs/tga-koike-shanda2/sk/data/toys4k/renders/512/key/key_014/image.png
key_029,key,/gs/fs/tga-koike-shanda2/sk/data/toys4k/official/toys4k_obj_files/key/key_029/mesh.obj,/gs/fs/tga-koike-shanda2/sk/data/toys4k/official/toys4k_point_clouds/key/key_029/pc10K.npz,/gs/fs/tga-koike-shanda2/sk/data/toys4k/renders/512/key/key_029/image.png
key_030,key,/gs/fs/tga-koike-shanda2/sk/data/toys4k/official/toys4k_obj_files/key/key_030/mesh.obj,/gs/fs/tga-koike-shanda2/sk/data/toys4k/official/toys4k_point_clouds/key/key_030/pc10K.npz,/gs/fs/tga-koike-shanda2/sk/data/toys4k/renders/512/key/key_030/image.png
keyboard_006,keyboard,/gs/fs/tga-koike-shanda2/sk/data/toys4k/official/toys4k_obj_files/keyboard/keyboard_006/mesh.obj,/gs/fs/tga-koike-shanda2/sk/data/toys4k/official/toys4k_point_clouds/keyboard/keyboard_006/pc10K.npz,/gs/fs/tga-koike-shanda2/sk/data/toys4k/renders/512/keyboard/keyboard_006/image.png
keyboard_018,keyboard,/gs/fs/tga-koike-shanda2/sk/data/toys4k/official/toys4k_obj_files/keyboard/keyboard_018/mesh.obj,/gs/fs/tga-koike-shanda2/sk/data/toys4k/official/toys4k_point_clouds/keyboard/keyboard_018/pc10K.npz,/gs/fs/tga-koike-shanda2/sk/data/toys4k/renders/512/keyboard/keyboard_018/image.png
keyboard_020,keyboard,/gs/fs/tga-koike-shanda2/sk/data/toys4k/official/toys4k_obj_files/keyboard/keyboard_020/mesh.obj,/gs/fs/tga-koike-shanda2/sk/data/toys4k/official/toys4k_point_clouds/keyboard/keyboard_020/pc10K.npz,/gs/fs/tga-koike-shanda2/sk/data/toys4k/renders/512/keyboard/keyboard_020/image.png
keyboard_033,keyboard,/gs/fs/tga-koike-shanda2/sk/data/toys4k/official/toys4k_obj_files/keyboard/keyboard_033/mesh.obj,/gs/fs/tga-koike-shanda2/sk/data/toys4k/official/toys4k_point_clouds/keyboard/keyboard_033/pc10K.npz,/gs/fs/tga-koike-shanda2/sk/data/toys4k/renders/512/keyboard/keyboard_033/image.png
knife_006,knife,/gs/fs/tga-koike-shanda2/sk/data/toys4k/official/toys4k_obj_files/knife/knife_006/mesh.obj,/gs/fs/tga-koike-shanda2/sk/data/toys4k/official/toys4k_point_clouds/knife/knife_006/pc10K.npz,/gs/fs/tga-koike-shanda2/sk/data/toys4k/renders/512/knife/knife_006/image.png
knife_029,knife,/gs/fs/tga-koike-shanda2/sk/data/toys4k/official/toys4k_obj_files/knife/knife_029/mesh.obj,/gs/fs/tga-koike-shanda2/sk/data/toys4k/official/toys4k_point_clouds/knife/knife_029/pc10K.npz,/gs/fs/tga-koike-shanda2/sk/data/toys4k/renders/512/knife/knife_029/image.png
knife_038,knife,/gs/fs/tga-koike-shanda2/sk/data/toys4k/official/toys4k_obj_files/knife/knife_038/mesh.obj,/gs/fs/tga-koike-shanda2/sk/data/toys4k/official/toys4k_point_clouds/knife/knife_038/pc10K.npz,/gs/fs/tga-koike-shanda2/sk/data/toys4k/renders/512/knife/knife_038/image.png
knife_044,knife,/gs/fs/tga-koike-shanda2/sk/data/toys4k/official/toys4k_obj_files/knife/knife_044/mesh.obj,/gs/fs/tga-koike-shanda2/sk/data/toys4k/official/toys4k_point_clouds/knife/knife_044/pc10K.npz,/gs/fs/tga-koike-shanda2/sk/data/toys4k/renders/512/knife/knife_044/image.png
ladder_000,ladder,/gs/fs/tga-koike-shanda2/sk/data/toys4k/official/toys4k_obj_files/ladder/ladder_000/mesh.obj,/gs/fs/tga-koike-shanda2/sk/data/toys4k/official/toys4k_point_clouds/ladder/ladder_000/pc10K.npz,/gs/fs/tga-koike-shanda2/sk/data/toys4k/renders/512/ladder/ladder_000/image.png
ladder_005,ladder,/gs/fs/tga-koike-shanda2/sk/data/toys4k/official/toys4k_obj_files/ladder/ladder_005/mesh.obj,/gs/fs/tga-koike-shanda2/sk/data/toys4k/official/toys4k_point_clouds/ladder/ladder_005/pc10K.npz,/gs/fs/tga-koike-shanda2/sk/data/toys4k/renders/512/ladder/ladder_005/image.png
ladder_015,ladder,/gs/fs/tga-koike-shanda2/sk/data/toys4k/official/toys4k_obj_files/ladder/ladder_015/mesh.obj,/gs/fs/tga-koike-shanda2/sk/data/toys4k/official/toys4k_point_clouds/ladder/ladder_015/pc10K.npz,/gs/fs/tga-koike-shanda2/sk/data/toys4k/renders/512/ladder/ladder_015/image.png
ladder_036,ladder,/gs/fs/tga-koike-shanda2/sk/data/toys4k/official/toys4k_obj_files/ladder/ladder_036/mesh.obj,/gs/fs/tga-koike-shanda2/sk/data/toys4k/official/toys4k_point_clouds/ladder/ladder_036/pc10K.npz,/gs/fs/tga-koike-shanda2/sk/data/toys4k/renders/512/ladder/ladder_036/image.png
laptop_011,laptop,/gs/fs/tga-koike-shanda2/sk/data/toys4k/official/toys4k_obj_files/laptop/laptop_011/mesh.obj,/gs/fs/tga-koike-shanda2/sk/data/toys4k/official/toys4k_point_clouds/laptop/laptop_011/pc10K.npz,/gs/fs/tga-koike-shanda2/sk/data/toys4k/renders/512/laptop/laptop_011/image.png
laptop_027,laptop,/gs/fs/tga-koike-shanda2/sk/data/toys4k/official/toys4k_obj_files/laptop/laptop_027/mesh.obj,/gs/fs/tga-koike-shanda2/sk/data/toys4k/official/toys4k_point_clouds/laptop/laptop_027/pc10K.npz,/gs/fs/tga-koike-shanda2/sk/data/toys4k/renders/512/laptop/laptop_027/image.png
laptop_031,laptop,/gs/fs/tga-koike-shanda2/sk/data/toys4k/official/toys4k_obj_files/laptop/laptop_031/mesh.obj,/gs/fs/tga-koike-shanda2/sk/data/toys4k/official/toys4k_point_clouds/laptop/laptop_031/pc10K.npz,/gs/fs/tga-koike-shanda2/sk/data/toys4k/renders/512/laptop/laptop_031/image.png
laptop_032,laptop,/gs/fs/tga-koike-shanda2/sk/data/toys4k/official/toys4k_obj_files/laptop/laptop_032/mesh.obj,/gs/fs/tga-koike-shanda2/sk/data/toys4k/official/toys4k_point_clouds/laptop/laptop_032/pc10K.npz,/gs/fs/tga-koike-shanda2/sk/data/toys4k/renders/512/laptop/laptop_032/image.png
light_bulb_004,light_bulb,/gs/fs/tga-koike-shanda2/sk/data/toys4k/official/toys4k_obj_files/light_bulb/light_bulb_004/mesh.obj,/gs/fs/tga-koike-shanda2/sk/data/toys4k/official/toys4k_point_clouds/light_bulb/light_bulb_004/pc10K.npz,/gs/fs/tga-koike-shanda2/sk/data/toys4k/renders/512/light_bulb/light_bulb_004/image.png
light_bulb_008,light_bulb,/gs/fs/tga-koike-shanda2/sk/data/toys4k/official/toys4k_obj_files/light_bulb/light_bulb_008/mesh.obj,/gs/fs/tga-koike-shanda2/sk/data/toys4k/official/toys4k_point_clouds/light_bulb/light_bulb_008/pc10K.npz,/gs/fs/tga-koike-shanda2/sk/data/toys4k/renders/512/light_bulb/light_bulb_008/image.png
light_bulb_019,light_bulb,/gs/fs/tga-koike-shanda2/sk/data/toys4k/official/toys4k_obj_files/light_bulb/light_bulb_019/mesh.obj,/gs/fs/tga-koike-shanda2/sk/data/toys4k/official/toys4k_point_clouds/light_bulb/light_bulb_019/pc10K.npz,/gs/fs/tga-koike-shanda2/sk/data/toys4k/renders/512/light_bulb/light_bulb_019/image.png
light_bulb_020,light_bulb,/gs/fs/tga-koike-shanda2/sk/data/toys4k/official/toys4k_obj_files/light_bulb/light_bulb_020/mesh.obj,/gs/fs/tga-koike-shanda2/sk/data/toys4k/official/toys4k_point_clouds/light_bulb/light_bulb_020/pc10K.npz,/gs/fs/tga-koike-shanda2/sk/data/toys4k/renders/512/light_bulb/light_bulb_020/image.png
lion_005,lion,/gs/fs/tga-koike-shanda2/sk/data/toys4k/official/toys4k_obj_files/lion/lion_005/mesh.obj,/gs/fs/tga-koike-shanda2/sk/data/toys4k/official/toys4k_point_clouds/lion/lion_005/pc10K.npz,/gs/fs/tga-koike-shanda2/sk/data/toys4k/renders/512/lion/lion_005/image.png
lion_007,lion,/gs/fs/tga-koike-shanda2/sk/data/toys4k/official/toys4k_obj_files/lion/lion_007/mesh.obj,/gs/fs/tga-koike-shanda2/sk/data/toys4k/official/toys4k_point_clouds/lion/lion_007/pc10K.npz,/gs/fs/tga-koike-shanda2/sk/data/toys4k/renders/512/lion/lion_007/image.png
lion_008,lion,/gs/fs/tga-koike-shanda2/sk/data/toys4k/official/toys4k_obj_files/lion/lion_008/mesh.obj,/gs/fs/tga-koike-shanda2/sk/data/toys4k/official/toys4k_point_clouds/lion/lion_008/pc10K.npz,/gs/fs/tga-koike-shanda2/sk/data/toys4k/renders/512/lion/lion_008/image.png
lion_014,lion,/gs/fs/tga-koike-shanda2/sk/data/toys4k/official/toys4k_obj_files/lion/lion_014/mesh.obj,/gs/fs/tga-koike-shanda2/sk/data/toys4k/official/toys4k_point_clouds/lion/lion_014/pc10K.npz,/gs/fs/tga-koike-shanda2/sk/data/toys4k/renders/512/lion/lion_014/image.png
lizard_003,lizard,/gs/fs/tga-koike-shanda2/sk/data/toys4k/official/toys4k_obj_files/lizard/lizard_003/mesh.obj,/gs/fs/tga-koike-shanda2/sk/data/toys4k/official/toys4k_point_clouds/lizard/lizard_003/pc10K.npz,/gs/fs/tga-koike-shanda2/sk/data/toys4k/renders/512/lizard/lizard_003/image.png
lizard_004,lizard,/gs/fs/tga-koike-shanda2/sk/data/toys4k/official/toys4k_obj_files/lizard/lizard_004/mesh.obj,/gs/fs/tga-koike-shanda2/sk/data/toys4k/official/toys4k_point_clouds/lizard/lizard_004/pc10K.npz,/gs/fs/tga-koike-shanda2/sk/data/toys4k/renders/512/lizard/lizard_004/image.png
lizard_015,lizard,/gs/fs/tga-koike-shanda2/sk/data/toys4k/official/toys4k_obj_files/lizard/lizard_015/mesh.obj,/gs/fs/tga-koike-shanda2/sk/data/toys4k/official/toys4k_point_clouds/lizard/lizard_015/pc10K.npz,/gs/fs/tga-koike-shanda2/sk/data/toys4k/renders/512/lizard/lizard_015/image.png
lizard_017,lizard,/gs/fs/tga-koike-shanda2/sk/data/toys4k/official/toys4k_obj_files/lizard/lizard_017/mesh.obj,/gs/fs/tga-koike-shanda2/sk/data/toys4k/official/toys4k_point_clouds/lizard/lizard_017/pc10K.npz,/gs/fs/tga-koike-shanda2/sk/data/toys4k/renders/512/lizard/lizard_017/image.png
marker_002,marker,/gs/fs/tga-koike-shanda2/sk/data/toys4k/official/toys4k_obj_files/marker/marker_002/mesh.obj,/gs/fs/tga-koike-shanda2/sk/data/toys4k/official/toys4k_point_clouds/marker/marker_002/pc10K.npz,/gs/fs/tga-koike-shanda2/sk/data/toys4k/renders/512/marker/marker_002/image.png
marker_007,marker,/gs/fs/tga-koike-shanda2/sk/data/toys4k/official/toys4k_obj_files/marker/marker_007/mesh.obj,/gs/fs/tga-koike-shanda2/sk/data/toys4k/official/toys4k_point_clouds/marker/marker_007/pc10K.npz,/gs/fs/tga-koike-shanda2/sk/data/toys4k/renders/512/marker/marker_007/image.png
marker_010,marker,/gs/fs/tga-koike-shanda2/sk/data/toys4k/official/toys4k_obj_files/marker/marker_010/mesh.obj,/gs/fs/tga-koike-shanda2/sk/data/toys4k/official/toys4k_point_clouds/marker/marker_010/pc10K.npz,/gs/fs/tga-koike-shanda2/sk/data/toys4k/renders/512/marker/marker_010/image.png
marker_018,marker,/gs/fs/tga-koike-shanda2/sk/data/toys4k/official/toys4k_obj_files/marker/marker_018/mesh.obj,/gs/fs/tga-koike-shanda2/sk/data/toys4k/official/toys4k_point_clouds/marker/marker_018/pc10K.npz,/gs/fs/tga-koike-shanda2/sk/data/toys4k/renders/512/marker/marker_018/image.png
microwave_001,microwave,/gs/fs/tga-koike-shanda2/sk/data/toys4k/official/toys4k_obj_files/microwave/microwave_001/mesh.obj,/gs/fs/tga-koike-shanda2/sk/data/toys4k/official/toys4k_point_clouds/microwave/microwave_001/pc10K.npz,/gs/fs/tga-koike-shanda2/sk/data/toys4k/renders/512/microwave/microwave_001/image.png
microwave_010,microwave,/gs/fs/tga-koike-shanda2/sk/data/toys4k/official/toys4k_obj_files/microwave/microwave_010/mesh.obj,/gs/fs/tga-koike-shanda2/sk/data/toys4k/official/toys4k_point_clouds/microwave/microwave_010/pc10K.npz,/gs/fs/tga-koike-shanda2/sk/data/toys4k/renders/512/microwave/microwave_010/image.png
microwave_014,microwave,/gs/fs/tga-koike-shanda2/sk/data/toys4k/official/toys4k_obj_files/microwave/microwave_014/mesh.obj,/gs/fs/tga-koike-shanda2/sk/data/toys4k/official/toys4k_point_clouds/microwave/microwave_014/pc10K.npz,/gs/fs/tga-koike-shanda2/sk/data/toys4k/renders/512/microwave/microwave_014/image.png
microwave_017,microwave,/gs/fs/tga-koike-shanda2/sk/data/toys4k/official/toys4k_obj_files/microwave/microwave_017/mesh.obj,/gs/fs/tga-koike-shanda2/sk/data/toys4k/official/toys4k_point_clouds/microwave/microwave_017/pc10K.npz,/gs/fs/tga-koike-shanda2/sk/data/toys4k/renders/512/microwave/microwave_017/image.png
monitor_031,monitor,/gs/fs/tga-koike-shanda2/sk/data/toys4k/official/toys4k_obj_files/monitor/monitor_031/mesh.obj,/gs/fs/tga-koike-shanda2/sk/data/toys4k/official/toys4k_point_clouds/monitor/monitor_031/pc10K.npz,/gs/fs/tga-koike-shanda2/sk/data/toys4k/renders/512/monitor/monitor_031/image.png
monitor_033,monitor,/gs/fs/tga-koike-shanda2/sk/data/toys4k/official/toys4k_obj_files/monitor/monitor_033/mesh.obj,/gs/fs/tga-koike-shanda2/sk/data/toys4k/official/toys4k_point_clouds/monitor/monitor_033/pc10K.npz,/gs/fs/tga-koike-shanda2/sk/data/toys4k/renders/512/monitor/monitor_033/image.png
monitor_038,monitor,/gs/fs/tga-koike-shanda2/sk/data/toys4k/official/toys4k_obj_files/monitor/monitor_038/mesh.obj,/gs/fs/tga-koike-shanda2/sk/data/toys4k/official/toys4k_point_clouds/monitor/monitor_038/pc10K.npz,/gs/fs/tga-koike-shanda2/sk/data/toys4k/renders/512/monitor/monitor_038/image.png
monitor_056,monitor,/gs/fs/tga-koike-shanda2/sk/data/toys4k/official/toys4k_obj_files/monitor/monitor_056/mesh.obj,/gs/fs/tga-koike-shanda2/sk/data/toys4k/official/toys4k_point_clouds/monitor/monitor_056/pc10K.npz,/gs/fs/tga-koike-shanda2/sk/data/toys4k/renders/512/monitor/monitor_056/image.png
monkey_000,monkey,/gs/fs/tga-koike-shanda2/sk/data/toys4k/official/toys4k_obj_files/monkey/monkey_000/mesh.obj,/gs/fs/tga-koike-shanda2/sk/data/toys4k/official/toys4k_point_clouds/monkey/monkey_000/pc10K.npz,/gs/fs/tga-koike-shanda2/sk/data/toys4k/renders/512/monkey/monkey_000/image.png
monkey_002,monkey,/gs/fs/tga-koike-shanda2/sk/data/toys4k/official/toys4k_obj_files/monkey/monkey_002/mesh.obj,/gs/fs/tga-koike-shanda2/sk/data/toys4k/official/toys4k_point_clouds/monkey/monkey_002/pc10K.npz,/gs/fs/tga-koike-shanda2/sk/data/toys4k/renders/512/monkey/monkey_002/image.png
monkey_005,monkey,/gs/fs/tga-koike-shanda2/sk/data/toys4k/official/toys4k_obj_files/monkey/monkey_005/mesh.obj,/gs/fs/tga-koike-shanda2/sk/data/toys4k/official/toys4k_point_clouds/monkey/monkey_005/pc10K.npz,/gs/fs/tga-koike-shanda2/sk/data/toys4k/renders/512/monkey/monkey_005/image.png
monkey_008,monkey,/gs/fs/tga-koike-shanda2/sk/data/toys4k/official/toys4k_obj_files/monkey/monkey_008/mesh.obj,/gs/fs/tga-koike-shanda2/sk/data/toys4k/official/toys4k_point_clouds/monkey/monkey_008/pc10K.npz,/gs/fs/tga-koike-shanda2/sk/data/toys4k/renders/512/monkey/monkey_008/image.png
motorcycle_002,motorcycle,/gs/fs/tga-koike-shanda2/sk/data/toys4k/official/toys4k_obj_files/motorcycle/motorcycle_002/mesh.obj,/gs/fs/tga-koike-shanda2/sk/data/toys4k/official/toys4k_point_clouds/motorcycle/motorcycle_002/pc10K.npz,/gs/fs/tga-koike-shanda2/sk/data/toys4k/renders/512/motorcycle/motorcycle_002/image.png
motorcycle_003,motorcycle,/gs/fs/tga-koike-shanda2/sk/data/toys4k/official/toys4k_obj_files/motorcycle/motorcycle_003/mesh.obj,/gs/fs/tga-koike-shanda2/sk/data/toys4k/official/toys4k_point_clouds/motorcycle/motorcycle_003/pc10K.npz,/gs/fs/tga-koike-shanda2/sk/data/toys4k/renders/512/motorcycle/motorcycle_003/image.png
motorcycle_009,motorcycle,/gs/fs/tga-koike-shanda2/sk/data/toys4k/official/toys4k_obj_files/motorcycle/motorcycle_009/mesh.obj,/gs/fs/tga-koike-shanda2/sk/data/toys4k/official/toys4k_point_clouds/motorcycle/motorcycle_009/pc10K.npz,/gs/fs/tga-koike-shanda2/sk/data/toys4k/renders/512/motorcycle/motorcycle_009/image.png
motorcycle_010,motorcycle,/gs/fs/tga-koike-shanda2/sk/data/toys4k/official/toys4k_obj_files/motorcycle/motorcycle_010/mesh.obj,/gs/fs/tga-koike-shanda2/sk/data/toys4k/official/toys4k_point_clouds/motorcycle/motorcycle_010/pc10K.npz,/gs/fs/tga-koike-shanda2/sk/data/toys4k/renders/512/motorcycle/motorcycle_010/image.png
mouse_003,mouse,/gs/fs/tga-koike-shanda2/sk/data/toys4k/official/toys4k_obj_files/mouse/mouse_003/mesh.obj,/gs/fs/tga-koike-shanda2/sk/data/toys4k/official/toys4k_point_clouds/mouse/mouse_003/pc10K.npz,/gs/fs/tga-koike-shanda2/sk/data/toys4k/renders/512/mouse/mouse_003/image.png
mouse_007,mouse,/gs/fs/tga-koike-shanda2/sk/data/toys4k/official/toys4k_obj_files/mouse/mouse_007/mesh.obj,/gs/fs/tga-koike-shanda2/sk/data/toys4k/official/toys4k_point_clouds/mouse/mouse_007/pc10K.npz,/gs/fs/tga-koike-shanda2/sk/data/toys4k/renders/512/mouse/mouse_007/image.png
mouse_012,mouse,/gs/fs/tga-koike-shanda2/sk/data/toys4k/official/toys4k_obj_files/mouse/mouse_012/mesh.obj,/gs/fs/tga-koike-shanda2/sk/data/toys4k/official/toys4k_point_clouds/mouse/mouse_012/pc10K.npz,/gs/fs/tga-koike-shanda2/sk/data/toys4k/renders/512/mouse/mouse_012/image.png
mouse_018,mouse,/gs/fs/tga-koike-shanda2/sk/data/toys4k/official/toys4k_obj_files/mouse/mouse_018/mesh.obj,/gs/fs/tga-koike-shanda2/sk/data/toys4k/official/toys4k_point_clouds/mouse/mouse_018/pc10K.npz,/gs/fs/tga-koike-shanda2/sk/data/toys4k/renders/512/mouse/mouse_018/image.png
mug_005,mug,/gs/fs/tga-koike-shanda2/sk/data/toys4k/official/toys4k_obj_files/mug/mug_005/mesh.obj,/gs/fs/tga-koike-shanda2/sk/data/toys4k/official/toys4k_point_clouds/mug/mug_005/pc10K.npz,/gs/fs/tga-koike-shanda2/sk/data/toys4k/renders/512/mug/mug_005/image.png
mug_010,mug,/gs/fs/tga-koike-shanda2/sk/data/toys4k/official/toys4k_obj_files/mug/mug_010/mesh.obj,/gs/fs/tga-koike-shanda2/sk/data/toys4k/official/toys4k_point_clouds/mug/mug_010/pc10K.npz,/gs/fs/tga-koike-shanda2/sk/data/toys4k/renders/512/mug/mug_010/image.png
mug_053,mug,/gs/fs/tga-koike-shanda2/sk/data/toys4k/official/toys4k_obj_files/mug/mug_053/mesh.obj,/gs/fs/tga-koike-shanda2/sk/data/toys4k/official/toys4k_point_clouds/mug/mug_053/pc10K.npz,/gs/fs/tga-koike-shanda2/sk/data/toys4k/renders/512/mug/mug_053/image.png
mug_080,mug,/gs/fs/tga-koike-shanda2/sk/data/toys4k/official/toys4k_obj_files/mug/mug_080/mesh.obj,/gs/fs/tga-koike-shanda2/sk/data/toys4k/official/toys4k_point_clouds/mug/mug_080/pc10K.npz,/gs/fs/tga-koike-shanda2/sk/data/toys4k/renders/512/mug/mug_080/image.png
mushroom_007,mushroom,/gs/fs/tga-koike-shanda2/sk/data/toys4k/official/toys4k_obj_files/mushroom/mushroom_007/mesh.obj,/gs/fs/tga-koike-shanda2/sk/data/toys4k/official/toys4k_point_clouds/mushroom/mushroom_007/pc10K.npz,/gs/fs/tga-koike-shanda2/sk/data/toys4k/renders/512/mushroom/mushroom_007/image.png
mushroom_011,mushroom,/gs/fs/tga-koike-shanda2/sk/data/toys4k/official/toys4k_obj_files/mushroom/mushroom_011/mesh.obj,/gs/fs/tga-koike-shanda2/sk/data/toys4k/official/toys4k_point_clouds/mushroom/mushroom_011/pc10K.npz,/gs/fs/tga-koike-shanda2/sk/data/toys4k/renders/512/mushroom/mushroom_011/image.png
mushroom_017,mushroom,/gs/fs/tga-koike-shanda2/sk/data/toys4k/official/toys4k_obj_files/mushroom/mushroom_017/mesh.obj,/gs/fs/tga-koike-shanda2/sk/data/toys4k/official/toys4k_point_clouds/mushroom/mushroom_017/pc10K.npz,/gs/fs/tga-koike-shanda2/sk/data/toys4k/renders/512/mushroom/mushroom_017/image.png
mushroom_019,mushroom,/gs/fs/tga-koike-shanda2/sk/data/toys4k/official/toys4k_obj_files/mushroom/mushroom_019/mesh.obj,/gs/fs/tga-koike-shanda2/sk/data/toys4k/official/toys4k_point_clouds/mushroom/mushroom_019/pc10K.npz,/gs/fs/tga-koike-shanda2/sk/data/toys4k/renders/512/mushroom/mushroom_019/image.png
octopus_007,octopus,/gs/fs/tga-koike-shanda2/sk/data/toys4k/official/toys4k_obj_files/octopus/octopus_007/mesh.obj,/gs/fs/tga-koike-shanda2/sk/data/toys4k/official/toys4k_point_clouds/octopus/octopus_007/pc10K.npz,/gs/fs/tga-koike-shanda2/sk/data/toys4k/renders/512/octopus/octopus_007/image.png
octopus_008,octopus,/gs/fs/tga-koike-shanda2/sk/data/toys4k/official/toys4k_obj_files/octopus/octopus_008/mesh.obj,/gs/fs/tga-koike-shanda2/sk/data/toys4k/official/toys4k_point_clouds/octopus/octopus_008/pc10K.npz,/gs/fs/tga-koike-shanda2/sk/data/toys4k/renders/512/octopus/octopus_008/image.png
octopus_021,octopus,/gs/fs/tga-koike-shanda2/sk/data/toys4k/official/toys4k_obj_files/octopus/octopus_021/mesh.obj,/gs/fs/tga-koike-shanda2/sk/data/toys4k/official/toys4k_point_clouds/octopus/octopus_021/pc10K.npz,/gs/fs/tga-koike-shanda2/sk/data/toys4k/renders/512/octopus/octopus_021/image.png
octopus_022,octopus,/gs/fs/tga-koike-shanda2/sk/data/toys4k/official/toys4k_obj_files/octopus/octopus_022/mesh.obj,/gs/fs/tga-koike-shanda2/sk/data/toys4k/official/toys4k_point_clouds/octopus/octopus_022/pc10K.npz,/gs/fs/tga-koike-shanda2/sk/data/toys4k/renders/512/octopus/octopus_022/image.png
orange_004,orange,/gs/fs/tga-koike-shanda2/sk/data/toys4k/official/toys4k_obj_files/orange/orange_004/mesh.obj,/gs/fs/tga-koike-shanda2/sk/data/toys4k/official/toys4k_point_clouds/orange/orange_004/pc10K.npz,/gs/fs/tga-koike-shanda2/sk/data/toys4k/renders/512/orange/orange_004/image.png
orange_014,orange,/gs/fs/tga-koike-shanda2/sk/data/toys4k/official/toys4k_obj_files/orange/orange_014/mesh.obj,/gs/fs/tga-koike-shanda2/sk/data/toys4k/official/toys4k_point_clouds/orange/orange_014/pc10K.npz,/gs/fs/tga-koike-shanda2/sk/data/toys4k/renders/512/orange/orange_014/image.png
orange_022,orange,/gs/fs/tga-koike-shanda2/sk/data/toys4k/official/toys4k_obj_files/orange/orange_022/mesh.obj,/gs/fs/tga-koike-shanda2/sk/data/toys4k/official/toys4k_point_clouds/orange/orange_022/pc10K.npz,/gs/fs/tga-koike-shanda2/sk/data/toys4k/renders/512/orange/orange_022/image.png
orange_023,orange,/gs/fs/tga-koike-shanda2/sk/data/toys4k/official/toys4k_obj_files/orange/orange_023/mesh.obj,/gs/fs/tga-koike-shanda2/sk/data/toys4k/official/toys4k_point_clouds/orange/orange_023/pc10K.npz,/gs/fs/tga-koike-shanda2/sk/data/toys4k/renders/512/orange/orange_023/image.png
panda_000,panda,/gs/fs/tga-koike-shanda2/sk/data/toys4k/official/toys4k_obj_files/panda/panda_000/mesh.obj,/gs/fs/tga-koike-shanda2/sk/data/toys4k/official/toys4k_point_clouds/panda/panda_000/pc10K.npz,/gs/fs/tga-koike-shanda2/sk/data/toys4k/renders/512/panda/panda_000/image.png
panda_003,panda,/gs/fs/tga-koike-shanda2/sk/data/toys4k/official/toys4k_obj_files/panda/panda_003/mesh.obj,/gs/fs/tga-koike-shanda2/sk/data/toys4k/official/toys4k_point_clouds/panda/panda_003/pc10K.npz,/gs/fs/tga-koike-shanda2/sk/data/toys4k/renders/512/panda/panda_003/image.png
panda_013,panda,/gs/fs/tga-koike-shanda2/sk/data/toys4k/official/toys4k_obj_files/panda/panda_013/mesh.obj,/gs/fs/tga-koike-shanda2/sk/data/toys4k/official/toys4k_point_clouds/panda/panda_013/pc10K.npz,/gs/fs/tga-koike-shanda2/sk/data/toys4k/renders/512/panda/panda_013/image.png
panda_017,panda,/gs/fs/tga-koike-shanda2/sk/data/toys4k/official/toys4k_obj_files/panda/panda_017/mesh.obj,/gs/fs/tga-koike-shanda2/sk/data/toys4k/official/toys4k_point_clouds/panda/panda_017/pc10K.npz,/gs/fs/tga-koike-shanda2/sk/data/toys4k/renders/512/panda/panda_017/image.png
pc_mouse_001,pc_mouse,/gs/fs/tga-koike-shanda2/sk/data/toys4k/official/toys4k_obj_files/pc_mouse/pc_mouse_001/mesh.obj,/gs/fs/tga-koike-shanda2/sk/data/toys4k/official/toys4k_point_clouds/pc_mouse/pc_mouse_001/pc10K.npz,/gs/fs/tga-koike-shanda2/sk/data/toys4k/renders/512/pc_mouse/pc_mouse_001/image.png
pc_mouse_008,pc_mouse,/gs/fs/tga-koike-shanda2/sk/data/toys4k/official/toys4k_obj_files/pc_mouse/pc_mouse_008/mesh.obj,/gs/fs/tga-koike-shanda2/sk/data/toys4k/official/toys4k_point_clouds/pc_mouse/pc_mouse_008/pc10K.npz,/gs/fs/tga-koike-shanda2/sk/data/toys4k/renders/512/pc_mouse/pc_mouse_008/image.png
pc_mouse_012,pc_mouse,/gs/fs/tga-koike-shanda2/sk/data/toys4k/official/toys4k_obj_files/pc_mouse/pc_mouse_012/mesh.obj,/gs/fs/tga-koike-shanda2/sk/data/toys4k/official/toys4k_point_clouds/pc_mouse/pc_mouse_012/pc10K.npz,/gs/fs/tga-koike-shanda2/sk/data/toys4k/renders/512/pc_mouse/pc_mouse_012/image.png
pc_mouse_014,pc_mouse,/gs/fs/tga-koike-shanda2/sk/data/toys4k/official/toys4k_obj_files/pc_mouse/pc_mouse_014/mesh.obj,/gs/fs/tga-koike-shanda2/sk/data/toys4k/official/toys4k_point_clouds/pc_mouse/pc_mouse_014/pc10K.npz,/gs/fs/tga-koike-shanda2/sk/data/toys4k/renders/512/pc_mouse/pc_mouse_014/image.png
pear_002,pear,/gs/fs/tga-koike-shanda2/sk/data/toys4k/official/toys4k_obj_files/pear/pear_002/mesh.obj,/gs/fs/tga-koike-shanda2/sk/data/toys4k/official/toys4k_point_clouds/pear/pear_002/pc10K.npz,/gs/fs/tga-koike-shanda2/sk/data/toys4k/renders/512/pear/pear_002/image.png
pear_005,pear,/gs/fs/tga-koike-shanda2/sk/data/toys4k/official/toys4k_obj_files/pear/pear_005/mesh.obj,/gs/fs/tga-koike-shanda2/sk/data/toys4k/official/toys4k_point_clouds/pear/pear_005/pc10K.npz,/gs/fs/tga-koike-shanda2/sk/data/toys4k/renders/512/pear/pear_005/image.png
pear_006,pear,/gs/fs/tga-koike-shanda2/sk/data/toys4k/official/toys4k_obj_files/pear/pear_006/mesh.obj,/gs/fs/tga-koike-shanda2/sk/data/toys4k/official/toys4k_point_clouds/pear/pear_006/pc10K.npz,/gs/fs/tga-koike-shanda2/sk/data/toys4k/renders/512/pear/pear_006/image.png
pear_016,pear,/gs/fs/tga-koike-shanda2/sk/data/toys4k/official/toys4k_obj_files/pear/pear_016/mesh.obj,/gs/fs/tga-koike-shanda2/sk/data/toys4k/official/toys4k_point_clouds/pear/pear_016/pc10K.npz,/gs/fs/tga-koike-shanda2/sk/data/toys4k/renders/512/pear/pear_016/image.png
pen_004,pen,/gs/fs/tga-koike-shanda2/sk/data/toys4k/official/toys4k_obj_files/pen/pen_004/mesh.obj,/gs/fs/tga-koike-shanda2/sk/data/toys4k/official/toys4k_point_clouds/pen/pen_004/pc10K.npz,/gs/fs/tga-koike-shanda2/sk/data/toys4k/renders/512/pen/pen_004/image.png
pen_010,pen,/gs/fs/tga-koike-shanda2/sk/data/toys4k/official/toys4k_obj_files/pen/pen_010/mesh.obj,/gs/fs/tga-koike-shanda2/sk/data/toys4k/official/toys4k_point_clouds/pen/pen_010/pc10K.npz,/gs/fs/tga-koike-shanda2/sk/data/toys4k/renders/512/pen/pen_010/image.png
pen_016,pen,/gs/fs/tga-koike-shanda2/sk/data/toys4k/official/toys4k_obj_files/pen/pen_016/mesh.obj,/gs/fs/tga-koike-shanda2/sk/data/toys4k/official/toys4k_point_clouds/pen/pen_016/pc10K.npz,/gs/fs/tga-koike-shanda2/sk/data/toys4k/renders/512/pen/pen_016/image.png
pen_024,pen,/gs/fs/tga-koike-shanda2/sk/data/toys4k/official/toys4k_obj_files/pen/pen_024/mesh.obj,/gs/fs/tga-koike-shanda2/sk/data/toys4k/official/toys4k_point_clouds/pen/pen_024/pc10K.npz,/gs/fs/tga-koike-shanda2/sk/data/toys4k/renders/512/pen/pen_024/image.png
pencil_023,pencil,/gs/fs/tga-koike-shanda2/sk/data/toys4k/official/toys4k_obj_files/pencil/pencil_023/mesh.obj,/gs/fs/tga-koike-shanda2/sk/data/toys4k/official/toys4k_point_clouds/pencil/pencil_023/pc10K.npz,/gs/fs/tga-koike-shanda2/sk/data/toys4k/renders/512/pencil/pencil_023/image.png
pencil_032,pencil,/gs/fs/tga-koike-shanda2/sk/data/toys4k/official/toys4k_obj_files/pencil/pencil_032/mesh.obj,/gs/fs/tga-koike-shanda2/sk/data/toys4k/official/toys4k_point_clouds/pencil/pencil_032/pc10K.npz,/gs/fs/tga-koike-shanda2/sk/data/toys4k/renders/512/pencil/pencil_032/image.png
pencil_038,pencil,/gs/fs/tga-koike-shanda2/sk/data/toys4k/official/toys4k_obj_files/pencil/pencil_038/mesh.obj,/gs/fs/tga-koike-shanda2/sk/data/toys4k/official/toys4k_point_clouds/pencil/pencil_038/pc10K.npz,/gs/fs/tga-koike-shanda2/sk/data/toys4k/renders/512/pencil/pencil_038/image.png
pencil_049,pencil,/gs/fs/tga-koike-shanda2/sk/data/toys4k/official/toys4k_obj_files/pencil/pencil_049/mesh.obj,/gs/fs/tga-koike-shanda2/sk/data/toys4k/official/toys4k_point_clouds/pencil/pencil_049/pc10K.npz,/gs/fs/tga-koike-shanda2/sk/data/toys4k/renders/512/pencil/pencil_049/image.png
penguin_000,penguin,/gs/fs/tga-koike-shanda2/sk/data/toys4k/official/toys4k_obj_files/penguin/penguin_000/mesh.obj,/gs/fs/tga-koike-shanda2/sk/data/toys4k/official/toys4k_point_clouds/penguin/penguin_000/pc10K.npz,/gs/fs/tga-koike-shanda2/sk/data/toys4k/renders/512/penguin/penguin_000/image.png
penguin_033,penguin,/gs/fs/tga-koike-shanda2/sk/data/toys4k/official/toys4k_obj_files/penguin/penguin_033/mesh.obj,/gs/fs/tga-koike-shanda2/sk/data/toys4k/official/toys4k_point_clouds/penguin/penguin_033/pc10K.npz,/gs/fs/tga-koike-shanda2/sk/data/toys4k/renders/512/penguin/penguin_033/image.png
penguin_041,penguin,/gs/fs/tga-koike-shanda2/sk/data/toys4k/official/toys4k_obj_files/penguin/penguin_041/mesh.obj,/gs/fs/tga-koike-shanda2/sk/data/toys4k/official/toys4k_point_clouds/penguin/penguin_041/pc10K.npz,/gs/fs/tga-koike-shanda2/sk/data/toys4k/renders/512/penguin/penguin_041/image.png
penguin_051,penguin,/gs/fs/tga-koike-shanda2/sk/data/toys4k/official/toys4k_obj_files/penguin/penguin_051/mesh.obj,/gs/fs/tga-koike-shanda2/sk/data/toys4k/official/toys4k_point_clouds/penguin/penguin_051/pc10K.npz,/gs/fs/tga-koike-shanda2/sk/data/toys4k/renders/512/penguin/penguin_051/image.png
phone_003,phone,/gs/fs/tga-koike-shanda2/sk/data/toys4k/official/toys4k_obj_files/phone/phone_003/mesh.obj,/gs/fs/tga-koike-shanda2/sk/data/toys4k/official/toys4k_point_clouds/phone/phone_003/pc10K.npz,/gs/fs/tga-koike-shanda2/sk/data/toys4k/renders/512/phone/phone_003/image.png
phone_009,phone,/gs/fs/tga-koike-shanda2/sk/data/toys4k/official/toys4k_obj_files/phone/phone_009/mesh.obj,/gs/fs/tga-koike-shanda2/sk/data/toys4k/official/toys4k_point_clouds/phone/phone_009/pc10K.npz,/gs/fs/tga-koike-shanda2/sk/data/toys4k/renders/512/phone/phone_009/image.png
phone_017,phone,/gs/fs/tga-koike-shanda2/sk/data/toys4k/official/toys4k_obj_files/phone/phone_017/mesh.obj,/gs/fs/tga-koike-shanda2/sk/data/toys4k/official/toys4k_point_clouds/phone/phone_017/pc10K.npz,/gs/fs/tga-koike-shanda2/sk/data/toys4k/renders/512/phone/phone_017/image.png
phone_021,phone,/gs/fs/tga-koike-shanda2/sk/data/toys4k/official/toys4k_obj_files/phone/phone_021/mesh.obj,/gs/fs/tga-koike-shanda2/sk/data/toys4k/official/toys4k_point_clouds/phone/phone_021/pc10K.npz,/gs/fs/tga-koike-shanda2/sk/data/toys4k/renders/512/phone/phone_021/image.png
piano_006,piano,/gs/fs/tga-koike-shanda2/sk/data/toys4k/official/toys4k_obj_files/piano/piano_006/mesh.obj,/gs/fs/tga-koike-shanda2/sk/data/toys4k/official/toys4k_point_clouds/piano/piano_006/pc10K.npz,/gs/fs/tga-koike-shanda2/sk/data/toys4k/renders/512/piano/piano_006/image.png
piano_007,piano,/gs/fs/tga-koike-shanda2/sk/data/toys4k/official/toys4k_obj_files/piano/piano_007/mesh.obj,/gs/fs/tga-koike-shanda2/sk/data/toys4k/official/toys4k_point_clouds/piano/piano_007/pc10K.npz,/gs/fs/tga-koike-shanda2/sk/data/toys4k/renders/512/piano/piano_007/image.png
piano_009,piano,/gs/fs/tga-koike-shanda2/sk/data/toys4k/official/toys4k_obj_files/piano/piano_009/mesh.obj,/gs/fs/tga-koike-shanda2/sk/data/toys4k/official/toys4k_point_clouds/piano/piano_009/pc10K.npz,/gs/fs/tga-koike-shanda2/sk/data/toys4k/renders/512/piano/piano_009/image.png
piano_016,piano,/gs/fs/tga-koike-shanda2/sk/data/toys4k/official/toys4k_obj_files/piano/piano_016/mesh.obj,/gs/fs/tga-koike-shanda2/sk/data/toys4k/official/toys4k_point_clouds/piano/piano_016/pc10K.npz,/gs/fs/tga-koike-shanda2/sk/data/toys4k/renders/512/piano/piano_016/image.png
pig_014,pig,/gs/fs/tga-koike-shanda2/sk/data/toys4k/official/toys4k_obj_files/pig/pig_014/mesh.obj,/gs/fs/tga-koike-shanda2/sk/data/toys4k/official/toys4k_point_clouds/pig/pig_014/pc10K.npz,/gs/fs/tga-koike-shanda2/sk/data/toys4k/renders/512/pig/pig_014/image.png
pig_018,pig,/gs/fs/tga-koike-shanda2/sk/data/toys4k/official/toys4k_obj_files/pig/pig_018/mesh.obj,/gs/fs/tga-koike-shanda2/sk/data/toys4k/official/toys4k_point_clouds/pig/pig_018/pc10K.npz,/gs/fs/tga-koike-shanda2/sk/data/toys4k/renders/512/pig/pig_018/image.png
pig_022,pig,/gs/fs/tga-koike-shanda2/sk/data/toys4k/official/toys4k_obj_files/pig/pig_022/mesh.obj,/gs/fs/tga-koike-shanda2/sk/data/toys4k/official/toys4k_point_clouds/pig/pig_022/pc10K.npz,/gs/fs/tga-koike-shanda2/sk/data/toys4k/renders/512/pig/pig_022/image.png
pig_040,pig,/gs/fs/tga-koike-shanda2/sk/data/toys4k/official/toys4k_obj_files/pig/pig_040/mesh.obj,/gs/fs/tga-koike-shanda2/sk/data/toys4k/official/toys4k_point_clouds/pig/pig_040/pc10K.npz,/gs/fs/tga-koike-shanda2/sk/data/toys4k/renders/512/pig/pig_040/image.png
pizza_006,pizza,/gs/fs/tga-koike-shanda2/sk/data/toys4k/official/toys4k_obj_files/pizza/pizza_006/mesh.obj,/gs/fs/tga-koike-shanda2/sk/data/toys4k/official/toys4k_point_clouds/pizza/pizza_006/pc10K.npz,/gs/fs/tga-koike-shanda2/sk/data/toys4k/renders/512/pizza/pizza_006/image.png
pizza_008,pizza,/gs/fs/tga-koike-shanda2/sk/data/toys4k/official/toys4k_obj_files/pizza/pizza_008/mesh.obj,/gs/fs/tga-koike-shanda2/sk/data/toys4k/official/toys4k_point_clouds/pizza/pizza_008/pc10K.npz,/gs/fs/tga-koike-shanda2/sk/data/toys4k/renders/512/pizza/pizza_008/image.png
pizza_020,pizza,/gs/fs/tga-koike-shanda2/sk/data/toys4k/official/toys4k_obj_files/pizza/pizza_020/mesh.obj,/gs/fs/tga-koike-shanda2/sk/data/toys4k/official/toys4k_point_clouds/pizza/pizza_020/pc10K.npz,/gs/fs/tga-koike-shanda2/sk/data/toys4k/renders/512/pizza/pizza_020/image.png
pizza_021,pizza,/gs/fs/tga-koike-shanda2/sk/data/toys4k/official/toys4k_obj_files/pizza/pizza_021/mesh.obj,/gs/fs/tga-koike-shanda2/sk/data/toys4k/official/toys4k_point_clouds/pizza/pizza_021/pc10K.npz,/gs/fs/tga-koike-shanda2/sk/data/toys4k/renders/512/pizza/pizza_021/image.png
plate_003,plate,/gs/fs/tga-koike-shanda2/sk/data/toys4k/official/toys4k_obj_files/plate/plate_003/mesh.obj,/gs/fs/tga-koike-shanda2/sk/data/toys4k/official/toys4k_point_clouds/plate/plate_003/pc10K.npz,/gs/fs/tga-koike-shanda2/sk/data/toys4k/renders/512/plate/plate_003/image.png
plate_005,plate,/gs/fs/tga-koike-shanda2/sk/data/toys4k/official/toys4k_obj_files/plate/plate_005/mesh.obj,/gs/fs/tga-koike-shanda2/sk/data/toys4k/official/toys4k_point_clouds/plate/plate_005/pc10K.npz,/gs/fs/tga-koike-shanda2/sk/data/toys4k/renders/512/plate/plate_005/image.png
plate_016,plate,/gs/fs/tga-koike-shanda2/sk/data/toys4k/official/toys4k_obj_files/plate/plate_016/mesh.obj,/gs/fs/tga-koike-shanda2/sk/data/toys4k/official/toys4k_point_clouds/plate/plate_016/pc10K.npz,/gs/fs/tga-koike-shanda2/sk/data/toys4k/renders/512/plate/plate_016/image.png
plate_031,plate,/gs/fs/tga-koike-shanda2/sk/data/toys4k/official/toys4k_obj_files/plate/plate_031/mesh.obj,/gs/fs/tga-koike-shanda2/sk/data/toys4k/official/toys4k_point_clouds/plate/plate_031/pc10K.npz,/gs/fs/tga-koike-shanda2/sk/data/toys4k/renders/512/plate/plate_031/image.png
radio_000,radio,/gs/fs/tga-koike-shanda2/sk/data/toys4k/official/toys4k_obj_files/radio/radio_000/mesh.obj,/gs/fs/tga-koike-shanda2/sk/data/toys4k/official/toys4k_point_clouds/radio/radio_000/pc10K.npz,/gs/fs/tga-koike-shanda2/sk/data/toys4k/renders/512/radio/radio_000/image.png
radio_002,radio,/gs/fs/tga-koike-shanda2/sk/data/toys4k/official/toys4k_obj_files/radio/radio_002/mesh.obj,/gs/fs/tga-koike-shanda2/sk/data/toys4k/official/toys4k_point_clouds/radio/radio_002/pc10K.npz,/gs/fs/tga-koike-shanda2/sk/data/toys4k/renders/512/radio/radio_002/image.png
radio_021,radio,/gs/fs/tga-koike-shanda2/sk/data/toys4k/official/toys4k_obj_files/radio/radio_021/mesh.obj,/gs/fs/tga-koike-shanda2/sk/data/toys4k/official/toys4k_point_clouds/radio/radio_021/pc10K.npz,/gs/fs/tga-koike-shanda2/sk/data/toys4k/renders/512/radio/radio_021/image.png
radio_027,radio,/gs/fs/tga-koike-shanda2/sk/data/toys4k/official/toys4k_obj_files/radio/radio_027/mesh.obj,/gs/fs/tga-koike-shanda2/sk/data/toys4k/official/toys4k_point_clouds/radio/radio_027/pc10K.npz,/gs/fs/tga-koike-shanda2/sk/data/toys4k/renders/512/radio/radio_027/image.png
robot_020,robot,/gs/fs/tga-koike-shanda2/sk/data/toys4k/official/toys4k_obj_files/robot/robot_020/mesh.obj,/gs/fs/tga-koike-shanda2/sk/data/toys4k/official/toys4k_point_clouds/robot/robot_020/pc10K.npz,/gs/fs/tga-koike-shanda2/sk/data/toys4k/renders/512/robot/robot_020/image.png
robot_033,robot,/gs/fs/tga-koike-shanda2/sk/data/toys4k/official/toys4k_obj_files/robot/robot_033/mesh.obj,/gs/fs/tga-koike-shanda2/sk/data/toys4k/official/toys4k_point_clouds/robot/robot_033/pc10K.npz,/gs/fs/tga-koike-shanda2/sk/data/toys4k/renders/512/robot/robot_033/image.png
robot_082,robot,/gs/fs/tga-koike-shanda2/sk/data/toys4k/official/toys4k_obj_files/robot/robot_082/mesh.obj,/gs/fs/tga-koike-shanda2/sk/data/toys4k/official/toys4k_point_clouds/robot/robot_082/pc10K.npz,/gs/fs/tga-koike-shanda2/sk/data/toys4k/renders/512/robot/robot_082/image.png
robot_099,robot,/gs/fs/tga-koike-shanda2/sk/data/toys4k/official/toys4k_obj_files/robot/robot_099/mesh.obj,/gs/fs/tga-koike-shanda2/sk/data/toys4k/official/toys4k_point_clouds/robot/robot_099/pc10K.npz,/gs/fs/tga-koike-shanda2/sk/data/toys4k/renders/512/robot/robot_099/image.png
sandwich_006,sandwich,/gs/fs/tga-koike-shanda2/sk/data/toys4k/official/toys4k_obj_files/sandwich/sandwich_006/mesh.obj,/gs/fs/tga-koike-shanda2/sk/data/toys4k/official/toys4k_point_clouds/sandwich/sandwich_006/pc10K.npz,/gs/fs/tga-koike-shanda2/sk/data/toys4k/renders/512/sandwich/sandwich_006/image.png
sandwich_007,sandwich,/gs/fs/tga-koike-shanda2/sk/data/toys4k/official/toys4k_obj_files/sandwich/sandwich_007/mesh.obj,/gs/fs/tga-koike-shanda2/sk/data/toys4k/official/toys4k_point_clouds/sandwich/sandwich_007/pc10K.npz,/gs/fs/tga-koike-shanda2/sk/data/toys4k/renders/512/sandwich/sandwich_007/image.png
sandwich_008,sandwich,/gs/fs/tga-koike-shanda2/sk/data/toys4k/official/toys4k_obj_files/sandwich/sandwich_008/mesh.obj,/gs/fs/tga-koike-shanda2/sk/data/toys4k/official/toys4k_point_clouds/sandwich/sandwich_008/pc10K.npz,/gs/fs/tga-koike-shanda2/sk/data/toys4k/renders/512/sandwich/sandwich_008/image.png
sandwich_011,sandwich,/gs/fs/tga-koike-shanda2/sk/data/toys4k/official/toys4k_obj_files/sandwich/sandwich_011/mesh.obj,/gs/fs/tga-koike-shanda2/sk/data/toys4k/official/toys4k_point_clouds/sandwich/sandwich_011/pc10K.npz,/gs/fs/tga-koike-shanda2/sk/data/toys4k/renders/512/sandwich/sandwich_011/image.png
saw_001,saw,/gs/fs/tga-koike-shanda2/sk/data/toys4k/official/toys4k_obj_files/saw/saw_001/mesh.obj,/gs/fs/tga-koike-shanda2/sk/data/toys4k/official/toys4k_point_clouds/saw/saw_001/pc10K.npz,/gs/fs/tga-koike-shanda2/sk/data/toys4k/renders/512/saw/saw_001/image.png
saw_004,saw,/gs/fs/tga-koike-shanda2/sk/data/toys4k/official/toys4k_obj_files/saw/saw_004/mesh.obj,/gs/fs/tga-koike-shanda2/sk/data/toys4k/official/toys4k_point_clouds/saw/saw_004/pc10K.npz,/gs/fs/tga-koike-shanda2/sk/data/toys4k/renders/512/saw/saw_004/image.png
saw_012,saw,/gs/fs/tga-koike-shanda2/sk/data/toys4k/official/toys4k_obj_files/saw/saw_012/mesh.obj,/gs/fs/tga-koike-shanda2/sk/data/toys4k/official/toys4k_point_clouds/saw/saw_012/pc10K.npz,/gs/fs/tga-koike-shanda2/sk/data/toys4k/renders/512/saw/saw_012/image.png
saw_018,saw,/gs/fs/tga-koike-shanda2/sk/data/toys4k/official/toys4k_obj_files/saw/saw_018/mesh.obj,/gs/fs/tga-koike-shanda2/sk/data/toys4k/official/toys4k_point_clouds/saw/saw_018/pc10K.npz,/gs/fs/tga-koike-shanda2/sk/data/toys4k/renders/512/saw/saw_018/image.png
screwdriver_002,screwdriver,/gs/fs/tga-koike-shanda2/sk/data/toys4k/official/toys4k_obj_files/screwdriver/screwdriver_002/mesh.obj,/gs/fs/tga-koike-shanda2/sk/data/toys4k/official/toys4k_point_clouds/screwdriver/screwdriver_002/pc10K.npz,/gs/fs/tga-koike-shanda2/sk/data/toys4k/renders/512/screwdriver/screwdriver_002/image.png
screwdriver_012,screwdriver,/gs/fs/tga-koike-shanda2/sk/data/toys4k/official/toys4k_obj_files/screwdriver/screwdriver_012/mesh.obj,/gs/fs/tga-koike-shanda2/sk/data/toys4k/official/toys4k_point_clouds/screwdriver/screwdriver_012/pc10K.npz,/gs/fs/tga-koike-shanda2/sk/data/toys4k/renders/512/screwdriver/screwdriver_012/image.png
screwdriver_039,screwdriver,/gs/fs/tga-koike-shanda2/sk/data/toys4k/official/toys4k_obj_files/screwdriver/screwdriver_039/mesh.obj,/gs/fs/tga-koike-shanda2/sk/data/toys4k/official/toys4k_point_clouds/screwdriver/screwdriver_039/pc10K.npz,/gs/fs/tga-koike-shanda2/sk/data/toys4k/renders/512/screwdriver/screwdriver_039/image.png
screwdriver_042,screwdriver,/gs/fs/tga-koike-shanda2/sk/data/toys4k/official/toys4k_obj_files/screwdriver/screwdriver_042/mesh.obj,/gs/fs/tga-koike-shanda2/sk/data/toys4k/official/toys4k_point_clouds/screwdriver/screwdriver_042/pc10K.npz,/gs/fs/tga-koike-shanda2/sk/data/toys4k/renders/512/screwdriver/screwdriver_042/image.png
shark_001,shark,/gs/fs/tga-koike-shanda2/sk/data/toys4k/official/toys4k_obj_files/shark/shark_001/mesh.obj,/gs/fs/tga-koike-shanda2/sk/data/toys4k/official/toys4k_point_clouds/shark/shark_001/pc10K.npz,/gs/fs/tga-koike-shanda2/sk/data/toys4k/renders/512/shark/shark_001/image.png
shark_004,shark,/gs/fs/tga-koike-shanda2/sk/data/toys4k/official/toys4k_obj_files/shark/shark_004/mesh.obj,/gs/fs/tga-koike-shanda2/sk/data/toys4k/official/toys4k_point_clouds/shark/shark_004/pc10K.npz,/gs/fs/tga-koike-shanda2/sk/data/toys4k/renders/512/shark/shark_004/image.png
shark_009,shark,/gs/fs/tga-koike-shanda2/sk/data/toys4k/official/toys4k_obj_files/shark/shark_009/mesh.obj,/gs/fs/tga-koike-shanda2/sk/data/toys4k/official/toys4k_point_clouds/shark/shark_009/pc10K.npz,/gs/fs/tga-koike-shanda2/sk/data/toys4k/renders/512/shark/shark_009/image.png
shark_017,shark,/gs/fs/tga-koike-shanda2/sk/data/toys4k/official/toys4k_obj_files/shark/shark_017/mesh.obj,/gs/fs/tga-koike-shanda2/sk/data/toys4k/official/toys4k_point_clouds/shark/shark_017/pc10K.npz,/gs/fs/tga-koike-shanda2/sk/data/toys4k/renders/512/shark/shark_017/image.png
sheep_002,sheep,/gs/fs/tga-koike-shanda2/sk/data/toys4k/official/toys4k_obj_files/sheep/sheep_002/mesh.obj,/gs/fs/tga-koike-shanda2/sk/data/toys4k/official/toys4k_point_clouds/sheep/sheep_002/pc10K.npz,/gs/fs/tga-koike-shanda2/sk/data/toys4k/renders/512/sheep/sheep_002/image.png
sheep_016,sheep,/gs/fs/tga-koike-shanda2/sk/data/toys4k/official/toys4k_obj_files/sheep/sheep_016/mesh.obj,/gs/fs/tga-koike-shanda2/sk/data/toys4k/official/toys4k_point_clouds/sheep/sheep_016/pc10K.npz,/gs/fs/tga-koike-shanda2/sk/data/toys4k/renders/512/sheep/sheep_016/image.png
sheep_025,sheep,/gs/fs/tga-koike-shanda2/sk/data/toys4k/official/toys4k_obj_files/sheep/sheep_025/mesh.obj,/gs/fs/tga-koike-shanda2/sk/data/toys4k/official/toys4k_point_clouds/sheep/sheep_025/pc10K.npz,/gs/fs/tga-koike-shanda2/sk/data/toys4k/renders/512/sheep/sheep_025/image.png
sheep_026,sheep,/gs/fs/tga-koike-shanda2/sk/data/toys4k/official/toys4k_obj_files/sheep/sheep_026/mesh.obj,/gs/fs/tga-koike-shanda2/sk/data/toys4k/official/toys4k_point_clouds/sheep/sheep_026/pc10K.npz,/gs/fs/tga-koike-shanda2/sk/data/toys4k/renders/512/sheep/sheep_026/image.png
shoe_007,shoe,/gs/fs/tga-koike-shanda2/sk/data/toys4k/official/toys4k_obj_files/shoe/shoe_007/mesh.obj,/gs/fs/tga-koike-shanda2/sk/data/toys4k/official/toys4k_point_clouds/shoe/shoe_007/pc10K.npz,/gs/fs/tga-koike-shanda2/sk/data/toys4k/renders/512/shoe/shoe_007/image.png
shoe_010,shoe,/gs/fs/tga-koike-shanda2/sk/data/toys4k/official/toys4k_obj_files/shoe/shoe_010/mesh.obj,/gs/fs/tga-koike-shanda2/sk/data/toys4k/official/toys4k_point_clouds/shoe/shoe_010/pc10K.npz,/gs/fs/tga-koike-shanda2/sk/data/toys4k/renders/512/shoe/shoe_010/image.png
shoe_024,shoe,/gs/fs/tga-koike-shanda2/sk/data/toys4k/official/toys4k_obj_files/shoe/shoe_024/mesh.obj,/gs/fs/tga-koike-shanda2/sk/data/toys4k/official/toys4k_point_clouds/shoe/shoe_024/pc10K.npz,/gs/fs/tga-koike-shanda2/sk/data/toys4k/renders/512/shoe/shoe_024/image.png
shoe_037,shoe,/gs/fs/tga-koike-shanda2/sk/data/toys4k/official/toys4k_obj_files/shoe/shoe_037/mesh.obj,/gs/fs/tga-koike-shanda2/sk/data/toys4k/official/toys4k_point_clouds/shoe/shoe_037/pc10K.npz,/gs/fs/tga-koike-shanda2/sk/data/toys4k/renders/512/shoe/shoe_037/image.png
sink_000,sink,/gs/fs/tga-koike-shanda2/sk/data/toys4k/official/toys4k_obj_files/sink/sink_000/mesh.obj,/gs/fs/tga-koike-shanda2/sk/data/toys4k/official/toys4k_point_clouds/sink/sink_000/pc10K.npz,/gs/fs/tga-koike-shanda2/sk/data/toys4k/renders/512/sink/sink_000/image.png
sink_006,sink,/gs/fs/tga-koike-shanda2/sk/data/toys4k/official/toys4k_obj_files/sink/sink_006/mesh.obj,/gs/fs/tga-koike-shanda2/sk/data/toys4k/official/toys4k_point_clouds/sink/sink_006/pc10K.npz,/gs/fs/tga-koike-shanda2/sk/data/toys4k/renders/512/sink/sink_006/image.png
sink_014,sink,/gs/fs/tga-koike-shanda2/sk/data/toys4k/official/toys4k_obj_files/sink/sink_014/mesh.obj,/gs/fs/tga-koike-shanda2/sk/data/toys4k/official/toys4k_point_clouds/sink/sink_014/pc10K.npz,/gs/fs/tga-koike-shanda2/sk/data/toys4k/renders/512/sink/sink_014/image.png
sink_024,sink,/gs/fs/tga-koike-shanda2/sk/data/toys4k/official/toys4k_obj_files/sink/sink_024/mesh.obj,/gs/fs/tga-koike-shanda2/sk/data/toys4k/official/toys4k_point_clouds/sink/sink_024/pc10K.npz,/gs/fs/tga-koike-shanda2/sk/data/toys4k/renders/512/sink/sink_024/image.png
snake_010,snake,/gs/fs/tga-koike-shanda2/sk/data/toys4k/official/toys4k_obj_files/snake/snake_010/mesh.obj,/gs/fs/tga-koike-shanda2/sk/data/toys4k/official/toys4k_point_clouds/snake/snake_010/pc10K.npz,/gs/fs/tga-koike-shanda2/sk/data/toys4k/renders/512/snake/snake_010/image.png
snake_015,snake,/gs/fs/tga-koike-shanda2/sk/data/toys4k/official/toys4k_obj_files/snake/snake_015/mesh.obj,/gs/fs/tga-koike-shanda2/sk/data/toys4k/official/toys4k_point_clouds/snake/snake_015/pc10K.npz,/gs/fs/tga-koike-shanda2/sk/data/toys4k/renders/512/snake/snake_015/image.png
snake_017,snake,/gs/fs/tga-koike-shanda2/sk/data/toys4k/official/toys4k_obj_files/snake/snake_017/mesh.obj,/gs/fs/tga-koike-shanda2/sk/data/toys4k/official/toys4k_point_clouds/snake/snake_017/pc10K.npz,/gs/fs/tga-koike-shanda2/sk/data/toys4k/renders/512/snake/snake_017/image.png
snake_021,snake,/gs/fs/tga-koike-shanda2/sk/data/toys4k/official/toys4k_obj_files/snake/snake_021/mesh.obj,/gs/fs/tga-koike-shanda2/sk/data/toys4k/official/toys4k_point_clouds/snake/snake_021/pc10K.npz,/gs/fs/tga-koike-shanda2/sk/data/toys4k/renders/512/snake/snake_021/image.png
sofa_006,sofa,/gs/fs/tga-koike-shanda2/sk/data/toys4k/official/toys4k_obj_files/sofa/sofa_006/mesh.obj,/gs/fs/tga-koike-shanda2/sk/data/toys4k/official/toys4k_point_clouds/sofa/sofa_006/pc10K.npz,/gs/fs/tga-koike-shanda2/sk/data/toys4k/renders/512/sofa/sofa_006/image.png
sofa_048,sofa,/gs/fs/tga-koike-shanda2/sk/data/toys4k/official/toys4k_obj_files/sofa/sofa_048/mesh.obj,/gs/fs/tga-koike-shanda2/sk/data/toys4k/official/toys4k_point_clouds/sofa/sofa_048/pc10K.npz,/gs/fs/tga-koike-shanda2/sk/data/toys4k/renders/512/sofa/sofa_048/image.png
sofa_054,sofa,/gs/fs/tga-koike-shanda2/sk/data/toys4k/official/toys4k_obj_files/sofa/sofa_054/mesh.obj,/gs/fs/tga-koike-shanda2/sk/data/toys4k/official/toys4k_point_clouds/sofa/sofa_054/pc10K.npz,/gs/fs/tga-koike-shanda2/sk/data/toys4k/renders/512/sofa/sofa_054/image.png
sofa_060,sofa,/gs/fs/tga-koike-shanda2/sk/data/toys4k/official/toys4k_obj_files/sofa/sofa_060/mesh.obj,/gs/fs/tga-koike-shanda2/sk/data/toys4k/official/toys4k_point_clouds/sofa/sofa_060/pc10K.npz,/gs/fs/tga-koike-shanda2/sk/data/toys4k/renders/512/sofa/sofa_060/image.png
spade_002,spade,/gs/fs/tga-koike-shanda2/sk/data/toys4k/official/toys4k_obj_files/spade/spade_002/mesh.obj,/gs/fs/tga-koike-shanda2/sk/data/toys4k/official/toys4k_point_clouds/spade/spade_002/pc10K.npz,/gs/fs/tga-koike-shanda2/sk/data/toys4k/renders/512/spade/spade_002/image.png
spade_014,spade,/gs/fs/tga-koike-shanda2/sk/data/toys4k/official/toys4k_obj_files/spade/spade_014/mesh.obj,/gs/fs/tga-koike-shanda2/sk/data/toys4k/official/toys4k_point_clouds/spade/spade_014/pc10K.npz,/gs/fs/tga-koike-shanda2/sk/data/toys4k/renders/512/spade/spade_014/image.png
spade_030,spade,/gs/fs/tga-koike-shanda2/sk/data/toys4k/official/toys4k_obj_files/spade/spade_030/mesh.obj,/gs/fs/tga-koike-shanda2/sk/data/toys4k/official/toys4k_point_clouds/spade/spade_030/pc10K.npz,/gs/fs/tga-koike-shanda2/sk/data/toys4k/renders/512/spade/spade_030/image.png
spade_031,spade,/gs/fs/tga-koike-shanda2/sk/data/toys4k/official/toys4k_obj_files/spade/spade_031/mesh.obj,/gs/fs/tga-koike-shanda2/sk/data/toys4k/official/toys4k_point_clouds/spade/spade_031/pc10K.npz,/gs/fs/tga-koike-shanda2/sk/data/toys4k/renders/512/spade/spade_031/image.png
stove_007,stove,/gs/fs/tga-koike-shanda2/sk/data/toys4k/official/toys4k_obj_files/stove/stove_007/mesh.obj,/gs/fs/tga-koike-shanda2/sk/data/toys4k/official/toys4k_point_clouds/stove/stove_007/pc10K.npz,/gs/fs/tga-koike-shanda2/sk/data/toys4k/renders/512/stove/stove_007/image.png
stove_012,stove,/gs/fs/tga-koike-shanda2/sk/data/toys4k/official/toys4k_obj_files/stove/stove_012/mesh.obj,/gs/fs/tga-koike-shanda2/sk/data/toys4k/official/toys4k_point_clouds/stove/stove_012/pc10K.npz,/gs/fs/tga-koike-shanda2/sk/data/toys4k/renders/512/stove/stove_012/image.png
stove_026,stove,/gs/fs/tga-koike-shanda2/sk/data/toys4k/official/toys4k_obj_files/stove/stove_026/mesh.obj,/gs/fs/tga-koike-shanda2/sk/data/toys4k/official/toys4k_point_clouds/stove/stove_026/pc10K.npz,/gs/fs/tga-koike-shanda2/sk/data/toys4k/renders/512/stove/stove_026/image.png
stove_027,stove,/gs/fs/tga-koike-shanda2/sk/data/toys4k/official/toys4k_obj_files/stove/stove_027/mesh.obj,/gs/fs/tga-koike-shanda2/sk/data/toys4k/official/toys4k_point_clouds/stove/stove_027/pc10K.npz,/gs/fs/tga-koike-shanda2/sk/data/toys4k/renders/512/stove/stove_027/image.png
submarine_000,submarine,/gs/fs/tga-koike-shanda2/sk/data/toys4k/official/toys4k_obj_files/submarine/submarine_000/mesh.obj,/gs/fs/tga-koike-shanda2/sk/data/toys4k/official/toys4k_point_clouds/submarine/submarine_000/pc10K.npz,/gs/fs/tga-koike-shanda2/sk/data/toys4k/renders/512/submarine/submarine_000/image.png
submarine_005,submarine,/gs/fs/tga-koike-shanda2/sk/data/toys4k/official/toys4k_obj_files/submarine/submarine_005/mesh.obj,/gs/fs/tga-koike-shanda2/sk/data/toys4k/official/toys4k_point_clouds/submarine/submarine_005/pc10K.npz,/gs/fs/tga-koike-shanda2/sk/data/toys4k/renders/512/submarine/submarine_005/image.png
submarine_006,submarine,/gs/fs/tga-koike-shanda2/sk/data/toys4k/official/toys4k_obj_files/submarine/submarine_006/mesh.obj,/gs/fs/tga-koike-shanda2/sk/data/toys4k/official/toys4k_point_clouds/submarine/submarine_006/pc10K.npz,/gs/fs/tga-koike-shanda2/sk/data/toys4k/renders/512/submarine/submarine_006/image.png
submarine_015,submarine,/gs/fs/tga-koike-shanda2/sk/data/toys4k/official/toys4k_obj_files/submarine/submarine_015/mesh.obj,/gs/fs/tga-koike-shanda2/sk/data/toys4k/official/toys4k_point_clouds/submarine/submarine_015/pc10K.npz,/gs/fs/tga-koike-shanda2/sk/data/toys4k/renders/512/submarine/submarine_015/image.png
toaster_002,toaster,/gs/fs/tga-koike-shanda2/sk/data/toys4k/official/toys4k_obj_files/toaster/toaster_002/mesh.obj,/gs/fs/tga-koike-shanda2/sk/data/toys4k/official/toys4k_point_clouds/toaster/toaster_002/pc10K.npz,/gs/fs/tga-koike-shanda2/sk/data/toys4k/renders/512/toaster/toaster_002/image.png
toaster_005,toaster,/gs/fs/tga-koike-shanda2/sk/data/toys4k/official/toys4k_obj_files/toaster/toaster_005/mesh.obj,/gs/fs/tga-koike-shanda2/sk/data/toys4k/official/toys4k_point_clouds/toaster/toaster_005/pc10K.npz,/gs/fs/tga-koike-shanda2/sk/data/toys4k/renders/512/toaster/toaster_005/image.png
toaster_008,toaster,/gs/fs/tga-koike-shanda2/sk/data/toys4k/official/toys4k_obj_files/toaster/toaster_008/mesh.obj,/gs/fs/tga-koike-shanda2/sk/data/toys4k/official/toys4k_point_clouds/toaster/toaster_008/pc10K.npz,/gs/fs/tga-koike-shanda2/sk/data/toys4k/renders/512/toaster/toaster_008/image.png
toaster_017,toaster,/gs/fs/tga-koike-shanda2/sk/data/toys4k/official/toys4k_obj_files/toaster/toaster_017/mesh.obj,/gs/fs/tga-koike-shanda2/sk/data/toys4k/official/toys4k_point_clouds/toaster/toaster_017/pc10K.npz,/gs/fs/tga-koike-shanda2/sk/data/toys4k/renders/512/toaster/toaster_017/image.png
tractor_008,tractor,/gs/fs/tga-koike-shanda2/sk/data/toys4k/official/toys4k_obj_files/tractor/tractor_008/mesh.obj,/gs/fs/tga-koike-shanda2/sk/data/toys4k/official/toys4k_point_clouds/tractor/tractor_008/pc10K.npz,/gs/fs/tga-koike-shanda2/sk/data/toys4k/renders/512/tractor/tractor_008/image.png
tractor_010,tractor,/gs/fs/tga-koike-shanda2/sk/data/toys4k/official/toys4k_obj_files/tractor/tractor_010/mesh.obj,/gs/fs/tga-koike-shanda2/sk/data/toys4k/official/toys4k_point_clouds/tractor/tractor_010/pc10K.npz,/gs/fs/tga-koike-shanda2/sk/data/toys4k/renders/512/tractor/tractor_010/image.png
tractor_012,tractor,/gs/fs/tga-koike-shanda2/sk/data/toys4k/official/toys4k_obj_files/tractor/tractor_012/mesh.obj,/gs/fs/tga-koike-shanda2/sk/data/toys4k/official/toys4k_point_clouds/tractor/tractor_012/pc10K.npz,/gs/fs/tga-koike-shanda2/sk/data/toys4k/renders/512/tractor/tractor_012/image.png
tractor_013,tractor,/gs/fs/tga-koike-shanda2/sk/data/toys4k/official/toys4k_obj_files/tractor/tractor_013/mesh.obj,/gs/fs/tga-koike-shanda2/sk/data/toys4k/official/toys4k_point_clouds/tractor/tractor_013/pc10K.npz,/gs/fs/tga-koike-shanda2/sk/data/toys4k/renders/512/tractor/tractor_013/image.png
train_001,train,/gs/fs/tga-koike-shanda2/sk/data/toys4k/official/toys4k_obj_files/train/train_001/mesh.obj,/gs/fs/tga-koike-shanda2/sk/data/toys4k/official/toys4k_point_clouds/train/train_001/pc10K.npz,/gs/fs/tga-koike-shanda2/sk/data/toys4k/renders/512/train/train_001/image.png
train_004,train,/gs/fs/tga-koike-shanda2/sk/data/toys4k/official/toys4k_obj_files/train/train_004/mesh.obj,/gs/fs/tga-koike-shanda2/sk/data/toys4k/official/toys4k_point_clouds/train/train_004/pc10K.npz,/gs/fs/tga-koike-shanda2/sk/data/toys4k/renders/512/train/train_004/image.png
train_009,train,/gs/fs/tga-koike-shanda2/sk/data/toys4k/official/toys4k_obj_files/train/train_009/mesh.obj,/gs/fs/tga-koike-shanda2/sk/data/toys4k/official/toys4k_point_clouds/train/train_009/pc10K.npz,/gs/fs/tga-koike-shanda2/sk/data/toys4k/renders/512/train/train_009/image.png
train_019,train,/gs/fs/tga-koike-shanda2/sk/data/toys4k/official/toys4k_obj_files/train/train_019/mesh.obj,/gs/fs/tga-koike-shanda2/sk/data/toys4k/official/toys4k_point_clouds/train/train_019/pc10K.npz,/gs/fs/tga-koike-shanda2/sk/data/toys4k/renders/512/train/train_019/image.png
trashcan_003,trashcan,/gs/fs/tga-koike-shanda2/sk/data/toys4k/official/toys4k_obj_files/trashcan/trashcan_003/mesh.obj,/gs/fs/tga-koike-shanda2/sk/data/toys4k/official/toys4k_point_clouds/trashcan/trashcan_003/pc10K.npz,/gs/fs/tga-koike-shanda2/sk/data/toys4k/renders/512/trashcan/trashcan_003/image.png
trashcan_023,trashcan,/gs/fs/tga-koike-shanda2/sk/data/toys4k/official/toys4k_obj_files/trashcan/trashcan_023/mesh.obj,/gs/fs/tga-koike-shanda2/sk/data/toys4k/official/toys4k_point_clouds/trashcan/trashcan_023/pc10K.npz,/gs/fs/tga-koike-shanda2/sk/data/toys4k/renders/512/trashcan/trashcan_023/image.png
trashcan_028,trashcan,/gs/fs/tga-koike-shanda2/sk/data/toys4k/official/toys4k_obj_files/trashcan/trashcan_028/mesh.obj,/gs/fs/tga-koike-shanda2/sk/data/toys4k/official/toys4k_point_clouds/trashcan/trashcan_028/pc10K.npz,/gs/fs/tga-koike-shanda2/sk/data/toys4k/renders/512/trashcan/trashcan_028/image.png
trashcan_039,trashcan,/gs/fs/tga-koike-shanda2/sk/data/toys4k/official/toys4k_obj_files/trashcan/trashcan_039/mesh.obj,/gs/fs/tga-koike-shanda2/sk/data/toys4k/official/toys4k_point_clouds/trashcan/trashcan_039/pc10K.npz,/gs/fs/tga-koike-shanda2/sk/data/toys4k/renders/512/trashcan/trashcan_039/image.png
tree_030,tree,/gs/fs/tga-koike-shanda2/sk/data/toys4k/official/toys4k_obj_files/tree/tree_030/mesh.obj,/gs/fs/tga-koike-shanda2/sk/data/toys4k/official/toys4k_point_clouds/tree/tree_030/pc10K.npz,/gs/fs/tga-koike-shanda2/sk/data/toys4k/renders/512/tree/tree_030/image.png
tree_035,tree,/gs/fs/tga-koike-shanda2/sk/data/toys4k/official/toys4k_obj_files/tree/tree_035/mesh.obj,/gs/fs/tga-koike-shanda2/sk/data/toys4k/official/toys4k_point_clouds/tree/tree_035/pc10K.npz,/gs/fs/tga-koike-shanda2/sk/data/toys4k/renders/512/tree/tree_035/image.png
tree_044,tree,/gs/fs/tga-koike-shanda2/sk/data/toys4k/official/toys4k_obj_files/tree/tree_044/mesh.obj,/gs/fs/tga-koike-shanda2/sk/data/toys4k/official/toys4k_point_clouds/tree/tree_044/pc10K.npz,/gs/fs/tga-koike-shanda2/sk/data/toys4k/renders/512/tree/tree_044/image.png
tree_053,tree,/gs/fs/tga-koike-shanda2/sk/data/toys4k/official/toys4k_obj_files/tree/tree_053/mesh.obj,/gs/fs/tga-koike-shanda2/sk/data/toys4k/official/toys4k_point_clouds/tree/tree_053/pc10K.npz,/gs/fs/tga-koike-shanda2/sk/data/toys4k/renders/512/tree/tree_053/image.png
truck_002,truck,/gs/fs/tga-koike-shanda2/sk/data/toys4k/official/toys4k_obj_files/truck/truck_002/mesh.obj,/gs/fs/tga-koike-shanda2/sk/data/toys4k/official/toys4k_point_clouds/truck/truck_002/pc10K.npz,/gs/fs/tga-koike-shanda2/sk/data/toys4k/renders/512/truck/truck_002/image.png
truck_007,truck,/gs/fs/tga-koike-shanda2/sk/data/toys4k/official/toys4k_obj_files/truck/truck_007/mesh.obj,/gs/fs/tga-koike-shanda2/sk/data/toys4k/official/toys4k_point_clouds/truck/truck_007/pc10K.npz,/gs/fs/tga-koike-shanda2/sk/data/toys4k/renders/512/truck/truck_007/image.png
truck_012,truck,/gs/fs/tga-koike-shanda2/sk/data/toys4k/official/toys4k_obj_files/truck/truck_012/mesh.obj,/gs/fs/tga-koike-shanda2/sk/data/toys4k/official/toys4k_point_clouds/truck/truck_012/pc10K.npz,/gs/fs/tga-koike-shanda2/sk/data/toys4k/renders/512/truck/truck_012/image.png
truck_016,truck,/gs/fs/tga-koike-shanda2/sk/data/toys4k/official/toys4k_obj_files/truck/truck_016/mesh.obj,/gs/fs/tga-koike-shanda2/sk/data/toys4k/official/toys4k_point_clouds/truck/truck_016/pc10K.npz,/gs/fs/tga-koike-shanda2/sk/data/toys4k/renders/512/truck/truck_016/image.png
tv_000,tv,/gs/fs/tga-koike-shanda2/sk/data/toys4k/official/toys4k_obj_files/tv/tv_000/mesh.obj,/gs/fs/tga-koike-shanda2/sk/data/toys4k/official/toys4k_point_clouds/tv/tv_000/pc10K.npz,/gs/fs/tga-koike-shanda2/sk/data/toys4k/renders/512/tv/tv_000/image.png
tv_006,tv,/gs/fs/tga-koike-shanda2/sk/data/toys4k/official/toys4k_obj_files/tv/tv_006/mesh.obj,/gs/fs/tga-koike-shanda2/sk/data/toys4k/official/toys4k_point_clouds/tv/tv_006/pc10K.npz,/gs/fs/tga-koike-shanda2/sk/data/toys4k/renders/512/tv/tv_006/image.png
tv_013,tv,/gs/fs/tga-koike-shanda2/sk/data/toys4k/official/toys4k_obj_files/tv/tv_013/mesh.obj,/gs/fs/tga-koike-shanda2/sk/data/toys4k/official/toys4k_point_clouds/tv/tv_013/pc10K.npz,/gs/fs/tga-koike-shanda2/sk/data/toys4k/renders/512/tv/tv_013/image.png
tv_017,tv,/gs/fs/tga-koike-shanda2/sk/data/toys4k/official/toys4k_obj_files/tv/tv_017/mesh.obj,/gs/fs/tga-koike-shanda2/sk/data/toys4k/official/toys4k_point_clouds/tv/tv_017/pc10K.npz,/gs/fs/tga-koike-shanda2/sk/data/toys4k/renders/512/tv/tv_017/image.png
violin_002,violin,/gs/fs/tga-koike-shanda2/sk/data/toys4k/official/toys4k_obj_files/violin/violin_002/mesh.obj,/gs/fs/tga-koike-shanda2/sk/data/toys4k/official/toys4k_point_clouds/violin/violin_002/pc10K.npz,/gs/fs/tga-koike-shanda2/sk/data/toys4k/renders/512/violin/violin_002/image.png
violin_010,violin,/gs/fs/tga-koike-shanda2/sk/data/toys4k/official/toys4k_obj_files/violin/violin_010/mesh.obj,/gs/fs/tga-koike-shanda2/sk/data/toys4k/official/toys4k_point_clouds/violin/violin_010/pc10K.npz,/gs/fs/tga-koike-shanda2/sk/data/toys4k/renders/512/violin/violin_010/image.png
violin_011,violin,/gs/fs/tga-koike-shanda2/sk/data/toys4k/official/toys4k_obj_files/violin/violin_011/mesh.obj,/gs/fs/tga-koike-shanda2/sk/data/toys4k/official/toys4k_point_clouds/violin/violin_011/pc10K.npz,/gs/fs/tga-koike-shanda2/sk/data/toys4k/renders/512/violin/violin_011/image.png
violin_021,violin,/gs/fs/tga-koike-shanda2/sk/data/toys4k/official/toys4k_obj_files/violin/violin_021/mesh.obj,/gs/fs/tga-koike-shanda2/sk/data/toys4k/official/toys4k_point_clouds/violin/violin_021/pc10K.npz,/gs/fs/tga-koike-shanda2/sk/data/toys4k/renders/512/violin/violin_021/image.png
whale_008,whale,/gs/fs/tga-koike-shanda2/sk/data/toys4k/official/toys4k_obj_files/whale/whale_008/mesh.obj,/gs/fs/tga-koike-shanda2/sk/data/toys4k/official/toys4k_point_clouds/whale/whale_008/pc10K.npz,/gs/fs/tga-koike-shanda2/sk/data/toys4k/renders/512/whale/whale_008/image.png
whale_023,whale,/gs/fs/tga-koike-shanda2/sk/data/toys4k/official/toys4k_obj_files/whale/whale_023/mesh.obj,/gs/fs/tga-koike-shanda2/sk/data/toys4k/official/toys4k_point_clouds/whale/whale_023/pc10K.npz,/gs/fs/tga-koike-shanda2/sk/data/toys4k/renders/512/whale/whale_023/image.png
whale_029,whale,/gs/fs/tga-koike-shanda2/sk/data/toys4k/official/toys4k_obj_files/whale/whale_029/mesh.obj,/gs/fs/tga-koike-shanda2/sk/data/toys4k/official/toys4k_point_clouds/whale/whale_029/pc10K.npz,/gs/fs/tga-koike-shanda2/sk/data/toys4k/renders/512/whale/whale_029/image.png
whale_035,whale,/gs/fs/tga-koike-shanda2/sk/data/toys4k/official/toys4k_obj_files/whale/whale_035/mesh.obj,/gs/fs/tga-koike-shanda2/sk/data/toys4k/official/toys4k_point_clouds/whale/whale_035/pc10K.npz,/gs/fs/tga-koike-shanda2/sk/data/toys4k/renders/512/whale/whale_035/image.png
