object_id,category,mesh_obj,point_cloud,input_image,aesthetic
5ffd0aca6eb4404a925235ad79becac1,objaverse_sketchfab,/gs/bs/tga-koike-shanda/yurh/dataset/trellis-500k/ObjaverseXL_sketchfab/raw/hf-objaverse-v1/glbs/000-101/5ffd0aca6eb4404a925235ad79becac1.glb,/gs/fs/tga-koike-shanda2/sk/data/5k_balanced/objaverse_sketchfab/5ffd0aca6eb4404a925235ad79becac1/pc10K.npz,/gs/fs/tga-koike-shanda2/sk/data/5k_balanced/objaverse_sketchfab/5ffd0aca6eb4404a925235ad79becac1/image.png,7.1112
9495baf3cad941b7ad9f577a89d11ccc,objaverse_sketchfab,/gs/bs/tga-koike-shanda/yurh/dataset/trellis-500k/ObjaverseXL_sketchfab/raw/hf-objaverse-v1/glbs/000-102/9495baf3cad941b7ad9f577a89d11ccc.glb,/gs/fs/tga-koike-shanda2/sk/data/5k_balanced/objaverse_sketchfab/9495baf3cad941b7ad9f577a89d11ccc/pc10K.npz,/gs/fs/tga-koike-shanda2/sk/data/5k_balanced/objaverse_sketchfab/9495baf3cad941b7ad9f577a89d11ccc/image.png,6.8909
99578ab4c95f47a38a8820431c236498,objaverse_sketchfab,/gs/bs/tga-koike-shanda/yurh/dataset/trellis-500k/ObjaverseXL_sketchfab/raw/hf-objaverse-v1/glbs/000-093/99578ab4c95f47a38a8820431c236498.glb,/gs/fs/tga-koike-shanda2/sk/data/5k_balanced/objaverse_sketchfab/99578ab4c95f47a38a8820431c236498/pc10K.npz,/gs/fs/tga-koike-shanda2/sk/data/5k_balanced/objaverse_sketchfab/99578ab4c95f47a38a8820431c236498/image.png,7.3294
8a2f838b96b24eee931242c1d257d7d4,objaverse_sketchfab,/gs/bs/tga-koike-shanda/yurh/dataset/trellis-500k/ObjaverseXL_sketchfab/raw/hf-objaverse-v1/glbs/000-148/8a2f838b96b24eee931242c1d257d7d4.glb,/gs/fs/tga-koike-shanda2/sk/data/5k_balanced/objaverse_sketchfab/8a2f838b96b24eee931242c1d257d7d4/pc10K.npz,/gs/fs/tga-koike-shanda2/sk/data/5k_balanced/objaverse_sketchfab/8a2f838b96b24eee931242c1d257d7d4/image.png,6.8051
745fcd00a5714f0ab849c4294a91dd89,objaverse_sketchfab,/gs/bs/tga-koike-shanda/yurh/dataset/trellis-500k/ObjaverseXL_sketchfab/raw/hf-objaverse-v1/glbs/000-060/745fcd00a5714f0ab849c4294a91dd89.glb,/gs/fs/tga-koike-shanda2/sk/data/5k_balanced/objaverse_sketchfab/745fcd00a5714f0ab849c4294a91dd89/pc10K.npz,/gs/fs/tga-koike-shanda2/sk/data/5k_balanced/objaverse_sketchfab/745fcd00a5714f0ab849c4294a91dd89/image.png,7.3446
8c9d0ceb799a438c9a21561f8bdf7334,objaverse_sketchfab,/gs/bs/tga-koike-shanda/yurh/dataset/trellis-500k/ObjaverseXL_sketchfab/raw/hf-objaverse-v1/glbs/000-106/8c9d0ceb799a438c9a21561f8bdf7334.glb,/gs/fs/tga-koike-shanda2/sk/data/5k_balanced/objaverse_sketchfab/8c9d0ceb799a438c9a21561f8bdf7334/pc10K.npz,/gs/fs/tga-koike-shanda2/sk/data/5k_balanced/objaverse_sketchfab/8c9d0ceb799a438c9a21561f8bdf7334/image.png,6.9169
5575fb61afc94bdeba9ef2c38e08b1d0,objaverse_sketchfab,/gs/bs/tga-koike-shanda/yurh/dataset/trellis-500k/ObjaverseXL_sketchfab/raw/hf-objaverse-v1/glbs/000-004/5575fb61afc94bdeba9ef2c38e08b1d0.glb,/gs/fs/tga-koike-shanda2/sk/data/5k_balanced/objaverse_sketchfab/5575fb61afc94bdeba9ef2c38e08b1d0/pc10K.npz,/gs/fs/tga-koike-shanda2/sk/data/5k_balanced/objaverse_sketchfab/5575fb61afc94bdeba9ef2c38e08b1d0/image.png,7.4698
15016561cb3146009135987914333b46,objaverse_sketchfab,/gs/bs/tga-koike-shanda/yurh/dataset/trellis-500k/ObjaverseXL_sketchfab/raw/hf-objaverse-v1/glbs/000-098/15016561cb3146009135987914333b46.glb,/gs/fs/tga-koike-shanda2/sk/data/5k_balanced/objaverse_sketchfab/15016561cb3146009135987914333b46/pc10K.npz,/gs/fs/tga-koike-shanda2/sk/data/5k_balanced/objaverse_sketchfab/15016561cb3146009135987914333b46/image.png,6.9994
f41357c0bcae4737b728d695306f86ca,objaverse_sketchfab,/gs/bs/tga-koike-shanda/yurh/dataset/trellis-500k/ObjaverseXL_sketchfab/raw/hf-objaverse-v1/glbs/000-072/f41357c0bcae4737b728d695306f86ca.glb,/gs/fs/tga-koike-shanda2/sk/data/5k_balanced/objaverse_sketchfab/f41357c0bcae4737b728d695306f86ca/pc10K.npz,/gs/fs/tga-koike-shanda2/sk/data/5k_balanced/objaverse_sketchfab/f41357c0bcae4737b728d695306f86ca/image.png,7.0405
4398e327b1e04afd8ce98388f9c5c514,objaverse_sketchfab,/gs/bs/tga-koike-shanda/yurh/dataset/trellis-500k/ObjaverseXL_sketchfab/raw/hf-objaverse-v1/glbs/000-108/4398e327b1e04afd8ce98388f9c5c514.glb,/gs/fs/tga-koike-shanda2/sk/data/5k_balanced/objaverse_sketchfab/4398e327b1e04afd8ce98388f9c5c514/pc10K.npz,/gs/fs/tga-koike-shanda2/sk/data/5k_balanced/objaverse_sketchfab/4398e327b1e04afd8ce98388f9c5c514/image.png,6.8675
86b72f64925e4b73a6ff8ff893e70a1d,objaverse_sketchfab,/gs/bs/tga-koike-shanda/yurh/dataset/trellis-500k/ObjaverseXL_sketchfab/raw/hf-objaverse-v1/glbs/000-141/86b72f64925e4b73a6ff8ff893e70a1d.glb,/gs/fs/tga-koike-shanda2/sk/data/5k_balanced/objaverse_sketchfab/86b72f64925e4b73a6ff8ff893e70a1d/pc10K.npz,/gs/fs/tga-koike-shanda2/sk/data/5k_balanced/objaverse_sketchfab/86b72f64925e4b73a6ff8ff893e70a1d/image.png,7.1481
ad8f5f551ae64f62876e629bbbfe8585,objaverse_sketchfab,/gs/bs/tga-koike-shanda/yurh/dataset/trellis-500k/ObjaverseXL_sketchfab/raw/hf-objaverse-v1/glbs/000-091/ad8f5f551ae64f62876e629bbbfe8585.glb,/gs/fs/tga-koike-shanda2/sk/data/5k_balanced/objaverse_sketchfab/ad8f5f551ae64f62876e629bbbfe8585/pc10K.npz,/gs/fs/tga-koike-shanda2/sk/data/5k_balanced/objaverse_sketchfab/ad8f5f551ae64f62876e629bbbfe8585/image.png,7.1994
50f67acb341f4ef1a673b0d652128154,objaverse_sketchfab,/gs/bs/tga-koike-shanda/yurh/dataset/trellis-500k/ObjaverseXL_sketchfab/raw/hf-objaverse-v1/glbs/000-129/50f67acb341f4ef1a673b0d652128154.glb,/gs/fs/tga-koike-shanda2/sk/data/5k_balanced/objaverse_sketchfab/50f67acb341f4ef1a673b0d652128154/pc10K.npz,/gs/fs/tga-koike-shanda2/sk/data/5k_balanced/objaverse_sketchfab/50f67acb341f4ef1a673b0d652128154/image.png,7.2772
9ed2b9c9f146440b935a9934f967b517,objaverse_sketchfab,/gs/bs/tga-koike-shanda/yurh/dataset/trellis-500k/ObjaverseXL_sketchfab/raw/hf-objaverse-v1/glbs/000-000/9ed2b9c9f146440b935a9934f967b517.glb,/gs/fs/tga-koike-shanda2/sk/data/5k_balanced/objaverse_sketchfab/9ed2b9c9f146440b935a9934f967b517/pc10K.npz,/gs/fs/tga-koike-shanda2/sk/data/5k_balanced/objaverse_sketchfab/9ed2b9c9f146440b935a9934f967b517/image.png,6.9390
256412b58c9b4d6a93d6b4c593901654,objaverse_sketchfab,/gs/bs/tga-koike-shanda/yurh/dataset/trellis-500k/ObjaverseXL_sketchfab/raw/hf-objaverse-v1/glbs/000-095/256412b58c9b4d6a93d6b4c593901654.glb,/gs/fs/tga-koike-shanda2/sk/data/5k_balanced/objaverse_sketchfab/256412b58c9b4d6a93d6b4c593901654/pc10K.npz,/gs/fs/tga-koike-shanda2/sk/data/5k_balanced/objaverse_sketchfab/256412b58c9b4d6a93d6b4c593901654/image.png,7.8948
ab85f0bf4c9a4e03a5af303247a22877,objaverse_sketchfab,/gs/bs/tga-koike-shanda/yurh/dataset/trellis-500k/ObjaverseXL_sketchfab/raw/hf-objaverse-v1/glbs/000-056/ab85f0bf4c9a4e03a5af303247a22877.glb,/gs/fs/tga-koike-shanda2/sk/data/5k_balanced/objaverse_sketchfab/ab85f0bf4c9a4e03a5af303247a22877/pc10K.npz,/gs/fs/tga-koike-shanda2/sk/data/5k_balanced/objaverse_sketchfab/ab85f0bf4c9a4e03a5af303247a22877/image.png,7.3128
45572e3ccc024b0193434087b4874686,objaverse_sketchfab,/gs/bs/tga-koike-shanda/yurh/dataset/trellis-500k/ObjaverseXL_sketchfab/raw/hf-objaverse-v1/glbs/000-159/45572e3ccc024b0193434087b4874686.glb,/gs/fs/tga-koike-shanda2/sk/data/5k_balanced/objaverse_sketchfab/45572e3ccc024b0193434087b4874686/pc10K.npz,/gs/fs/tga-koike-shanda2/sk/data/5k_balanced/objaverse_sketchfab/45572e3ccc024b0193434087b4874686/image.png,6.7410
471d2007cc78405b9c6c1b95cf442cff,objaverse_sketchfab,/gs/bs/tga-koike-shanda/yurh/dataset/trellis-500k/ObjaverseXL_sketchfab/raw/hf-objaverse-v1/glbs/000-156/471d2007cc78405b9c6c1b95cf442cff.glb,/gs/fs/tga-koike-shanda2/sk/data/5k_balanced/objaverse_sketchfab/471d2007cc78405b9c6c1b95cf442cff/pc10K.npz,/gs/fs/tga-koike-shanda2/sk/data/5k_balanced/objaverse_sketchfab/471d2007cc78405b9c6c1b95cf442cff/image.png,7.1573
c01d8da391d141a58090ff1e30c099c2,objaverse_sketchfab,/gs/bs/tga-koike-shanda/yurh/dataset/trellis-500k/ObjaverseXL_sketchfab/raw/hf-objaverse-v1/glbs/000-033/c01d8da391d141a58090ff1e30c099c2.glb,/gs/fs/tga-koike-shanda2/sk/data/5k_balanced/objaverse_sketchfab/c01d8da391d141a58090ff1e30c099c2/pc10K.npz,/gs/fs/tga-koike-shanda2/sk/data/5k_balanced/objaverse_sketchfab/c01d8da391d141a58090ff1e30c099c2/image.png,7.4614
ae5d27cd2d104f2db9f9d3ca295378e8,objaverse_sketchfab,/gs/bs/tga-koike-shanda/yurh/dataset/trellis-500k/ObjaverseXL_sketchfab/raw/hf-objaverse-v1/glbs/000-034/ae5d27cd2d104f2db9f9d3ca295378e8.glb,/gs/fs/tga-koike-shanda2/sk/data/5k_balanced/objaverse_sketchfab/ae5d27cd2d104f2db9f9d3ca295378e8/pc10K.npz,/gs/fs/tga-koike-shanda2/sk/data/5k_balanced/objaverse_sketchfab/ae5d27cd2d104f2db9f9d3ca295378e8/image.png,7.6045
341ef3bd5f3f44ca933f09e495844c1c,objaverse_sketchfab,/gs/bs/tga-koike-shanda/yurh/dataset/trellis-500k/ObjaverseXL_sketchfab/raw/hf-objaverse-v1/glbs/000-059/341ef3bd5f3f44ca933f09e495844c1c.glb,/gs/fs/tga-koike-shanda2/sk/data/5k_balanced/objaverse_sketchfab/341ef3bd5f3f44ca933f09e495844c1c/pc10K.npz,/gs/fs/tga-koike-shanda2/sk/data/5k_balanced/objaverse_sketchfab/341ef3bd5f3f44ca933f09e495844c1c/image.png,7.0153
504ed6efd50444d3a1112794d0ef5877,objaverse_sketchfab,/gs/bs/tga-koike-shanda/yurh/dataset/trellis-500k/ObjaverseXL_sketchfab/raw/hf-objaverse-v1/glbs/000-030/504ed6efd50444d3a1112794d0ef5877.glb,/gs/fs/tga-koike-shanda2/sk/data/5k_balanced/objaverse_sketchfab/504ed6efd50444d3a1112794d0ef5877/pc10K.npz,/gs/fs/tga-koike-shanda2/sk/data/5k_balanced/objaverse_sketchfab/504ed6efd50444d3a1112794d0ef5877/image.png,7.2323
4f2f90f833b74dedadba7f0246db9808,objaverse_sketchfab,/gs/bs/tga-koike-shanda/yurh/dataset/trellis-500k/ObjaverseXL_sketchfab/raw/hf-objaverse-v1/glbs/000-040/4f2f90f833b74dedadba7f0246db9808.glb,/gs/fs/tga-koike-shanda2/sk/data/5k_balanced/objaverse_sketchfab/4f2f90f833b74dedadba7f0246db9808/pc10K.npz,/gs/fs/tga-koike-shanda2/sk/data/5k_balanced/objaverse_sketchfab/4f2f90f833b74dedadba7f0246db9808/image.png,7.7738
9791ae44af6d491a9ec23cefa56a6379,objaverse_sketchfab,/gs/bs/tga-koike-shanda/yurh/dataset/trellis-500k/ObjaverseXL_sketchfab/raw/hf-objaverse-v1/glbs/000-039/9791ae44af6d491a9ec23cefa56a6379.glb,/gs/fs/tga-koike-shanda2/sk/data/5k_balanced/objaverse_sketchfab/9791ae44af6d491a9ec23cefa56a6379/pc10K.npz,/gs/fs/tga-koike-shanda2/sk/data/5k_balanced/objaverse_sketchfab/9791ae44af6d491a9ec23cefa56a6379/image.png,7.1205
0561cd730cec40e388df029fa3e4568a,objaverse_sketchfab,/gs/bs/tga-koike-shanda/yurh/dataset/trellis-500k/ObjaverseXL_sketchfab/raw/hf-objaverse-v1/glbs/000-012/0561cd730cec40e388df029fa3e4568a.glb,/gs/fs/tga-koike-shanda2/sk/data/5k_balanced/objaverse_sketchfab/0561cd730cec40e388df029fa3e4568a/pc10K.npz,/gs/fs/tga-koike-shanda2/sk/data/5k_balanced/objaverse_sketchfab/0561cd730cec40e388df029fa3e4568a/image.png,7.6202
07b17c58333641ea91e5d9de2fb9499c,objaverse_sketchfab,/gs/bs/tga-koike-shanda/yurh/dataset/trellis-500k/ObjaverseXL_sketchfab/raw/hf-objaverse-v1/glbs/000-013/07b17c58333641ea91e5d9de2fb9499c.glb,/gs/fs/tga-koike-shanda2/sk/data/5k_balanced/objaverse_sketchfab/07b17c58333641ea91e5d9de2fb9499c/pc10K.npz,/gs/fs/tga-koike-shanda2/sk/data/5k_balanced/objaverse_sketchfab/07b17c58333641ea91e5d9de2fb9499c/image.png,7.0090
cf9e18b5263a48d8b9fac90472347fa2,objaverse_sketchfab,/gs/bs/tga-koike-shanda/yurh/dataset/trellis-500k/ObjaverseXL_sketchfab/raw/hf-objaverse-v1/glbs/000-077/cf9e18b5263a48d8b9fac90472347fa2.glb,/gs/fs/tga-koike-shanda2/sk/data/5k_balanced/objaverse_sketchfab/cf9e18b5263a48d8b9fac90472347fa2/pc10K.npz,/gs/fs/tga-koike-shanda2/sk/data/5k_balanced/objaverse_sketchfab/cf9e18b5263a48d8b9fac90472347fa2/image.png,7.5850
81207feb083841e29530483a51e1870a,objaverse_sketchfab,/gs/bs/tga-koike-shanda/yurh/dataset/trellis-500k/ObjaverseXL_sketchfab/raw/hf-objaverse-v1/glbs/000-066/81207feb083841e29530483a51e1870a.glb,/gs/fs/tga-koike-shanda2/sk/data/5k_balanced/objaverse_sketchfab/81207feb083841e29530483a51e1870a/pc10K.npz,/gs/fs/tga-koike-shanda2/sk/data/5k_balanced/objaverse_sketchfab/81207feb083841e29530483a51e1870a/image.png,7.0558
ff3fff14b90e41519629b0b3f6c5a2f3,objaverse_sketchfab,/gs/bs/tga-koike-shanda/yurh/dataset/trellis-500k/ObjaverseXL_sketchfab/raw/hf-objaverse-v1/glbs/000-085/ff3fff14b90e41519629b0b3f6c5a2f3.glb,/gs/fs/tga-koike-shanda2/sk/data/5k_balanced/objaverse_sketchfab/ff3fff14b90e41519629b0b3f6c5a2f3/pc10K.npz,/gs/fs/tga-koike-shanda2/sk/data/5k_balanced/objaverse_sketchfab/ff3fff14b90e41519629b0b3f6c5a2f3/image.png,7.5504
cfca94ff3bf74759843749c95ba6f23e,objaverse_sketchfab,/gs/bs/tga-koike-shanda/yurh/dataset/trellis-500k/ObjaverseXL_sketchfab/raw/hf-objaverse-v1/glbs/000-051/cfca94ff3bf74759843749c95ba6f23e.glb,/gs/fs/tga-koike-shanda2/sk/data/5k_balanced/objaverse_sketchfab/cfca94ff3bf74759843749c95ba6f23e/pc10K.npz,/gs/fs/tga-koike-shanda2/sk/data/5k_balanced/objaverse_sketchfab/cfca94ff3bf74759843749c95ba6f23e/image.png,6.7840
402fa58278884adabe9307dd317e240a,objaverse_sketchfab,/gs/bs/tga-koike-shanda/yurh/dataset/trellis-500k/ObjaverseXL_sketchfab/raw/hf-objaverse-v1/glbs/000-087/402fa58278884adabe9307dd317e240a.glb,/gs/fs/tga-koike-shanda2/sk/data/5k_balanced/objaverse_sketchfab/402fa58278884adabe9307dd317e240a/pc10K.npz,/gs/fs/tga-koike-shanda2/sk/data/5k_balanced/objaverse_sketchfab/402fa58278884adabe9307dd317e240a/image.png,7.5156
0220222f003c4624a03d820635393768,objaverse_sketchfab,/gs/bs/tga-koike-shanda/yurh/dataset/trellis-500k/ObjaverseXL_sketchfab/raw/hf-objaverse-v1/glbs/000-035/0220222f003c4624a03d820635393768.glb,/gs/fs/tga-koike-shanda2/sk/data/5k_balanced/objaverse_sketchfab/0220222f003c4624a03d820635393768/pc10K.npz,/gs/fs/tga-koike-shanda2/sk/data/5k_balanced/objaverse_sketchfab/0220222f003c4624a03d820635393768/image.png,7.8269
5f6e74d17eee455a8eff8e2e5a47df9f,objaverse_sketchfab,/gs/bs/tga-koike-shanda/yurh/dataset/trellis-500k/ObjaverseXL_sketchfab/raw/hf-objaverse-v1/glbs/000-020/5f6e74d17eee455a8eff8e2e5a47df9f.glb,/gs/fs/tga-koike-shanda2/sk/data/5k_balanced/objaverse_sketchfab/5f6e74d17eee455a8eff8e2e5a47df9f/pc10K.npz,/gs/fs/tga-koike-shanda2/sk/data/5k_balanced/objaverse_sketchfab/5f6e74d17eee455a8eff8e2e5a47df9f/image.png,6.9284
0a7e574da3fd46b0873f5f7b4c514330,objaverse_sketchfab,/gs/bs/tga-koike-shanda/yurh/dataset/trellis-500k/ObjaverseXL_sketchfab/raw/hf-objaverse-v1/glbs/000-145/0a7e574da3fd46b0873f5f7b4c514330.glb,/gs/fs/tga-koike-shanda2/sk/data/5k_balanced/objaverse_sketchfab/0a7e574da3fd46b0873f5f7b4c514330/pc10K.npz,/gs/fs/tga-koike-shanda2/sk/data/5k_balanced/objaverse_sketchfab/0a7e574da3fd46b0873f5f7b4c514330/image.png,6.8879
74f4f9ac24c94511867920968cbef679,objaverse_sketchfab,/gs/bs/tga-koike-shanda/yurh/dataset/trellis-500k/ObjaverseXL_sketchfab/raw/hf-objaverse-v1/glbs/000-108/74f4f9ac24c94511867920968cbef679.glb,/gs/fs/tga-koike-shanda2/sk/data/5k_balanced/objaverse_sketchfab/74f4f9ac24c94511867920968cbef679/pc10K.npz,/gs/fs/tga-koike-shanda2/sk/data/5k_balanced/objaverse_sketchfab/74f4f9ac24c94511867920968cbef679/image.png,7.4076
4ea0d85e36ac4c5986a1db578482c6aa,objaverse_sketchfab,/gs/bs/tga-koike-shanda/yurh/dataset/trellis-500k/ObjaverseXL_sketchfab/raw/hf-objaverse-v1/glbs/000-034/4ea0d85e36ac4c5986a1db578482c6aa.glb,/gs/fs/tga-koike-shanda2/sk/data/5k_balanced/objaverse_sketchfab/4ea0d85e36ac4c5986a1db578482c6aa/pc10K.npz,/gs/fs/tga-koike-shanda2/sk/data/5k_balanced/objaverse_sketchfab/4ea0d85e36ac4c5986a1db578482c6aa/image.png,7.6667
eb1b62aea33c47d2b56f7497a568617a,objaverse_sketchfab,/gs/bs/tga-koike-shanda/yurh/dataset/trellis-500k/ObjaverseXL_sketchfab/raw/hf-objaverse-v1/glbs/000-036/eb1b62aea33c47d2b56f7497a568617a.glb,/gs/fs/tga-koike-shanda2/sk/data/5k_balanced/objaverse_sketchfab/eb1b62aea33c47d2b56f7497a568617a/pc10K.npz,/gs/fs/tga-koike-shanda2/sk/data/5k_balanced/objaverse_sketchfab/eb1b62aea33c47d2b56f7497a568617a/image.png,7.6363
90de59ec0de4444c83be113ac024b608,objaverse_sketchfab,/gs/bs/tga-koike-shanda/yurh/dataset/trellis-500k/ObjaverseXL_sketchfab/raw/hf-objaverse-v1/glbs/000-129/90de59ec0de4444c83be113ac024b608.glb,/gs/fs/tga-koike-shanda2/sk/data/5k_balanced/objaverse_sketchfab/90de59ec0de4444c83be113ac024b608/pc10K.npz,/gs/fs/tga-koike-shanda2/sk/data/5k_balanced/objaverse_sketchfab/90de59ec0de4444c83be113ac024b608/image.png,7.7591
9494d48ac8cb434fb92fb85077e2065b,objaverse_sketchfab,/gs/bs/tga-koike-shanda/yurh/dataset/trellis-500k/ObjaverseXL_sketchfab/raw/hf-objaverse-v1/glbs/000-150/9494d48ac8cb434fb92fb85077e2065b.glb,/gs/fs/tga-koike-shanda2/sk/data/5k_balanced/objaverse_sketchfab/9494d48ac8cb434fb92fb85077e2065b/pc10K.npz,/gs/fs/tga-koike-shanda2/sk/data/5k_balanced/objaverse_sketchfab/9494d48ac8cb434fb92fb85077e2065b/image.png,6.7489
647b75ed9dc147ba8328bf09fdf672ac,objaverse_sketchfab,/gs/bs/tga-koike-shanda/yurh/dataset/trellis-500k/ObjaverseXL_sketchfab/raw/hf-objaverse-v1/glbs/000-036/647b75ed9dc147ba8328bf09fdf672ac.glb,/gs/fs/tga-koike-shanda2/sk/data/5k_balanced/objaverse_sketchfab/647b75ed9dc147ba8328bf09fdf672ac/pc10K.npz,/gs/fs/tga-koike-shanda2/sk/data/5k_balanced/objaverse_sketchfab/647b75ed9dc147ba8328bf09fdf672ac/image.png,7.3310
164fa51d79e7408a9cae231ca088531d,objaverse_sketchfab,/gs/bs/tga-koike-shanda/yurh/dataset/trellis-500k/ObjaverseXL_sketchfab/raw/hf-objaverse-v1/glbs/000-120/164fa51d79e7408a9cae231ca088531d.glb,/gs/fs/tga-koike-shanda2/sk/data/5k_balanced/objaverse_sketchfab/164fa51d79e7408a9cae231ca088531d/pc10K.npz,/gs/fs/tga-koike-shanda2/sk/data/5k_balanced/objaverse_sketchfab/164fa51d79e7408a9cae231ca088531d/image.png,6.9730
3b4db49a69bf48debf30b2693bd79c82,objaverse_sketchfab,/gs/bs/tga-koike-shanda/yurh/dataset/trellis-500k/ObjaverseXL_sketchfab/raw/hf-objaverse-v1/glbs/000-019/3b4db49a69bf48debf30b2693bd79c82.glb,/gs/fs/tga-koike-shanda2/sk/data/5k_balanced/objaverse_sketchfab/3b4db49a69bf48debf30b2693bd79c82/pc10K.npz,/gs/fs/tga-koike-shanda2/sk/data/5k_balanced/objaverse_sketchfab/3b4db49a69bf48debf30b2693bd79c82/image.png,6.8949
4aa50e3ad47b4fdb84ee8f9e1e00c8cc,objaverse_sketchfab,/gs/bs/tga-koike-shanda/yurh/dataset/trellis-500k/ObjaverseXL_sketchfab/raw/hf-objaverse-v1/glbs/000-078/4aa50e3ad47b4fdb84ee8f9e1e00c8cc.glb,/gs/fs/tga-koike-shanda2/sk/data/5k_balanced/objaverse_sketchfab/4aa50e3ad47b4fdb84ee8f9e1e00c8cc/pc10K.npz,/gs/fs/tga-koike-shanda2/sk/data/5k_balanced/objaverse_sketchfab/4aa50e3ad47b4fdb84ee8f9e1e00c8cc/image.png,7.0629
7108937f2dbb4e5281f9354986b178ea,objaverse_sketchfab,/gs/bs/tga-koike-shanda/yurh/dataset/trellis-500k/ObjaverseXL_sketchfab/raw/hf-objaverse-v1/glbs/000-153/7108937f2dbb4e5281f9354986b178ea.glb,/gs/fs/tga-koike-shanda2/sk/data/5k_balanced/objaverse_sketchfab/7108937f2dbb4e5281f9354986b178ea/pc10K.npz,/gs/fs/tga-koike-shanda2/sk/data/5k_balanced/objaverse_sketchfab/7108937f2dbb4e5281f9354986b178ea/image.png,7.0800
3f15dc7670fb4141bb2c2ef1f227a294,objaverse_sketchfab,/gs/bs/tga-koike-shanda/yurh/dataset/trellis-500k/ObjaverseXL_sketchfab/raw/hf-objaverse-v1/glbs/000-105/3f15dc7670fb4141bb2c2ef1f227a294.glb,/gs/fs/tga-koike-shanda2/sk/data/5k_balanced/objaverse_sketchfab/3f15dc7670fb4141bb2c2ef1f227a294/pc10K.npz,/gs/fs/tga-koike-shanda2/sk/data/5k_balanced/objaverse_sketchfab/3f15dc7670fb4141bb2c2ef1f227a294/image.png,7.4524
70746eeebecd4e409832b0374018b740,objaverse_sketchfab,/gs/bs/tga-koike-shanda/yurh/dataset/trellis-500k/ObjaverseXL_sketchfab/raw/hf-objaverse-v1/glbs/000-127/70746eeebecd4e409832b0374018b740.glb,/gs/fs/tga-koike-shanda2/sk/data/5k_balanced/objaverse_sketchfab/70746eeebecd4e409832b0374018b740/pc10K.npz,/gs/fs/tga-koike-shanda2/sk/data/5k_balanced/objaverse_sketchfab/70746eeebecd4e409832b0374018b740/image.png,7.0299
c4525705e5e94018b2c84aaffda251ec,objaverse_sketchfab,/gs/bs/tga-koike-shanda/yurh/dataset/trellis-500k/ObjaverseXL_sketchfab/raw/hf-objaverse-v1/glbs/000-057/c4525705e5e94018b2c84aaffda251ec.glb,/gs/fs/tga-koike-shanda2/sk/data/5k_balanced/objaverse_sketchfab/c4525705e5e94018b2c84aaffda251ec/pc10K.npz,/gs/fs/tga-koike-shanda2/sk/data/5k_balanced/objaverse_sketchfab/c4525705e5e94018b2c84aaffda251ec/image.png,6.8298
a2fb8e4065ce470296d6d801daa37f18,objaverse_sketchfab,/gs/bs/tga-koike-shanda/yurh/dataset/trellis-500k/ObjaverseXL_sketchfab/raw/hf-objaverse-v1/glbs/000-088/a2fb8e4065ce470296d6d801daa37f18.glb,/gs/fs/tga-koike-shanda2/sk/data/5k_balanced/objaverse_sketchfab/a2fb8e4065ce470296d6d801daa37f18/pc10K.npz,/gs/fs/tga-koike-shanda2/sk/data/5k_balanced/objaverse_sketchfab/a2fb8e4065ce470296d6d801daa37f18/image.png,7.4231
016ca4139d4747b18ca7a541d23adf3c,objaverse_sketchfab,/gs/bs/tga-koike-shanda/yurh/dataset/trellis-500k/ObjaverseXL_sketchfab/raw/hf-objaverse-v1/glbs/000-000/016ca4139d4747b18ca7a541d23adf3c.glb,/gs/fs/tga-koike-shanda2/sk/data/5k_balanced/objaverse_sketchfab/016ca4139d4747b18ca7a541d23adf3c/pc10K.npz,/gs/fs/tga-koike-shanda2/sk/data/5k_balanced/objaverse_sketchfab/016ca4139d4747b18ca7a541d23adf3c/image.png,7.3951
cb47a38c99e34078a3db9b969dd21bd7,objaverse_sketchfab,/gs/bs/tga-koike-shanda/yurh/dataset/trellis-500k/ObjaverseXL_sketchfab/raw/hf-objaverse-v1/glbs/000-095/cb47a38c99e34078a3db9b969dd21bd7.glb,/gs/fs/tga-koike-shanda2/sk/data/5k_balanced/objaverse_sketchfab/cb47a38c99e34078a3db9b969dd21bd7/pc10K.npz,/gs/fs/tga-koike-shanda2/sk/data/5k_balanced/objaverse_sketchfab/cb47a38c99e34078a3db9b969dd21bd7/image.png,6.7838
1f0a28465735411fb4292e63debf3ffa,objaverse_sketchfab,/gs/bs/tga-koike-shanda/yurh/dataset/trellis-500k/ObjaverseXL_sketchfab/raw/hf-objaverse-v1/glbs/000-054/1f0a28465735411fb4292e63debf3ffa.glb,/gs/fs/tga-koike-shanda2/sk/data/5k_balanced/objaverse_sketchfab/1f0a28465735411fb4292e63debf3ffa/pc10K.npz,/gs/fs/tga-koike-shanda2/sk/data/5k_balanced/objaverse_sketchfab/1f0a28465735411fb4292e63debf3ffa/image.png,6.7322
037fe07fa79f4beb950c26abe9bbf5e0,objaverse_sketchfab,/gs/bs/tga-koike-shanda/yurh/dataset/trellis-500k/ObjaverseXL_sketchfab/raw/hf-objaverse-v1/glbs/000-037/037fe07fa79f4beb950c26abe9bbf5e0.glb,/gs/fs/tga-koike-shanda2/sk/data/5k_balanced/objaverse_sketchfab/037fe07fa79f4beb950c26abe9bbf5e0/pc10K.npz,/gs/fs/tga-koike-shanda2/sk/data/5k_balanced/objaverse_sketchfab/037fe07fa79f4beb950c26abe9bbf5e0/image.png,7.6341
6d1b4f8c1bef4bac86df0c73c3a5b262,objaverse_sketchfab,/gs/bs/tga-koike-shanda/yurh/dataset/trellis-500k/ObjaverseXL_sketchfab/raw/hf-objaverse-v1/glbs/000-064/6d1b4f8c1bef4bac86df0c73c3a5b262.glb,/gs/fs/tga-koike-shanda2/sk/data/5k_balanced/objaverse_sketchfab/6d1b4f8c1bef4bac86df0c73c3a5b262/pc10K.npz,/gs/fs/tga-koike-shanda2/sk/data/5k_balanced/objaverse_sketchfab/6d1b4f8c1bef4bac86df0c73c3a5b262/image.png,6.8434
6f07e9c1f44844f99c08a6f51db96e91,objaverse_sketchfab,/gs/bs/tga-koike-shanda/yurh/dataset/trellis-500k/ObjaverseXL_sketchfab/raw/hf-objaverse-v1/glbs/000-132/6f07e9c1f44844f99c08a6f51db96e91.glb,/gs/fs/tga-koike-shanda2/sk/data/5k_balanced/objaverse_sketchfab/6f07e9c1f44844f99c08a6f51db96e91/pc10K.npz,/gs/fs/tga-koike-shanda2/sk/data/5k_balanced/objaverse_sketchfab/6f07e9c1f44844f99c08a6f51db96e91/image.png,6.9697
398b0f0eafe640a2a3dec98305a8e1c3,objaverse_sketchfab,/gs/bs/tga-koike-shanda/yurh/dataset/trellis-500k/ObjaverseXL_sketchfab/raw/hf-objaverse-v1/glbs/000-147/398b0f0eafe640a2a3dec98305a8e1c3.glb,/gs/fs/tga-koike-shanda2/sk/data/5k_balanced/objaverse_sketchfab/398b0f0eafe640a2a3dec98305a8e1c3/pc10K.npz,/gs/fs/tga-koike-shanda2/sk/data/5k_balanced/objaverse_sketchfab/398b0f0eafe640a2a3dec98305a8e1c3/image.png,6.7763
5d8a50093fd44bbd951d8cdd27d2b171,objaverse_sketchfab,/gs/bs/tga-koike-shanda/yurh/dataset/trellis-500k/ObjaverseXL_sketchfab/raw/hf-objaverse-v1/glbs/000-120/5d8a50093fd44bbd951d8cdd27d2b171.glb,/gs/fs/tga-koike-shanda2/sk/data/5k_balanced/objaverse_sketchfab/5d8a50093fd44bbd951d8cdd27d2b171/pc10K.npz,/gs/fs/tga-koike-shanda2/sk/data/5k_balanced/objaverse_sketchfab/5d8a50093fd44bbd951d8cdd27d2b171/image.png,7.2187
f6b0bfafbabd446b9ef187fdf3ea75be,objaverse_sketchfab,/gs/bs/tga-koike-shanda/yurh/dataset/trellis-500k/ObjaverseXL_sketchfab/raw/hf-objaverse-v1/glbs/000-104/f6b0bfafbabd446b9ef187fdf3ea75be.glb,/gs/fs/tga-koike-shanda2/sk/data/5k_balanced/objaverse_sketchfab/f6b0bfafbabd446b9ef187fdf3ea75be/pc10K.npz,/gs/fs/tga-koike-shanda2/sk/data/5k_balanced/objaverse_sketchfab/f6b0bfafbabd446b9ef187fdf3ea75be/image.png,6.9535
b093f6a626b34411b2c749a5e24b93e9,objaverse_sketchfab,/gs/bs/tga-koike-shanda/yurh/dataset/trellis-500k/ObjaverseXL_sketchfab/raw/hf-objaverse-v1/glbs/000-039/b093f6a626b34411b2c749a5e24b93e9.glb,/gs/fs/tga-koike-shanda2/sk/data/5k_balanced/objaverse_sketchfab/b093f6a626b34411b2c749a5e24b93e9/pc10K.npz,/gs/fs/tga-koike-shanda2/sk/data/5k_balanced/objaverse_sketchfab/b093f6a626b34411b2c749a5e24b93e9/image.png,7.5616
2f2a6a6f30f64fc38fca1c662903b591,objaverse_sketchfab,/gs/bs/tga-koike-shanda/yurh/dataset/trellis-500k/ObjaverseXL_sketchfab/raw/hf-objaverse-v1/glbs/000-107/2f2a6a6f30f64fc38fca1c662903b591.glb,/gs/fs/tga-koike-shanda2/sk/data/5k_balanced/objaverse_sketchfab/2f2a6a6f30f64fc38fca1c662903b591/pc10K.npz,/gs/fs/tga-koike-shanda2/sk/data/5k_balanced/objaverse_sketchfab/2f2a6a6f30f64fc38fca1c662903b591/image.png,7.1866
592e4f6fb38944aaaaeba40c94815e11,objaverse_sketchfab,/gs/bs/tga-koike-shanda/yurh/dataset/trellis-500k/ObjaverseXL_sketchfab/raw/hf-objaverse-v1/glbs/000-134/592e4f6fb38944aaaaeba40c94815e11.glb,/gs/fs/tga-koike-shanda2/sk/data/5k_balanced/objaverse_sketchfab/592e4f6fb38944aaaaeba40c94815e11/pc10K.npz,/gs/fs/tga-koike-shanda2/sk/data/5k_balanced/objaverse_sketchfab/592e4f6fb38944aaaaeba40c94815e11/image.png,7.1392
b664c70b6cb94246aa34ebb4a88efb59,objaverse_sketchfab,/gs/bs/tga-koike-shanda/yurh/dataset/trellis-500k/ObjaverseXL_sketchfab/raw/hf-objaverse-v1/glbs/000-125/b664c70b6cb94246aa34ebb4a88efb59.glb,/gs/fs/tga-koike-shanda2/sk/data/5k_balanced/objaverse_sketchfab/b664c70b6cb94246aa34ebb4a88efb59/pc10K.npz,/gs/fs/tga-koike-shanda2/sk/data/5k_balanced/objaverse_sketchfab/b664c70b6cb94246aa34ebb4a88efb59/image.png,6.7547
9abffd2c23af48f1b77ea786a5917efd,objaverse_sketchfab,/gs/bs/tga-koike-shanda/yurh/dataset/trellis-500k/ObjaverseXL_sketchfab/raw/hf-objaverse-v1/glbs/000-130/9abffd2c23af48f1b77ea786a5917efd.glb,/gs/fs/tga-koike-shanda2/sk/data/5k_balanced/objaverse_sketchfab/9abffd2c23af48f1b77ea786a5917efd/pc10K.npz,/gs/fs/tga-koike-shanda2/sk/data/5k_balanced/objaverse_sketchfab/9abffd2c23af48f1b77ea786a5917efd/image.png,7.1487
e87a72bac8ee404bb1a92b19a60cdb44,objaverse_sketchfab,/gs/bs/tga-koike-shanda/yurh/dataset/trellis-500k/ObjaverseXL_sketchfab/raw/hf-objaverse-v1/glbs/000-086/e87a72bac8ee404bb1a92b19a60cdb44.glb,/gs/fs/tga-koike-shanda2/sk/data/5k_balanced/objaverse_sketchfab/e87a72bac8ee404bb1a92b19a60cdb44/pc10K.npz,/gs/fs/tga-koike-shanda2/sk/data/5k_balanced/objaverse_sketchfab/e87a72bac8ee404bb1a92b19a60cdb44/image.png,6.7698
711efe2fad8d4ad79ae0c8e72a3148ba,objaverse_sketchfab,/gs/bs/tga-koike-shanda/yurh/dataset/trellis-500k/ObjaverseXL_sketchfab/raw/hf-objaverse-v1/glbs/000-090/711efe2fad8d4ad79ae0c8e72a3148ba.glb,/gs/fs/tga-koike-shanda2/sk/data/5k_balanced/objaverse_sketchfab/711efe2fad8d4ad79ae0c8e72a3148ba/pc10K.npz,/gs/fs/tga-koike-shanda2/sk/data/5k_balanced/objaverse_sketchfab/711efe2fad8d4ad79ae0c8e72a3148ba/image.png,7.1373
bf137cc0a9e74bbf9bc9daed4523daa4,objaverse_sketchfab,/gs/bs/tga-koike-shanda/yurh/dataset/trellis-500k/ObjaverseXL_sketchfab/raw/hf-objaverse-v1/glbs/000-039/bf137cc0a9e74bbf9bc9daed4523daa4.glb,/gs/fs/tga-koike-shanda2/sk/data/5k_balanced/objaverse_sketchfab/bf137cc0a9e74bbf9bc9daed4523daa4/pc10K.npz,/gs/fs/tga-koike-shanda2/sk/data/5k_balanced/objaverse_sketchfab/bf137cc0a9e74bbf9bc9daed4523daa4/image.png,6.9698
dea1eb74b6034349bc69b0bae532a2ee,objaverse_sketchfab,/gs/bs/tga-koike-shanda/yurh/dataset/trellis-500k/ObjaverseXL_sketchfab/raw/hf-objaverse-v1/glbs/000-092/dea1eb74b6034349bc69b0bae532a2ee.glb,/gs/fs/tga-koike-shanda2/sk/data/5k_balanced/objaverse_sketchfab/dea1eb74b6034349bc69b0bae532a2ee/pc10K.npz,/gs/fs/tga-koike-shanda2/sk/data/5k_balanced/objaverse_sketchfab/dea1eb74b6034349bc69b0bae532a2ee/image.png,7.2267
036fd521d16742cd9b5eb09546affaf2,objaverse_sketchfab,/gs/bs/tga-koike-shanda/yurh/dataset/trellis-500k/ObjaverseXL_sketchfab/raw/hf-objaverse-v1/glbs/000-115/036fd521d16742cd9b5eb09546affaf2.glb,/gs/fs/tga-koike-shanda2/sk/data/5k_balanced/objaverse_sketchfab/036fd521d16742cd9b5eb09546affaf2/pc10K.npz,/gs/fs/tga-koike-shanda2/sk/data/5k_balanced/objaverse_sketchfab/036fd521d16742cd9b5eb09546affaf2/image.png,7.1821
ed1d4a96ee404090894c9af7e775c168,objaverse_sketchfab,/gs/bs/tga-koike-shanda/yurh/dataset/trellis-500k/ObjaverseXL_sketchfab/raw/hf-objaverse-v1/glbs/000-102/ed1d4a96ee404090894c9af7e775c168.glb,/gs/fs/tga-koike-shanda2/sk/data/5k_balanced/objaverse_sketchfab/ed1d4a96ee404090894c9af7e775c168/pc10K.npz,/gs/fs/tga-koike-shanda2/sk/data/5k_balanced/objaverse_sketchfab/ed1d4a96ee404090894c9af7e775c168/image.png,6.8456
9217ca415ed0442b9aae70fc1935ac6f,objaverse_sketchfab,/gs/bs/tga-koike-shanda/yurh/dataset/trellis-500k/ObjaverseXL_sketchfab/raw/hf-objaverse-v1/glbs/000-026/9217ca415ed0442b9aae70fc1935ac6f.glb,/gs/fs/tga-koike-shanda2/sk/data/5k_balanced/objaverse_sketchfab/9217ca415ed0442b9aae70fc1935ac6f/pc10K.npz,/gs/fs/tga-koike-shanda2/sk/data/5k_balanced/objaverse_sketchfab/9217ca415ed0442b9aae70fc1935ac6f/image.png,6.9829
b690e32500a64e3b896d0509f06133f0,objaverse_sketchfab,/gs/bs/tga-koike-shanda/yurh/dataset/trellis-500k/ObjaverseXL_sketchfab/raw/hf-objaverse-v1/glbs/000-044/b690e32500a64e3b896d0509f06133f0.glb,/gs/fs/tga-koike-shanda2/sk/data/5k_balanced/objaverse_sketchfab/b690e32500a64e3b896d0509f06133f0/pc10K.npz,/gs/fs/tga-koike-shanda2/sk/data/5k_balanced/objaverse_sketchfab/b690e32500a64e3b896d0509f06133f0/image.png,7.0624
57b07d620ccc4089bf61f4ccc49a39ce,objaverse_sketchfab,/gs/bs/tga-koike-shanda/yurh/dataset/trellis-500k/ObjaverseXL_sketchfab/raw/hf-objaverse-v1/glbs/000-115/57b07d620ccc4089bf61f4ccc49a39ce.glb,/gs/fs/tga-koike-shanda2/sk/data/5k_balanced/objaverse_sketchfab/57b07d620ccc4089bf61f4ccc49a39ce/pc10K.npz,/gs/fs/tga-koike-shanda2/sk/data/5k_balanced/objaverse_sketchfab/57b07d620ccc4089bf61f4ccc49a39ce/image.png,7.0381
86f39323753141dcaac1ee897e3cdd16,objaverse_sketchfab,/gs/bs/tga-koike-shanda/yurh/dataset/trellis-500k/ObjaverseXL_sketchfab/raw/hf-objaverse-v1/glbs/000-092/86f39323753141dcaac1ee897e3cdd16.glb,/gs/fs/tga-koike-shanda2/sk/data/5k_balanced/objaverse_sketchfab/86f39323753141dcaac1ee897e3cdd16/pc10K.npz,/gs/fs/tga-koike-shanda2/sk/data/5k_balanced/objaverse_sketchfab/86f39323753141dcaac1ee897e3cdd16/image.png,6.8045
7c32d25ea23d4876aa44a726c88e9230,objaverse_sketchfab,/gs/bs/tga-koike-shanda/yurh/dataset/trellis-500k/ObjaverseXL_sketchfab/raw/hf-objaverse-v1/glbs/000-109/7c32d25ea23d4876aa44a726c88e9230.glb,/gs/fs/tga-koike-shanda2/sk/data/5k_balanced/objaverse_sketchfab/7c32d25ea23d4876aa44a726c88e9230/pc10K.npz,/gs/fs/tga-koike-shanda2/sk/data/5k_balanced/objaverse_sketchfab/7c32d25ea23d4876aa44a726c88e9230/image.png,6.9313
0e0be8c147bb4f7a883581c6434889b4,objaverse_sketchfab,/gs/bs/tga-koike-shanda/yurh/dataset/trellis-500k/ObjaverseXL_sketchfab/raw/hf-objaverse-v1/glbs/000-025/0e0be8c147bb4f7a883581c6434889b4.glb,/gs/fs/tga-koike-shanda2/sk/data/5k_balanced/objaverse_sketchfab/0e0be8c147bb4f7a883581c6434889b4/pc10K.npz,/gs/fs/tga-koike-shanda2/sk/data/5k_balanced/objaverse_sketchfab/0e0be8c147bb4f7a883581c6434889b4/image.png,8.1400
573314cac6af46debf60e9952ce64c15,objaverse_sketchfab,/gs/bs/tga-koike-shanda/yurh/dataset/trellis-500k/ObjaverseXL_sketchfab/raw/hf-objaverse-v1/glbs/000-068/573314cac6af46debf60e9952ce64c15.glb,/gs/fs/tga-koike-shanda2/sk/data/5k_balanced/objaverse_sketchfab/573314cac6af46debf60e9952ce64c15/pc10K.npz,/gs/fs/tga-koike-shanda2/sk/data/5k_balanced/objaverse_sketchfab/573314cac6af46debf60e9952ce64c15/image.png,7.4606
539a303198bf484a8d25c63e8c9cb43f,objaverse_sketchfab,/gs/bs/tga-koike-shanda/yurh/dataset/trellis-500k/ObjaverseXL_sketchfab/raw/hf-objaverse-v1/glbs/000-087/539a303198bf484a8d25c63e8c9cb43f.glb,/gs/fs/tga-koike-shanda2/sk/data/5k_balanced/objaverse_sketchfab/539a303198bf484a8d25c63e8c9cb43f/pc10K.npz,/gs/fs/tga-koike-shanda2/sk/data/5k_balanced/objaverse_sketchfab/539a303198bf484a8d25c63e8c9cb43f/image.png,7.0847
638ae7c11b9a4ea180689d7793a8d461,objaverse_sketchfab,/gs/bs/tga-koike-shanda/yurh/dataset/trellis-500k/ObjaverseXL_sketchfab/raw/hf-objaverse-v1/glbs/000-068/638ae7c11b9a4ea180689d7793a8d461.glb,/gs/fs/tga-koike-shanda2/sk/data/5k_balanced/objaverse_sketchfab/638ae7c11b9a4ea180689d7793a8d461/pc10K.npz,/gs/fs/tga-koike-shanda2/sk/data/5k_balanced/objaverse_sketchfab/638ae7c11b9a4ea180689d7793a8d461/image.png,6.7626
b5ed0a468b074e24966cc8deee6ff8cc,objaverse_sketchfab,/gs/bs/tga-koike-shanda/yurh/dataset/trellis-500k/ObjaverseXL_sketchfab/raw/hf-objaverse-v1/glbs/000-096/b5ed0a468b074e24966cc8deee6ff8cc.glb,/gs/fs/tga-koike-shanda2/sk/data/5k_balanced/objaverse_sketchfab/b5ed0a468b074e24966cc8deee6ff8cc/pc10K.npz,/gs/fs/tga-koike-shanda2/sk/data/5k_balanced/objaverse_sketchfab/b5ed0a468b074e24966cc8deee6ff8cc/image.png,6.7754
7280e95a072c4d12866f627b04e52f32,objaverse_sketchfab,/gs/bs/tga-koike-shanda/yurh/dataset/trellis-500k/ObjaverseXL_sketchfab/raw/hf-objaverse-v1/glbs/000-016/7280e95a072c4d12866f627b04e52f32.glb,/gs/fs/tga-koike-shanda2/sk/data/5k_balanced/objaverse_sketchfab/7280e95a072c4d12866f627b04e52f32/pc10K.npz,/gs/fs/tga-koike-shanda2/sk/data/5k_balanced/objaverse_sketchfab/7280e95a072c4d12866f627b04e52f32/image.png,6.9768
ddd3cdbc92604e6e8631ef8948256411,objaverse_sketchfab,/gs/bs/tga-koike-shanda/yurh/dataset/trellis-500k/ObjaverseXL_sketchfab/raw/hf-objaverse-v1/glbs/000-124/ddd3cdbc92604e6e8631ef8948256411.glb,/gs/fs/tga-koike-shanda2/sk/data/5k_balanced/objaverse_sketchfab/ddd3cdbc92604e6e8631ef8948256411/pc10K.npz,/gs/fs/tga-koike-shanda2/sk/data/5k_balanced/objaverse_sketchfab/ddd3cdbc92604e6e8631ef8948256411/image.png,6.8453
911fd09c53194b6c837ea54343a7c867,objaverse_sketchfab,/gs/bs/tga-koike-shanda/yurh/dataset/trellis-500k/ObjaverseXL_sketchfab/raw/hf-objaverse-v1/glbs/000-073/911fd09c53194b6c837ea54343a7c867.glb,/gs/fs/tga-koike-shanda2/sk/data/5k_balanced/objaverse_sketchfab/911fd09c53194b6c837ea54343a7c867/pc10K.npz,/gs/fs/tga-koike-shanda2/sk/data/5k_balanced/objaverse_sketchfab/911fd09c53194b6c837ea54343a7c867/image.png,7.3094
e5209b56ed7a49a19a16bea6f492022d,objaverse_sketchfab,/gs/bs/tga-koike-shanda/yurh/dataset/trellis-500k/ObjaverseXL_sketchfab/raw/hf-objaverse-v1/glbs/000-123/e5209b56ed7a49a19a16bea6f492022d.glb,/gs/fs/tga-koike-shanda2/sk/data/5k_balanced/objaverse_sketchfab/e5209b56ed7a49a19a16bea6f492022d/pc10K.npz,/gs/fs/tga-koike-shanda2/sk/data/5k_balanced/objaverse_sketchfab/e5209b56ed7a49a19a16bea6f492022d/image.png,7.6420
edd648c2e9244f4e88a71c87c6bfd57b,objaverse_sketchfab,/gs/bs/tga-koike-shanda/yurh/dataset/trellis-500k/ObjaverseXL_sketchfab/raw/hf-objaverse-v1/glbs/000-107/edd648c2e9244f4e88a71c87c6bfd57b.glb,/gs/fs/tga-koike-shanda2/sk/data/5k_balanced/objaverse_sketchfab/edd648c2e9244f4e88a71c87c6bfd57b/pc10K.npz,/gs/fs/tga-koike-shanda2/sk/data/5k_balanced/objaverse_sketchfab/edd648c2e9244f4e88a71c87c6bfd57b/image.png,6.7731
134c322efc9149f6a55fa9b0adb58b6f,objaverse_sketchfab,/gs/bs/tga-koike-shanda/yurh/dataset/trellis-500k/ObjaverseXL_sketchfab/raw/hf-objaverse-v1/glbs/000-053/134c322efc9149f6a55fa9b0adb58b6f.glb,/gs/fs/tga-koike-shanda2/sk/data/5k_balanced/objaverse_sketchfab/134c322efc9149f6a55fa9b0adb58b6f/pc10K.npz,/gs/fs/tga-koike-shanda2/sk/data/5k_balanced/objaverse_sketchfab/134c322efc9149f6a55fa9b0adb58b6f/image.png,6.8231
26b252e7659e421e8714bab9bd914191,objaverse_sketchfab,/gs/bs/tga-koike-shanda/yurh/dataset/trellis-500k/ObjaverseXL_sketchfab/raw/hf-objaverse-v1/glbs/000-033/26b252e7659e421e8714bab9bd914191.glb,/gs/fs/tga-koike-shanda2/sk/data/5k_balanced/objaverse_sketchfab/26b252e7659e421e8714bab9bd914191/pc10K.npz,/gs/fs/tga-koike-shanda2/sk/data/5k_balanced/objaverse_sketchfab/26b252e7659e421e8714bab9bd914191/image.png,7.4121
85e2ddef02a94bda81a53293b31ef9fc,objaverse_sketchfab,/gs/bs/tga-koike-shanda/yurh/dataset/trellis-500k/ObjaverseXL_sketchfab/raw/hf-objaverse-v1/glbs/000-004/85e2ddef02a94bda81a53293b31ef9fc.glb,/gs/fs/tga-koike-shanda2/sk/data/5k_balanced/objaverse_sketchfab/85e2ddef02a94bda81a53293b31ef9fc/pc10K.npz,/gs/fs/tga-koike-shanda2/sk/data/5k_balanced/objaverse_sketchfab/85e2ddef02a94bda81a53293b31ef9fc/image.png,7.4767
779b04685be641d0b803135f6a573138,objaverse_sketchfab,/gs/bs/tga-koike-shanda/yurh/dataset/trellis-500k/ObjaverseXL_sketchfab/raw/hf-objaverse-v1/glbs/000-129/779b04685be641d0b803135f6a573138.glb,/gs/fs/tga-koike-shanda2/sk/data/5k_balanced/objaverse_sketchfab/779b04685be641d0b803135f6a573138/pc10K.npz,/gs/fs/tga-koike-shanda2/sk/data/5k_balanced/objaverse_sketchfab/779b04685be641d0b803135f6a573138/image.png,7.0180
994f282277634caea8b4ccb103f10f2a,objaverse_sketchfab,/gs/bs/tga-koike-shanda/yurh/dataset/trellis-500k/ObjaverseXL_sketchfab/raw/hf-objaverse-v1/glbs/000-136/994f282277634caea8b4ccb103f10f2a.glb,/gs/fs/tga-koike-shanda2/sk/data/5k_balanced/objaverse_sketchfab/994f282277634caea8b4ccb103f10f2a/pc10K.npz,/gs/fs/tga-koike-shanda2/sk/data/5k_balanced/objaverse_sketchfab/994f282277634caea8b4ccb103f10f2a/image.png,7.1406
a362ea28a5dd430f97eb45e90a6f3945,objaverse_sketchfab,/gs/bs/tga-koike-shanda/yurh/dataset/trellis-500k/ObjaverseXL_sketchfab/raw/hf-objaverse-v1/glbs/000-015/a362ea28a5dd430f97eb45e90a6f3945.glb,/gs/fs/tga-koike-shanda2/sk/data/5k_balanced/objaverse_sketchfab/a362ea28a5dd430f97eb45e90a6f3945/pc10K.npz,/gs/fs/tga-koike-shanda2/sk/data/5k_balanced/objaverse_sketchfab/a362ea28a5dd430f97eb45e90a6f3945/image.png,6.8391
c106f51a0dcb4c0da25618a4de6acbf8,objaverse_sketchfab,/gs/bs/tga-koike-shanda/yurh/dataset/trellis-500k/ObjaverseXL_sketchfab/raw/hf-objaverse-v1/glbs/000-134/c106f51a0dcb4c0da25618a4de6acbf8.glb,/gs/fs/tga-koike-shanda2/sk/data/5k_balanced/objaverse_sketchfab/c106f51a0dcb4c0da25618a4de6acbf8/pc10K.npz,/gs/fs/tga-koike-shanda2/sk/data/5k_balanced/objaverse_sketchfab/c106f51a0dcb4c0da25618a4de6acbf8/image.png,6.8219
acbbca1012d746c09bd993557e100f31,objaverse_sketchfab,/gs/bs/tga-koike-shanda/yurh/dataset/trellis-500k/ObjaverseXL_sketchfab/raw/hf-objaverse-v1/glbs/000-045/acbbca1012d746c09bd993557e100f31.glb,/gs/fs/tga-koike-shanda2/sk/data/5k_balanced/objaverse_sketchfab/acbbca1012d746c09bd993557e100f31/pc10K.npz,/gs/fs/tga-koike-shanda2/sk/data/5k_balanced/objaverse_sketchfab/acbbca1012d746c09bd993557e100f31/image.png,7.2532
10afc6a728ba4b80a4ef211656c734df,objaverse_sketchfab,/gs/bs/tga-koike-shanda/yurh/dataset/trellis-500k/ObjaverseXL_sketchfab/raw/hf-objaverse-v1/glbs/000-080/10afc6a728ba4b80a4ef211656c734df.glb,/gs/fs/tga-koike-shanda2/sk/data/5k_balanced/objaverse_sketchfab/10afc6a728ba4b80a4ef211656c734df/pc10K.npz,/gs/fs/tga-koike-shanda2/sk/data/5k_balanced/objaverse_sketchfab/10afc6a728ba4b80a4ef211656c734df/image.png,7.1884
4cd21391a61e48c3a652c5e254ee8bf9,objaverse_sketchfab,/gs/bs/tga-koike-shanda/yurh/dataset/trellis-500k/ObjaverseXL_sketchfab/raw/hf-objaverse-v1/glbs/000-047/4cd21391a61e48c3a652c5e254ee8bf9.glb,/gs/fs/tga-koike-shanda2/sk/data/5k_balanced/objaverse_sketchfab/4cd21391a61e48c3a652c5e254ee8bf9/pc10K.npz,/gs/fs/tga-koike-shanda2/sk/data/5k_balanced/objaverse_sketchfab/4cd21391a61e48c3a652c5e254ee8bf9/image.png,7.0484
197ee882db0b41a6950f6315dea427a3,objaverse_sketchfab,/gs/bs/tga-koike-shanda/yurh/dataset/trellis-500k/ObjaverseXL_sketchfab/raw/hf-objaverse-v1/glbs/000-013/197ee882db0b41a6950f6315dea427a3.glb,/gs/fs/tga-koike-shanda2/sk/data/5k_balanced/objaverse_sketchfab/197ee882db0b41a6950f6315dea427a3/pc10K.npz,/gs/fs/tga-koike-shanda2/sk/data/5k_balanced/objaverse_sketchfab/197ee882db0b41a6950f6315dea427a3/image.png,6.7442
08f00cb3b23e4445968c44f6e108dc1d,objaverse_sketchfab,/gs/bs/tga-koike-shanda/yurh/dataset/trellis-500k/ObjaverseXL_sketchfab/raw/hf-objaverse-v1/glbs/000-001/08f00cb3b23e4445968c44f6e108dc1d.glb,/gs/fs/tga-koike-shanda2/sk/data/5k_balanced/objaverse_sketchfab/08f00cb3b23e4445968c44f6e108dc1d/pc10K.npz,/gs/fs/tga-koike-shanda2/sk/data/5k_balanced/objaverse_sketchfab/08f00cb3b23e4445968c44f6e108dc1d/image.png,6.8687
4eb45a477ba44459b471f5f03b3eea39,objaverse_sketchfab,/gs/bs/tga-koike-shanda/yurh/dataset/trellis-500k/ObjaverseXL_sketchfab/raw/hf-objaverse-v1/glbs/000-019/4eb45a477ba44459b471f5f03b3eea39.glb,/gs/fs/tga-koike-shanda2/sk/data/5k_balanced/objaverse_sketchfab/4eb45a477ba44459b471f5f03b3eea39/pc10K.npz,/gs/fs/tga-koike-shanda2/sk/data/5k_balanced/objaverse_sketchfab/4eb45a477ba44459b471f5f03b3eea39/image.png,6.8867
290e77e5a7f44a47aa76910e59dfc806,objaverse_sketchfab,/gs/bs/tga-koike-shanda/yurh/dataset/trellis-500k/ObjaverseXL_sketchfab/raw/hf-objaverse-v1/glbs/000-157/290e77e5a7f44a47aa76910e59dfc806.glb,/gs/fs/tga-koike-shanda2/sk/data/5k_balanced/objaverse_sketchfab/290e77e5a7f44a47aa76910e59dfc806/pc10K.npz,/gs/fs/tga-koike-shanda2/sk/data/5k_balanced/objaverse_sketchfab/290e77e5a7f44a47aa76910e59dfc806/image.png,7.8807
80078bc6473a4d918cb802d9b5102a32,objaverse_sketchfab,/gs/bs/tga-koike-shanda/yurh/dataset/trellis-500k/ObjaverseXL_sketchfab/raw/hf-objaverse-v1/glbs/000-115/80078bc6473a4d918cb802d9b5102a32.glb,/gs/fs/tga-koike-shanda2/sk/data/5k_balanced/objaverse_sketchfab/80078bc6473a4d918cb802d9b5102a32/pc10K.npz,/gs/fs/tga-koike-shanda2/sk/data/5k_balanced/objaverse_sketchfab/80078bc6473a4d918cb802d9b5102a32/image.png,7.7693
4c986bd9b3d6410bb035e088c358b38a,objaverse_sketchfab,/gs/bs/tga-koike-shanda/yurh/dataset/trellis-500k/ObjaverseXL_sketchfab/raw/hf-objaverse-v1/glbs/000-068/4c986bd9b3d6410bb035e088c358b38a.glb,/gs/fs/tga-koike-shanda2/sk/data/5k_balanced/objaverse_sketchfab/4c986bd9b3d6410bb035e088c358b38a/pc10K.npz,/gs/fs/tga-koike-shanda2/sk/data/5k_balanced/objaverse_sketchfab/4c986bd9b3d6410bb035e088c358b38a/image.png,7.7363
62f0d1972d1b4d50ab1fdb664cf39b93,objaverse_sketchfab,/gs/bs/tga-koike-shanda/yurh/dataset/trellis-500k/ObjaverseXL_sketchfab/raw/hf-objaverse-v1/glbs/000-153/62f0d1972d1b4d50ab1fdb664cf39b93.glb,/gs/fs/tga-koike-shanda2/sk/data/5k_balanced/objaverse_sketchfab/62f0d1972d1b4d50ab1fdb664cf39b93/pc10K.npz,/gs/fs/tga-koike-shanda2/sk/data/5k_balanced/objaverse_sketchfab/62f0d1972d1b4d50ab1fdb664cf39b93/image.png,6.8890
df103caed4c841de97d8afebd05da44d,objaverse_sketchfab,/gs/bs/tga-koike-shanda/yurh/dataset/trellis-500k/ObjaverseXL_sketchfab/raw/hf-objaverse-v1/glbs/000-136/df103caed4c841de97d8afebd05da44d.glb,/gs/fs/tga-koike-shanda2/sk/data/5k_balanced/objaverse_sketchfab/df103caed4c841de97d8afebd05da44d/pc10K.npz,/gs/fs/tga-koike-shanda2/sk/data/5k_balanced/objaverse_sketchfab/df103caed4c841de97d8afebd05da44d/image.png,6.7354
0a705460795c4b429ceac11b7e563926,objaverse_sketchfab,/gs/bs/tga-koike-shanda/yurh/dataset/trellis-500k/ObjaverseXL_sketchfab/raw/hf-objaverse-v1/glbs/000-010/0a705460795c4b429ceac11b7e563926.glb,/gs/fs/tga-koike-shanda2/sk/data/5k_balanced/objaverse_sketchfab/0a705460795c4b429ceac11b7e563926/pc10K.npz,/gs/fs/tga-koike-shanda2/sk/data/5k_balanced/objaverse_sketchfab/0a705460795c4b429ceac11b7e563926/image.png,6.8951
1a70d3380d534ae589c452ada453f7a4,objaverse_sketchfab,/gs/bs/tga-koike-shanda/yurh/dataset/trellis-500k/ObjaverseXL_sketchfab/raw/hf-objaverse-v1/glbs/000-112/1a70d3380d534ae589c452ada453f7a4.glb,/gs/fs/tga-koike-shanda2/sk/data/5k_balanced/objaverse_sketchfab/1a70d3380d534ae589c452ada453f7a4/pc10K.npz,/gs/fs/tga-koike-shanda2/sk/data/5k_balanced/objaverse_sketchfab/1a70d3380d534ae589c452ada453f7a4/image.png,6.8943
7d8ef056180c48b795e662bdc38f2e75,objaverse_sketchfab,/gs/bs/tga-koike-shanda/yurh/dataset/trellis-500k/ObjaverseXL_sketchfab/raw/hf-objaverse-v1/glbs/000-098/7d8ef056180c48b795e662bdc38f2e75.glb,/gs/fs/tga-koike-shanda2/sk/data/5k_balanced/objaverse_sketchfab/7d8ef056180c48b795e662bdc38f2e75/pc10K.npz,/gs/fs/tga-koike-shanda2/sk/data/5k_balanced/objaverse_sketchfab/7d8ef056180c48b795e662bdc38f2e75/image.png,6.7556
7f9deb1361774828b78c3a199d9aa054,objaverse_sketchfab,/gs/bs/tga-koike-shanda/yurh/dataset/trellis-500k/ObjaverseXL_sketchfab/raw/hf-objaverse-v1/glbs/000-133/7f9deb1361774828b78c3a199d9aa054.glb,/gs/fs/tga-koike-shanda2/sk/data/5k_balanced/objaverse_sketchfab/7f9deb1361774828b78c3a199d9aa054/pc10K.npz,/gs/fs/tga-koike-shanda2/sk/data/5k_balanced/objaverse_sketchfab/7f9deb1361774828b78c3a199d9aa054/image.png,7.1105
72f4cee93a944ffc9bebf4dfcc3984d7,objaverse_sketchfab,/gs/bs/tga-koike-shanda/yurh/dataset/trellis-500k/ObjaverseXL_sketchfab/raw/hf-objaverse-v1/glbs/000-058/72f4cee93a944ffc9bebf4dfcc3984d7.glb,/gs/fs/tga-koike-shanda2/sk/data/5k_balanced/objaverse_sketchfab/72f4cee93a944ffc9bebf4dfcc3984d7/pc10K.npz,/gs/fs/tga-koike-shanda2/sk/data/5k_balanced/objaverse_sketchfab/72f4cee93a944ffc9bebf4dfcc3984d7/image.png,6.8722
9d00e0a63ba54cbb931825c420f49dd7,objaverse_sketchfab,/gs/bs/tga-koike-shanda/yurh/dataset/trellis-500k/ObjaverseXL_sketchfab/raw/hf-objaverse-v1/glbs/000-144/9d00e0a63ba54cbb931825c420f49dd7.glb,/gs/fs/tga-koike-shanda2/sk/data/5k_balanced/objaverse_sketchfab/9d00e0a63ba54cbb931825c420f49dd7/pc10K.npz,/gs/fs/tga-koike-shanda2/sk/data/5k_balanced/objaverse_sketchfab/9d00e0a63ba54cbb931825c420f49dd7/image.png,6.8040
52b74992a81d4969b628ee17e4a1b1a5,objaverse_sketchfab,/gs/bs/tga-koike-shanda/yurh/dataset/trellis-500k/ObjaverseXL_sketchfab/raw/hf-objaverse-v1/glbs/000-028/52b74992a81d4969b628ee17e4a1b1a5.glb,/gs/fs/tga-koike-shanda2/sk/data/5k_balanced/objaverse_sketchfab/52b74992a81d4969b628ee17e4a1b1a5/pc10K.npz,/gs/fs/tga-koike-shanda2/sk/data/5k_balanced/objaverse_sketchfab/52b74992a81d4969b628ee17e4a1b1a5/image.png,6.8140
dd853ef483944b7b80040c2a2539bf1d,objaverse_sketchfab,/gs/bs/tga-koike-shanda/yurh/dataset/trellis-500k/ObjaverseXL_sketchfab/raw/hf-objaverse-v1/glbs/000-100/dd853ef483944b7b80040c2a2539bf1d.glb,/gs/fs/tga-koike-shanda2/sk/data/5k_balanced/objaverse_sketchfab/dd853ef483944b7b80040c2a2539bf1d/pc10K.npz,/gs/fs/tga-koike-shanda2/sk/data/5k_balanced/objaverse_sketchfab/dd853ef483944b7b80040c2a2539bf1d/image.png,7.3507
570f1b5a5e7a4473a269cfe96b27635a,objaverse_sketchfab,/gs/bs/tga-koike-shanda/yurh/dataset/trellis-500k/ObjaverseXL_sketchfab/raw/hf-objaverse-v1/glbs/000-059/570f1b5a5e7a4473a269cfe96b27635a.glb,/gs/fs/tga-koike-shanda2/sk/data/5k_balanced/objaverse_sketchfab/570f1b5a5e7a4473a269cfe96b27635a/pc10K.npz,/gs/fs/tga-koike-shanda2/sk/data/5k_balanced/objaverse_sketchfab/570f1b5a5e7a4473a269cfe96b27635a/image.png,7.3129
d44a63f195d6486895fe271c568dd81b,objaverse_sketchfab,/gs/bs/tga-koike-shanda/yurh/dataset/trellis-500k/ObjaverseXL_sketchfab/raw/hf-objaverse-v1/glbs/000-127/d44a63f195d6486895fe271c568dd81b.glb,/gs/fs/tga-koike-shanda2/sk/data/5k_balanced/objaverse_sketchfab/d44a63f195d6486895fe271c568dd81b/pc10K.npz,/gs/fs/tga-koike-shanda2/sk/data/5k_balanced/objaverse_sketchfab/d44a63f195d6486895fe271c568dd81b/image.png,6.9664
8597451363f44acd96e3bad63ee8cef3,objaverse_sketchfab,/gs/bs/tga-koike-shanda/yurh/dataset/trellis-500k/ObjaverseXL_sketchfab/raw/hf-objaverse-v1/glbs/000-090/8597451363f44acd96e3bad63ee8cef3.glb,/gs/fs/tga-koike-shanda2/sk/data/5k_balanced/objaverse_sketchfab/8597451363f44acd96e3bad63ee8cef3/pc10K.npz,/gs/fs/tga-koike-shanda2/sk/data/5k_balanced/objaverse_sketchfab/8597451363f44acd96e3bad63ee8cef3/image.png,6.8569
9611c637df9248c6b2b48e9e22897841,objaverse_sketchfab,/gs/bs/tga-koike-shanda/yurh/dataset/trellis-500k/ObjaverseXL_sketchfab/raw/hf-objaverse-v1/glbs/000-122/9611c637df9248c6b2b48e9e22897841.glb,/gs/fs/tga-koike-shanda2/sk/data/5k_balanced/objaverse_sketchfab/9611c637df9248c6b2b48e9e22897841/pc10K.npz,/gs/fs/tga-koike-shanda2/sk/data/5k_balanced/objaverse_sketchfab/9611c637df9248c6b2b48e9e22897841/image.png,7.7113
f7e151f9616241f4a8289cc27d7f6a0b,objaverse_sketchfab,/gs/bs/tga-koike-shanda/yurh/dataset/trellis-500k/ObjaverseXL_sketchfab/raw/hf-objaverse-v1/glbs/000-094/f7e151f9616241f4a8289cc27d7f6a0b.glb,/gs/fs/tga-koike-shanda2/sk/data/5k_balanced/objaverse_sketchfab/f7e151f9616241f4a8289cc27d7f6a0b/pc10K.npz,/gs/fs/tga-koike-shanda2/sk/data/5k_balanced/objaverse_sketchfab/f7e151f9616241f4a8289cc27d7f6a0b/image.png,6.8580
fb2382bef9c145dfa7e48abf3ca3c574,objaverse_sketchfab,/gs/bs/tga-koike-shanda/yurh/dataset/trellis-500k/ObjaverseXL_sketchfab/raw/hf-objaverse-v1/glbs/000-034/fb2382bef9c145dfa7e48abf3ca3c574.glb,/gs/fs/tga-koike-shanda2/sk/data/5k_balanced/objaverse_sketchfab/fb2382bef9c145dfa7e48abf3ca3c574/pc10K.npz,/gs/fs/tga-koike-shanda2/sk/data/5k_balanced/objaverse_sketchfab/fb2382bef9c145dfa7e48abf3ca3c574/image.png,6.7441
01510c100fe940d5b5999fd028d2c6bf,objaverse_sketchfab,/gs/bs/tga-koike-shanda/yurh/dataset/trellis-500k/ObjaverseXL_sketchfab/raw/hf-objaverse-v1/glbs/000-135/01510c100fe940d5b5999fd028d2c6bf.glb,/gs/fs/tga-koike-shanda2/sk/data/5k_balanced/objaverse_sketchfab/01510c100fe940d5b5999fd028d2c6bf/pc10K.npz,/gs/fs/tga-koike-shanda2/sk/data/5k_balanced/objaverse_sketchfab/01510c100fe940d5b5999fd028d2c6bf/image.png,7.2390
16674e8b129c4f25878b021447095359,objaverse_sketchfab,/gs/bs/tga-koike-shanda/yurh/dataset/trellis-500k/ObjaverseXL_sketchfab/raw/hf-objaverse-v1/glbs/000-115/16674e8b129c4f25878b021447095359.glb,/gs/fs/tga-koike-shanda2/sk/data/5k_balanced/objaverse_sketchfab/16674e8b129c4f25878b021447095359/pc10K.npz,/gs/fs/tga-koike-shanda2/sk/data/5k_balanced/objaverse_sketchfab/16674e8b129c4f25878b021447095359/image.png,7.2370
ff8a4e4f9d1f4fdeb3a1d887f6f70dae,objaverse_sketchfab,/gs/bs/tga-koike-shanda/yurh/dataset/trellis-500k/ObjaverseXL_sketchfab/raw/hf-objaverse-v1/glbs/000-157/ff8a4e4f9d1f4fdeb3a1d887f6f70dae.glb,/gs/fs/tga-koike-shanda2/sk/data/5k_balanced/objaverse_sketchfab/ff8a4e4f9d1f4fdeb3a1d887f6f70dae/pc10K.npz,/gs/fs/tga-koike-shanda2/sk/data/5k_balanced/objaverse_sketchfab/ff8a4e4f9d1f4fdeb3a1d887f6f70dae/image.png,6.7684
ef1c28c8cb874a3085a489d0a88bc7c5,objaverse_sketchfab,/gs/bs/tga-koike-shanda/yurh/dataset/trellis-500k/ObjaverseXL_sketchfab/raw/hf-objaverse-v1/glbs/000-071/ef1c28c8cb874a3085a489d0a88bc7c5.glb,/gs/fs/tga-koike-shanda2/sk/data/5k_balanced/objaverse_sketchfab/ef1c28c8cb874a3085a489d0a88bc7c5/pc10K.npz,/gs/fs/tga-koike-shanda2/sk/data/5k_balanced/objaverse_sketchfab/ef1c28c8cb874a3085a489d0a88bc7c5/image.png,6.9973
4af286ea07c94254a3830de9a56dabbc,objaverse_sketchfab,/gs/bs/tga-koike-shanda/yurh/dataset/trellis-500k/ObjaverseXL_sketchfab/raw/hf-objaverse-v1/glbs/000-065/4af286ea07c94254a3830de9a56dabbc.glb,/gs/fs/tga-koike-shanda2/sk/data/5k_balanced/objaverse_sketchfab/4af286ea07c94254a3830de9a56dabbc/pc10K.npz,/gs/fs/tga-koike-shanda2/sk/data/5k_balanced/objaverse_sketchfab/4af286ea07c94254a3830de9a56dabbc/image.png,7.1126
6dfe07657b624fc19629e9d15d4ba0c8,objaverse_sketchfab,/gs/bs/tga-koike-shanda/yurh/dataset/trellis-500k/ObjaverseXL_sketchfab/raw/hf-objaverse-v1/glbs/000-114/6dfe07657b624fc19629e9d15d4ba0c8.glb,/gs/fs/tga-koike-shanda2/sk/data/5k_balanced/objaverse_sketchfab/6dfe07657b624fc19629e9d15d4ba0c8/pc10K.npz,/gs/fs/tga-koike-shanda2/sk/data/5k_balanced/objaverse_sketchfab/6dfe07657b624fc19629e9d15d4ba0c8/image.png,6.9124
6ea474657f944eafb30507e82410bb5f,objaverse_sketchfab,/gs/bs/tga-koike-shanda/yurh/dataset/trellis-500k/ObjaverseXL_sketchfab/raw/hf-objaverse-v1/glbs/000-061/6ea474657f944eafb30507e82410bb5f.glb,/gs/fs/tga-koike-shanda2/sk/data/5k_balanced/objaverse_sketchfab/6ea474657f944eafb30507e82410bb5f/pc10K.npz,/gs/fs/tga-koike-shanda2/sk/data/5k_balanced/objaverse_sketchfab/6ea474657f944eafb30507e82410bb5f/image.png,7.1438
c318fb5d866b45779ba85f410dcfaa09,objaverse_sketchfab,/gs/bs/tga-koike-shanda/yurh/dataset/trellis-500k/ObjaverseXL_sketchfab/raw/hf-objaverse-v1/glbs/000-121/c318fb5d866b45779ba85f410dcfaa09.glb,/gs/fs/tga-koike-shanda2/sk/data/5k_balanced/objaverse_sketchfab/c318fb5d866b45779ba85f410dcfaa09/pc10K.npz,/gs/fs/tga-koike-shanda2/sk/data/5k_balanced/objaverse_sketchfab/c318fb5d866b45779ba85f410dcfaa09/image.png,6.8288
7f59b8f74bc14627af3a6cf1c925d061,objaverse_sketchfab,/gs/bs/tga-koike-shanda/yurh/dataset/trellis-500k/ObjaverseXL_sketchfab/raw/hf-objaverse-v1/glbs/000-158/7f59b8f74bc14627af3a6cf1c925d061.glb,/gs/fs/tga-koike-shanda2/sk/data/5k_balanced/objaverse_sketchfab/7f59b8f74bc14627af3a6cf1c925d061/pc10K.npz,/gs/fs/tga-koike-shanda2/sk/data/5k_balanced/objaverse_sketchfab/7f59b8f74bc14627af3a6cf1c925d061/image.png,6.9948
1614dd0534634b33aa8a743fbbf755c9,objaverse_sketchfab,/gs/bs/tga-koike-shanda/yurh/dataset/trellis-500k/ObjaverseXL_sketchfab/raw/hf-objaverse-v1/glbs/000-011/1614dd0534634b33aa8a743fbbf755c9.glb,/gs/fs/tga-koike-shanda2/sk/data/5k_balanced/objaverse_sketchfab/1614dd0534634b33aa8a743fbbf755c9/pc10K.npz,/gs/fs/tga-koike-shanda2/sk/data/5k_balanced/objaverse_sketchfab/1614dd0534634b33aa8a743fbbf755c9/image.png,6.9789
2f50359ff1424fb2bb42672042977e2b,objaverse_sketchfab,/gs/bs/tga-koike-shanda/yurh/dataset/trellis-500k/ObjaverseXL_sketchfab/raw/hf-objaverse-v1/glbs/000-055/2f50359ff1424fb2bb42672042977e2b.glb,/gs/fs/tga-koike-shanda2/sk/data/5k_balanced/objaverse_sketchfab/2f50359ff1424fb2bb42672042977e2b/pc10K.npz,/gs/fs/tga-koike-shanda2/sk/data/5k_balanced/objaverse_sketchfab/2f50359ff1424fb2bb42672042977e2b/image.png,6.8503
ffca09fb1ac8488ebf95600e5704c535,objaverse_sketchfab,/gs/bs/tga-koike-shanda/yurh/dataset/trellis-500k/ObjaverseXL_sketchfab/raw/hf-objaverse-v1/glbs/000-026/ffca09fb1ac8488ebf95600e5704c535.glb,/gs/fs/tga-koike-shanda2/sk/data/5k_balanced/objaverse_sketchfab/ffca09fb1ac8488ebf95600e5704c535/pc10K.npz,/gs/fs/tga-koike-shanda2/sk/data/5k_balanced/objaverse_sketchfab/ffca09fb1ac8488ebf95600e5704c535/image.png,7.1000
6edb55ec1cad4d588a1a27dc996527e1,objaverse_sketchfab,/gs/bs/tga-koike-shanda/yurh/dataset/trellis-500k/ObjaverseXL_sketchfab/raw/hf-objaverse-v1/glbs/000-078/6edb55ec1cad4d588a1a27dc996527e1.glb,/gs/fs/tga-koike-shanda2/sk/data/5k_balanced/objaverse_sketchfab/6edb55ec1cad4d588a1a27dc996527e1/pc10K.npz,/gs/fs/tga-koike-shanda2/sk/data/5k_balanced/objaverse_sketchfab/6edb55ec1cad4d588a1a27dc996527e1/image.png,7.0985
e58d25c1d8cd40c08f8927fabf103b65,objaverse_sketchfab,/gs/bs/tga-koike-shanda/yurh/dataset/trellis-500k/ObjaverseXL_sketchfab/raw/hf-objaverse-v1/glbs/000-151/e58d25c1d8cd40c08f8927fabf103b65.glb,/gs/fs/tga-koike-shanda2/sk/data/5k_balanced/objaverse_sketchfab/e58d25c1d8cd40c08f8927fabf103b65/pc10K.npz,/gs/fs/tga-koike-shanda2/sk/data/5k_balanced/objaverse_sketchfab/e58d25c1d8cd40c08f8927fabf103b65/image.png,6.9977
9c749f68f06340ba8519a7d97e3d2624,objaverse_sketchfab,/gs/bs/tga-koike-shanda/yurh/dataset/trellis-500k/ObjaverseXL_sketchfab/raw/hf-objaverse-v1/glbs/000-144/9c749f68f06340ba8519a7d97e3d2624.glb,/gs/fs/tga-koike-shanda2/sk/data/5k_balanced/objaverse_sketchfab/9c749f68f06340ba8519a7d97e3d2624/pc10K.npz,/gs/fs/tga-koike-shanda2/sk/data/5k_balanced/objaverse_sketchfab/9c749f68f06340ba8519a7d97e3d2624/image.png,6.8449
5fb8414bf60f4535aa51f2688fb864e0,objaverse_sketchfab,/gs/bs/tga-koike-shanda/yurh/dataset/trellis-500k/ObjaverseXL_sketchfab/raw/hf-objaverse-v1/glbs/000-003/5fb8414bf60f4535aa51f2688fb864e0.glb,/gs/fs/tga-koike-shanda2/sk/data/5k_balanced/objaverse_sketchfab/5fb8414bf60f4535aa51f2688fb864e0/pc10K.npz,/gs/fs/tga-koike-shanda2/sk/data/5k_balanced/objaverse_sketchfab/5fb8414bf60f4535aa51f2688fb864e0/image.png,7.2515
80159a1881b24b3ea55edbb96547ccff,objaverse_sketchfab,/gs/bs/tga-koike-shanda/yurh/dataset/trellis-500k/ObjaverseXL_sketchfab/raw/hf-objaverse-v1/glbs/000-023/80159a1881b24b3ea55edbb96547ccff.glb,/gs/fs/tga-koike-shanda2/sk/data/5k_balanced/objaverse_sketchfab/80159a1881b24b3ea55edbb96547ccff/pc10K.npz,/gs/fs/tga-koike-shanda2/sk/data/5k_balanced/objaverse_sketchfab/80159a1881b24b3ea55edbb96547ccff/image.png,6.9979
bdcac058fed343aca4db7fa283fadb7b,objaverse_sketchfab,/gs/bs/tga-koike-shanda/yurh/dataset/trellis-500k/ObjaverseXL_sketchfab/raw/hf-objaverse-v1/glbs/000-141/bdcac058fed343aca4db7fa283fadb7b.glb,/gs/fs/tga-koike-shanda2/sk/data/5k_balanced/objaverse_sketchfab/bdcac058fed343aca4db7fa283fadb7b/pc10K.npz,/gs/fs/tga-koike-shanda2/sk/data/5k_balanced/objaverse_sketchfab/bdcac058fed343aca4db7fa283fadb7b/image.png,7.0173
f5ba15720b6a4b9d8d5cfd4ecec452bd,objaverse_sketchfab,/gs/bs/tga-koike-shanda/yurh/dataset/trellis-500k/ObjaverseXL_sketchfab/raw/hf-objaverse-v1/glbs/000-128/f5ba15720b6a4b9d8d5cfd4ecec452bd.glb,/gs/fs/tga-koike-shanda2/sk/data/5k_balanced/objaverse_sketchfab/f5ba15720b6a4b9d8d5cfd4ecec452bd/pc10K.npz,/gs/fs/tga-koike-shanda2/sk/data/5k_balanced/objaverse_sketchfab/f5ba15720b6a4b9d8d5cfd4ecec452bd/image.png,6.9089
49b823bdbcd3468c8a7e3b5d1dbb8b51,objaverse_sketchfab,/gs/bs/tga-koike-shanda/yurh/dataset/trellis-500k/ObjaverseXL_sketchfab/raw/hf-objaverse-v1/glbs/000-046/49b823bdbcd3468c8a7e3b5d1dbb8b51.glb,/gs/fs/tga-koike-shanda2/sk/data/5k_balanced/objaverse_sketchfab/49b823bdbcd3468c8a7e3b5d1dbb8b51/pc10K.npz,/gs/fs/tga-koike-shanda2/sk/data/5k_balanced/objaverse_sketchfab/49b823bdbcd3468c8a7e3b5d1dbb8b51/image.png,6.7860
4906191118f742c581fcc782a1e8005c,objaverse_sketchfab,/gs/bs/tga-koike-shanda/yurh/dataset/trellis-500k/ObjaverseXL_sketchfab/raw/hf-objaverse-v1/glbs/000-065/4906191118f742c581fcc782a1e8005c.glb,/gs/fs/tga-koike-shanda2/sk/data/5k_balanced/objaverse_sketchfab/4906191118f742c581fcc782a1e8005c/pc10K.npz,/gs/fs/tga-koike-shanda2/sk/data/5k_balanced/objaverse_sketchfab/4906191118f742c581fcc782a1e8005c/image.png,7.0070
11d08c83d14d4c0c88495369560c9ff4,objaverse_sketchfab,/gs/bs/tga-koike-shanda/yurh/dataset/trellis-500k/ObjaverseXL_sketchfab/raw/hf-objaverse-v1/glbs/000-033/11d08c83d14d4c0c88495369560c9ff4.glb,/gs/fs/tga-koike-shanda2/sk/data/5k_balanced/objaverse_sketchfab/11d08c83d14d4c0c88495369560c9ff4/pc10K.npz,/gs/fs/tga-koike-shanda2/sk/data/5k_balanced/objaverse_sketchfab/11d08c83d14d4c0c88495369560c9ff4/image.png,6.7565
9687f0dab87548da9d8f1a41d94494be,objaverse_sketchfab,/gs/bs/tga-koike-shanda/yurh/dataset/trellis-500k/ObjaverseXL_sketchfab/raw/hf-objaverse-v1/glbs/000-092/9687f0dab87548da9d8f1a41d94494be.glb,/gs/fs/tga-koike-shanda2/sk/data/5k_balanced/objaverse_sketchfab/9687f0dab87548da9d8f1a41d94494be/pc10K.npz,/gs/fs/tga-koike-shanda2/sk/data/5k_balanced/objaverse_sketchfab/9687f0dab87548da9d8f1a41d94494be/image.png,6.7628
eb9a45df1522410ab0b8f8e2249ec8c6,objaverse_sketchfab,/gs/bs/tga-koike-shanda/yurh/dataset/trellis-500k/ObjaverseXL_sketchfab/raw/hf-objaverse-v1/glbs/000-034/eb9a45df1522410ab0b8f8e2249ec8c6.glb,/gs/fs/tga-koike-shanda2/sk/data/5k_balanced/objaverse_sketchfab/eb9a45df1522410ab0b8f8e2249ec8c6/pc10K.npz,/gs/fs/tga-koike-shanda2/sk/data/5k_balanced/objaverse_sketchfab/eb9a45df1522410ab0b8f8e2249ec8c6/image.png,7.1843
60ec196463ee4cb394a13bff1b400ccb,objaverse_sketchfab,/gs/bs/tga-koike-shanda/yurh/dataset/trellis-500k/ObjaverseXL_sketchfab/raw/hf-objaverse-v1/glbs/000-143/60ec196463ee4cb394a13bff1b400ccb.glb,/gs/fs/tga-koike-shanda2/sk/data/5k_balanced/objaverse_sketchfab/60ec196463ee4cb394a13bff1b400ccb/pc10K.npz,/gs/fs/tga-koike-shanda2/sk/data/5k_balanced/objaverse_sketchfab/60ec196463ee4cb394a13bff1b400ccb/image.png,7.2664
6ce7dc3b520043fba45a0cb20fa89b65,objaverse_sketchfab,/gs/bs/tga-koike-shanda/yurh/dataset/trellis-500k/ObjaverseXL_sketchfab/raw/hf-objaverse-v1/glbs/000-006/6ce7dc3b520043fba45a0cb20fa89b65.glb,/gs/fs/tga-koike-shanda2/sk/data/5k_balanced/objaverse_sketchfab/6ce7dc3b520043fba45a0cb20fa89b65/pc10K.npz,/gs/fs/tga-koike-shanda2/sk/data/5k_balanced/objaverse_sketchfab/6ce7dc3b520043fba45a0cb20fa89b65/image.png,7.1115
b8b626706b2c43a3ad51b447a31ab222,objaverse_sketchfab,/gs/bs/tga-koike-shanda/yurh/dataset/trellis-500k/ObjaverseXL_sketchfab/raw/hf-objaverse-v1/glbs/000-068/b8b626706b2c43a3ad51b447a31ab222.glb,/gs/fs/tga-koike-shanda2/sk/data/5k_balanced/objaverse_sketchfab/b8b626706b2c43a3ad51b447a31ab222/pc10K.npz,/gs/fs/tga-koike-shanda2/sk/data/5k_balanced/objaverse_sketchfab/b8b626706b2c43a3ad51b447a31ab222/image.png,6.9304
ab8a9d46e7d84a70957f5884c5503367,objaverse_sketchfab,/gs/bs/tga-koike-shanda/yurh/dataset/trellis-500k/ObjaverseXL_sketchfab/raw/hf-objaverse-v1/glbs/000-007/ab8a9d46e7d84a70957f5884c5503367.glb,/gs/fs/tga-koike-shanda2/sk/data/5k_balanced/objaverse_sketchfab/ab8a9d46e7d84a70957f5884c5503367/pc10K.npz,/gs/fs/tga-koike-shanda2/sk/data/5k_balanced/objaverse_sketchfab/ab8a9d46e7d84a70957f5884c5503367/image.png,7.2405
04467a6a534d4a5fbd0de6c611737986,objaverse_sketchfab,/gs/bs/tga-koike-shanda/yurh/dataset/trellis-500k/ObjaverseXL_sketchfab/raw/hf-objaverse-v1/glbs/000-012/04467a6a534d4a5fbd0de6c611737986.glb,/gs/fs/tga-koike-shanda2/sk/data/5k_balanced/objaverse_sketchfab/04467a6a534d4a5fbd0de6c611737986/pc10K.npz,/gs/fs/tga-koike-shanda2/sk/data/5k_balanced/objaverse_sketchfab/04467a6a534d4a5fbd0de6c611737986/image.png,6.7596
c3ca34b882f149499ca99f36b2c60957,objaverse_sketchfab,/gs/bs/tga-koike-shanda/yurh/dataset/trellis-500k/ObjaverseXL_sketchfab/raw/hf-objaverse-v1/glbs/000-024/c3ca34b882f149499ca99f36b2c60957.glb,/gs/fs/tga-koike-shanda2/sk/data/5k_balanced/objaverse_sketchfab/c3ca34b882f149499ca99f36b2c60957/pc10K.npz,/gs/fs/tga-koike-shanda2/sk/data/5k_balanced/objaverse_sketchfab/c3ca34b882f149499ca99f36b2c60957/image.png,7.0233
a9a5d33b5ddc408aae86f5c5843d33ed,objaverse_sketchfab,/gs/bs/tga-koike-shanda/yurh/dataset/trellis-500k/ObjaverseXL_sketchfab/raw/hf-objaverse-v1/glbs/000-126/a9a5d33b5ddc408aae86f5c5843d33ed.glb,/gs/fs/tga-koike-shanda2/sk/data/5k_balanced/objaverse_sketchfab/a9a5d33b5ddc408aae86f5c5843d33ed/pc10K.npz,/gs/fs/tga-koike-shanda2/sk/data/5k_balanced/objaverse_sketchfab/a9a5d33b5ddc408aae86f5c5843d33ed/image.png,6.9284
3831b4749a8248d98150b093c3e4dc55,objaverse_sketchfab,/gs/bs/tga-koike-shanda/yurh/dataset/trellis-500k/ObjaverseXL_sketchfab/raw/hf-objaverse-v1/glbs/000-087/3831b4749a8248d98150b093c3e4dc55.glb,/gs/fs/tga-koike-shanda2/sk/data/5k_balanced/objaverse_sketchfab/3831b4749a8248d98150b093c3e4dc55/pc10K.npz,/gs/fs/tga-koike-shanda2/sk/data/5k_balanced/objaverse_sketchfab/3831b4749a8248d98150b093c3e4dc55/image.png,6.8278
ed694f4c09954aaa8776ebe1e1cd9b73,objaverse_sketchfab,/gs/bs/tga-koike-shanda/yurh/dataset/trellis-500k/ObjaverseXL_sketchfab/raw/hf-objaverse-v1/glbs/000-020/ed694f4c09954aaa8776ebe1e1cd9b73.glb,/gs/fs/tga-koike-shanda2/sk/data/5k_balanced/objaverse_sketchfab/ed694f4c09954aaa8776ebe1e1cd9b73/pc10K.npz,/gs/fs/tga-koike-shanda2/sk/data/5k_balanced/objaverse_sketchfab/ed694f4c09954aaa8776ebe1e1cd9b73/image.png,7.3464
f103bf0db3de4d9dbeeb0c534d361398,objaverse_sketchfab,/gs/bs/tga-koike-shanda/yurh/dataset/trellis-500k/ObjaverseXL_sketchfab/raw/hf-objaverse-v1/glbs/000-065/f103bf0db3de4d9dbeeb0c534d361398.glb,/gs/fs/tga-koike-shanda2/sk/data/5k_balanced/objaverse_sketchfab/f103bf0db3de4d9dbeeb0c534d361398/pc10K.npz,/gs/fs/tga-koike-shanda2/sk/data/5k_balanced/objaverse_sketchfab/f103bf0db3de4d9dbeeb0c534d361398/image.png,7.6933
0e9dcb1223c444a79ffb2e55098e4733,objaverse_sketchfab,/gs/bs/tga-koike-shanda/yurh/dataset/trellis-500k/ObjaverseXL_sketchfab/raw/hf-objaverse-v1/glbs/000-144/0e9dcb1223c444a79ffb2e55098e4733.glb,/gs/fs/tga-koike-shanda2/sk/data/5k_balanced/objaverse_sketchfab/0e9dcb1223c444a79ffb2e55098e4733/pc10K.npz,/gs/fs/tga-koike-shanda2/sk/data/5k_balanced/objaverse_sketchfab/0e9dcb1223c444a79ffb2e55098e4733/image.png,6.9620
24c8121fd1814f2f8d5a63a2043c714b,objaverse_sketchfab,/gs/bs/tga-koike-shanda/yurh/dataset/trellis-500k/ObjaverseXL_sketchfab/raw/hf-objaverse-v1/glbs/000-021/24c8121fd1814f2f8d5a63a2043c714b.glb,/gs/fs/tga-koike-shanda2/sk/data/5k_balanced/objaverse_sketchfab/24c8121fd1814f2f8d5a63a2043c714b/pc10K.npz,/gs/fs/tga-koike-shanda2/sk/data/5k_balanced/objaverse_sketchfab/24c8121fd1814f2f8d5a63a2043c714b/image.png,6.9517
3033af7ead1743a7847ea3c32f0241d3,objaverse_sketchfab,/gs/bs/tga-koike-shanda/yurh/dataset/trellis-500k/ObjaverseXL_sketchfab/raw/hf-objaverse-v1/glbs/000-054/3033af7ead1743a7847ea3c32f0241d3.glb,/gs/fs/tga-koike-shanda2/sk/data/5k_balanced/objaverse_sketchfab/3033af7ead1743a7847ea3c32f0241d3/pc10K.npz,/gs/fs/tga-koike-shanda2/sk/data/5k_balanced/objaverse_sketchfab/3033af7ead1743a7847ea3c32f0241d3/image.png,7.3467
e5ec0f510a384d4f896529c297620ca7,objaverse_sketchfab,/gs/bs/tga-koike-shanda/yurh/dataset/trellis-500k/ObjaverseXL_sketchfab/raw/hf-objaverse-v1/glbs/000-069/e5ec0f510a384d4f896529c297620ca7.glb,/gs/fs/tga-koike-shanda2/sk/data/5k_balanced/objaverse_sketchfab/e5ec0f510a384d4f896529c297620ca7/pc10K.npz,/gs/fs/tga-koike-shanda2/sk/data/5k_balanced/objaverse_sketchfab/e5ec0f510a384d4f896529c297620ca7/image.png,6.9629
1b0e13ac59d7428b80116e9453109609,objaverse_sketchfab,/gs/bs/tga-koike-shanda/yurh/dataset/trellis-500k/ObjaverseXL_sketchfab/raw/hf-objaverse-v1/glbs/000-118/1b0e13ac59d7428b80116e9453109609.glb,/gs/fs/tga-koike-shanda2/sk/data/5k_balanced/objaverse_sketchfab/1b0e13ac59d7428b80116e9453109609/pc10K.npz,/gs/fs/tga-koike-shanda2/sk/data/5k_balanced/objaverse_sketchfab/1b0e13ac59d7428b80116e9453109609/image.png,6.8560
4b631faee0e047858f30955f2f3082ed,objaverse_sketchfab,/gs/bs/tga-koike-shanda/yurh/dataset/trellis-500k/ObjaverseXL_sketchfab/raw/hf-objaverse-v1/glbs/000-034/4b631faee0e047858f30955f2f3082ed.glb,/gs/fs/tga-koike-shanda2/sk/data/5k_balanced/objaverse_sketchfab/4b631faee0e047858f30955f2f3082ed/pc10K.npz,/gs/fs/tga-koike-shanda2/sk/data/5k_balanced/objaverse_sketchfab/4b631faee0e047858f30955f2f3082ed/image.png,6.8638
d572eba010844a62b0024aced2bb7c1d,objaverse_sketchfab,/gs/bs/tga-koike-shanda/yurh/dataset/trellis-500k/ObjaverseXL_sketchfab/raw/hf-objaverse-v1/glbs/000-151/d572eba010844a62b0024aced2bb7c1d.glb,/gs/fs/tga-koike-shanda2/sk/data/5k_balanced/objaverse_sketchfab/d572eba010844a62b0024aced2bb7c1d/pc10K.npz,/gs/fs/tga-koike-shanda2/sk/data/5k_balanced/objaverse_sketchfab/d572eba010844a62b0024aced2bb7c1d/image.png,7.2105
bfd1704ee2cc4bb0af12b77bc92b262a,objaverse_sketchfab,/gs/bs/tga-koike-shanda/yurh/dataset/trellis-500k/ObjaverseXL_sketchfab/raw/hf-objaverse-v1/glbs/000-008/bfd1704ee2cc4bb0af12b77bc92b262a.glb,/gs/fs/tga-koike-shanda2/sk/data/5k_balanced/objaverse_sketchfab/bfd1704ee2cc4bb0af12b77bc92b262a/pc10K.npz,/gs/fs/tga-koike-shanda2/sk/data/5k_balanced/objaverse_sketchfab/bfd1704ee2cc4bb0af12b77bc92b262a/image.png,6.9484
1a3d7e8838e548a7b04f3f6edf87ea0a,objaverse_sketchfab,/gs/bs/tga-koike-shanda/yurh/dataset/trellis-500k/ObjaverseXL_sketchfab/raw/hf-objaverse-v1/glbs/000-055/1a3d7e8838e548a7b04f3f6edf87ea0a.glb,/gs/fs/tga-koike-shanda2/sk/data/5k_balanced/objaverse_sketchfab/1a3d7e8838e548a7b04f3f6edf87ea0a/pc10K.npz,/gs/fs/tga-koike-shanda2/sk/data/5k_balanced/objaverse_sketchfab/1a3d7e8838e548a7b04f3f6edf87ea0a/image.png,6.7484
14d7e44e4c964362af4707f9ec7665f9,objaverse_sketchfab,/gs/bs/tga-koike-shanda/yurh/dataset/trellis-500k/ObjaverseXL_sketchfab/raw/hf-objaverse-v1/glbs/000-018/14d7e44e4c964362af4707f9ec7665f9.glb,/gs/fs/tga-koike-shanda2/sk/data/5k_balanced/objaverse_sketchfab/14d7e44e4c964362af4707f9ec7665f9/pc10K.npz,/gs/fs/tga-koike-shanda2/sk/data/5k_balanced/objaverse_sketchfab/14d7e44e4c964362af4707f9ec7665f9/image.png,7.1811
c27e52da14ec494683152355bb99e50f,objaverse_sketchfab,/gs/bs/tga-koike-shanda/yurh/dataset/trellis-500k/ObjaverseXL_sketchfab/raw/hf-objaverse-v1/glbs/000-112/c27e52da14ec494683152355bb99e50f.glb,/gs/fs/tga-koike-shanda2/sk/data/5k_balanced/objaverse_sketchfab/c27e52da14ec494683152355bb99e50f/pc10K.npz,/gs/fs/tga-koike-shanda2/sk/data/5k_balanced/objaverse_sketchfab/c27e52da14ec494683152355bb99e50f/image.png,6.7426
c2d551de94044cd5af008c74044d2ff7,objaverse_sketchfab,/gs/bs/tga-koike-shanda/yurh/dataset/trellis-500k/ObjaverseXL_sketchfab/raw/hf-objaverse-v1/glbs/000-005/c2d551de94044cd5af008c74044d2ff7.glb,/gs/fs/tga-koike-shanda2/sk/data/5k_balanced/objaverse_sketchfab/c2d551de94044cd5af008c74044d2ff7/pc10K.npz,/gs/fs/tga-koike-shanda2/sk/data/5k_balanced/objaverse_sketchfab/c2d551de94044cd5af008c74044d2ff7/image.png,7.0210
22071b002d96499396a447b9235cec79,objaverse_sketchfab,/gs/bs/tga-koike-shanda/yurh/dataset/trellis-500k/ObjaverseXL_sketchfab/raw/hf-objaverse-v1/glbs/000-146/22071b002d96499396a447b9235cec79.glb,/gs/fs/tga-koike-shanda2/sk/data/5k_balanced/objaverse_sketchfab/22071b002d96499396a447b9235cec79/pc10K.npz,/gs/fs/tga-koike-shanda2/sk/data/5k_balanced/objaverse_sketchfab/22071b002d96499396a447b9235cec79/image.png,6.8562
1b2d000d8a96460ba07ecbdf36d45b57,objaverse_sketchfab,/gs/bs/tga-koike-shanda/yurh/dataset/trellis-500k/ObjaverseXL_sketchfab/raw/hf-objaverse-v1/glbs/000-061/1b2d000d8a96460ba07ecbdf36d45b57.glb,/gs/fs/tga-koike-shanda2/sk/data/5k_balanced/objaverse_sketchfab/1b2d000d8a96460ba07ecbdf36d45b57/pc10K.npz,/gs/fs/tga-koike-shanda2/sk/data/5k_balanced/objaverse_sketchfab/1b2d000d8a96460ba07ecbdf36d45b57/image.png,7.0734
21ac51ebc4874fd08cc74ff75aed328d,objaverse_sketchfab,/gs/bs/tga-koike-shanda/yurh/dataset/trellis-500k/ObjaverseXL_sketchfab/raw/hf-objaverse-v1/glbs/000-020/21ac51ebc4874fd08cc74ff75aed328d.glb,/gs/fs/tga-koike-shanda2/sk/data/5k_balanced/objaverse_sketchfab/21ac51ebc4874fd08cc74ff75aed328d/pc10K.npz,/gs/fs/tga-koike-shanda2/sk/data/5k_balanced/objaverse_sketchfab/21ac51ebc4874fd08cc74ff75aed328d/image.png,7.3853
d8bd3ad59b3e4e63a2c93737785e218c,objaverse_sketchfab,/gs/bs/tga-koike-shanda/yurh/dataset/trellis-500k/ObjaverseXL_sketchfab/raw/hf-objaverse-v1/glbs/000-029/d8bd3ad59b3e4e63a2c93737785e218c.glb,/gs/fs/tga-koike-shanda2/sk/data/5k_balanced/objaverse_sketchfab/d8bd3ad59b3e4e63a2c93737785e218c/pc10K.npz,/gs/fs/tga-koike-shanda2/sk/data/5k_balanced/objaverse_sketchfab/d8bd3ad59b3e4e63a2c93737785e218c/image.png,7.2036
0cbb98225b814aadafdffba55bd6c9fd,objaverse_sketchfab,/gs/bs/tga-koike-shanda/yurh/dataset/trellis-500k/ObjaverseXL_sketchfab/raw/hf-objaverse-v1/glbs/000-023/0cbb98225b814aadafdffba55bd6c9fd.glb,/gs/fs/tga-koike-shanda2/sk/data/5k_balanced/objaverse_sketchfab/0cbb98225b814aadafdffba55bd6c9fd/pc10K.npz,/gs/fs/tga-koike-shanda2/sk/data/5k_balanced/objaverse_sketchfab/0cbb98225b814aadafdffba55bd6c9fd/image.png,6.8834
f5a9137aa1ab4873b5a7fc1367a4d017,objaverse_sketchfab,/gs/bs/tga-koike-shanda/yurh/dataset/trellis-500k/ObjaverseXL_sketchfab/raw/hf-objaverse-v1/glbs/000-063/f5a9137aa1ab4873b5a7fc1367a4d017.glb,/gs/fs/tga-koike-shanda2/sk/data/5k_balanced/objaverse_sketchfab/f5a9137aa1ab4873b5a7fc1367a4d017/pc10K.npz,/gs/fs/tga-koike-shanda2/sk/data/5k_balanced/objaverse_sketchfab/f5a9137aa1ab4873b5a7fc1367a4d017/image.png,6.8365
ccc36e04eb9a49d58cc7683950fc8e0d,objaverse_sketchfab,/gs/bs/tga-koike-shanda/yurh/dataset/trellis-500k/ObjaverseXL_sketchfab/raw/hf-objaverse-v1/glbs/000-140/ccc36e04eb9a49d58cc7683950fc8e0d.glb,/gs/fs/tga-koike-shanda2/sk/data/5k_balanced/objaverse_sketchfab/ccc36e04eb9a49d58cc7683950fc8e0d/pc10K.npz,/gs/fs/tga-koike-shanda2/sk/data/5k_balanced/objaverse_sketchfab/ccc36e04eb9a49d58cc7683950fc8e0d/image.png,6.9497
91f4933bc5644b4fb371f7e8bd0e76ac,objaverse_sketchfab,/gs/bs/tga-koike-shanda/yurh/dataset/trellis-500k/ObjaverseXL_sketchfab/raw/hf-objaverse-v1/glbs/000-099/91f4933bc5644b4fb371f7e8bd0e76ac.glb,/gs/fs/tga-koike-shanda2/sk/data/5k_balanced/objaverse_sketchfab/91f4933bc5644b4fb371f7e8bd0e76ac/pc10K.npz,/gs/fs/tga-koike-shanda2/sk/data/5k_balanced/objaverse_sketchfab/91f4933bc5644b4fb371f7e8bd0e76ac/image.png,7.0988
99b4e60ad69a4bc0ab21be33990ab863,objaverse_sketchfab,/gs/bs/tga-koike-shanda/yurh/dataset/trellis-500k/ObjaverseXL_sketchfab/raw/hf-objaverse-v1/glbs/000-146/99b4e60ad69a4bc0ab21be33990ab863.glb,/gs/fs/tga-koike-shanda2/sk/data/5k_balanced/objaverse_sketchfab/99b4e60ad69a4bc0ab21be33990ab863/pc10K.npz,/gs/fs/tga-koike-shanda2/sk/data/5k_balanced/objaverse_sketchfab/99b4e60ad69a4bc0ab21be33990ab863/image.png,6.7864
2b8b79aa8c224ce7a453175a1c803701,objaverse_sketchfab,/gs/bs/tga-koike-shanda/yurh/dataset/trellis-500k/ObjaverseXL_sketchfab/raw/hf-objaverse-v1/glbs/000-093/2b8b79aa8c224ce7a453175a1c803701.glb,/gs/fs/tga-koike-shanda2/sk/data/5k_balanced/objaverse_sketchfab/2b8b79aa8c224ce7a453175a1c803701/pc10K.npz,/gs/fs/tga-koike-shanda2/sk/data/5k_balanced/objaverse_sketchfab/2b8b79aa8c224ce7a453175a1c803701/image.png,7.4576
ebd26328e2ee4522a1944aedf9bf283f,objaverse_sketchfab,/gs/bs/tga-koike-shanda/yurh/dataset/trellis-500k/ObjaverseXL_sketchfab/raw/hf-objaverse-v1/glbs/000-113/ebd26328e2ee4522a1944aedf9bf283f.glb,/gs/fs/tga-koike-shanda2/sk/data/5k_balanced/objaverse_sketchfab/ebd26328e2ee4522a1944aedf9bf283f/pc10K.npz,/gs/fs/tga-koike-shanda2/sk/data/5k_balanced/objaverse_sketchfab/ebd26328e2ee4522a1944aedf9bf283f/image.png,7.9030
36ca0dbc76004790a7d98ae106d52243,objaverse_sketchfab,/gs/bs/tga-koike-shanda/yurh/dataset/trellis-500k/ObjaverseXL_sketchfab/raw/hf-objaverse-v1/glbs/000-039/36ca0dbc76004790a7d98ae106d52243.glb,/gs/fs/tga-koike-shanda2/sk/data/5k_balanced/objaverse_sketchfab/36ca0dbc76004790a7d98ae106d52243/pc10K.npz,/gs/fs/tga-koike-shanda2/sk/data/5k_balanced/objaverse_sketchfab/36ca0dbc76004790a7d98ae106d52243/image.png,7.0661
4129518d0a5d41e7bdab5b42ffd8faec,objaverse_sketchfab,/gs/bs/tga-koike-shanda/yurh/dataset/trellis-500k/ObjaverseXL_sketchfab/raw/hf-objaverse-v1/glbs/000-035/4129518d0a5d41e7bdab5b42ffd8faec.glb,/gs/fs/tga-koike-shanda2/sk/data/5k_balanced/objaverse_sketchfab/4129518d0a5d41e7bdab5b42ffd8faec/pc10K.npz,/gs/fs/tga-koike-shanda2/sk/data/5k_balanced/objaverse_sketchfab/4129518d0a5d41e7bdab5b42ffd8faec/image.png,7.4863
e30f3aec33674e7da2056c7e622b4a97,objaverse_sketchfab,/gs/bs/tga-koike-shanda/yurh/dataset/trellis-500k/ObjaverseXL_sketchfab/raw/hf-objaverse-v1/glbs/000-049/e30f3aec33674e7da2056c7e622b4a97.glb,/gs/fs/tga-koike-shanda2/sk/data/5k_balanced/objaverse_sketchfab/e30f3aec33674e7da2056c7e622b4a97/pc10K.npz,/gs/fs/tga-koike-shanda2/sk/data/5k_balanced/objaverse_sketchfab/e30f3aec33674e7da2056c7e622b4a97/image.png,6.9210
52ab0e78d8004aee9eecfc5afb82cbd2,objaverse_sketchfab,/gs/bs/tga-koike-shanda/yurh/dataset/trellis-500k/ObjaverseXL_sketchfab/raw/hf-objaverse-v1/glbs/000-065/52ab0e78d8004aee9eecfc5afb82cbd2.glb,/gs/fs/tga-koike-shanda2/sk/data/5k_balanced/objaverse_sketchfab/52ab0e78d8004aee9eecfc5afb82cbd2/pc10K.npz,/gs/fs/tga-koike-shanda2/sk/data/5k_balanced/objaverse_sketchfab/52ab0e78d8004aee9eecfc5afb82cbd2/image.png,7.0257
049c234ae04f42adaed9b2fed13765d1,objaverse_sketchfab,/gs/bs/tga-koike-shanda/yurh/dataset/trellis-500k/ObjaverseXL_sketchfab/raw/hf-objaverse-v1/glbs/000-000/049c234ae04f42adaed9b2fed13765d1.glb,/gs/fs/tga-koike-shanda2/sk/data/5k_balanced/objaverse_sketchfab/049c234ae04f42adaed9b2fed13765d1/pc10K.npz,/gs/fs/tga-koike-shanda2/sk/data/5k_balanced/objaverse_sketchfab/049c234ae04f42adaed9b2fed13765d1/image.png,7.4332
2cc33e7d83474009a565a4b0192f147e,objaverse_sketchfab,/gs/bs/tga-koike-shanda/yurh/dataset/trellis-500k/ObjaverseXL_sketchfab/raw/hf-objaverse-v1/glbs/000-043/2cc33e7d83474009a565a4b0192f147e.glb,/gs/fs/tga-koike-shanda2/sk/data/5k_balanced/objaverse_sketchfab/2cc33e7d83474009a565a4b0192f147e/pc10K.npz,/gs/fs/tga-koike-shanda2/sk/data/5k_balanced/objaverse_sketchfab/2cc33e7d83474009a565a4b0192f147e/image.png,6.7399
d0b4f9e061664b2aafc42f3409315419,objaverse_sketchfab,/gs/bs/tga-koike-shanda/yurh/dataset/trellis-500k/ObjaverseXL_sketchfab/raw/hf-objaverse-v1/glbs/000-146/d0b4f9e061664b2aafc42f3409315419.glb,/gs/fs/tga-koike-shanda2/sk/data/5k_balanced/objaverse_sketchfab/d0b4f9e061664b2aafc42f3409315419/pc10K.npz,/gs/fs/tga-koike-shanda2/sk/data/5k_balanced/objaverse_sketchfab/d0b4f9e061664b2aafc42f3409315419/image.png,7.4082
162d99a3bd82415ab22a8c19aa8ae593,objaverse_sketchfab,/gs/bs/tga-koike-shanda/yurh/dataset/trellis-500k/ObjaverseXL_sketchfab/raw/hf-objaverse-v1/glbs/000-034/162d99a3bd82415ab22a8c19aa8ae593.glb,/gs/fs/tga-koike-shanda2/sk/data/5k_balanced/objaverse_sketchfab/162d99a3bd82415ab22a8c19aa8ae593/pc10K.npz,/gs/fs/tga-koike-shanda2/sk/data/5k_balanced/objaverse_sketchfab/162d99a3bd82415ab22a8c19aa8ae593/image.png,6.7705
1afd5ebfbba6492d89311cc8bb83501b,objaverse_sketchfab,/gs/bs/tga-koike-shanda/yurh/dataset/trellis-500k/ObjaverseXL_sketchfab/raw/hf-objaverse-v1/glbs/000-051/1afd5ebfbba6492d89311cc8bb83501b.glb,/gs/fs/tga-koike-shanda2/sk/data/5k_balanced/objaverse_sketchfab/1afd5ebfbba6492d89311cc8bb83501b/pc10K.npz,/gs/fs/tga-koike-shanda2/sk/data/5k_balanced/objaverse_sketchfab/1afd5ebfbba6492d89311cc8bb83501b/image.png,7.0580
2830f5fdb88942d5a3285a7433b4efea,objaverse_sketchfab,/gs/bs/tga-koike-shanda/yurh/dataset/trellis-500k/ObjaverseXL_sketchfab/raw/hf-objaverse-v1/glbs/000-119/2830f5fdb88942d5a3285a7433b4efea.glb,/gs/fs/tga-koike-shanda2/sk/data/5k_balanced/objaverse_sketchfab/2830f5fdb88942d5a3285a7433b4efea/pc10K.npz,/gs/fs/tga-koike-shanda2/sk/data/5k_balanced/objaverse_sketchfab/2830f5fdb88942d5a3285a7433b4efea/image.png,7.0652
4ac3e7df33eb460c998dbf8bec323165,objaverse_sketchfab,/gs/bs/tga-koike-shanda/yurh/dataset/trellis-500k/ObjaverseXL_sketchfab/raw/hf-objaverse-v1/glbs/000-089/4ac3e7df33eb460c998dbf8bec323165.glb,/gs/fs/tga-koike-shanda2/sk/data/5k_balanced/objaverse_sketchfab/4ac3e7df33eb460c998dbf8bec323165/pc10K.npz,/gs/fs/tga-koike-shanda2/sk/data/5k_balanced/objaverse_sketchfab/4ac3e7df33eb460c998dbf8bec323165/image.png,7.6930
d54159382b7f4ec1a1152da8587e95ca,objaverse_sketchfab,/gs/bs/tga-koike-shanda/yurh/dataset/trellis-500k/ObjaverseXL_sketchfab/raw/hf-objaverse-v1/glbs/000-143/d54159382b7f4ec1a1152da8587e95ca.glb,/gs/fs/tga-koike-shanda2/sk/data/5k_balanced/objaverse_sketchfab/d54159382b7f4ec1a1152da8587e95ca/pc10K.npz,/gs/fs/tga-koike-shanda2/sk/data/5k_balanced/objaverse_sketchfab/d54159382b7f4ec1a1152da8587e95ca/image.png,6.8902
d5625487abc14990af856f3e36490b4b,objaverse_sketchfab,/gs/bs/tga-koike-shanda/yurh/dataset/trellis-500k/ObjaverseXL_sketchfab/raw/hf-objaverse-v1/glbs/000-067/d5625487abc14990af856f3e36490b4b.glb,/gs/fs/tga-koike-shanda2/sk/data/5k_balanced/objaverse_sketchfab/d5625487abc14990af856f3e36490b4b/pc10K.npz,/gs/fs/tga-koike-shanda2/sk/data/5k_balanced/objaverse_sketchfab/d5625487abc14990af856f3e36490b4b/image.png,6.8920
b1c88a06d9d040b6978660958ddd932b,objaverse_sketchfab,/gs/bs/tga-koike-shanda/yurh/dataset/trellis-500k/ObjaverseXL_sketchfab/raw/hf-objaverse-v1/glbs/000-044/b1c88a06d9d040b6978660958ddd932b.glb,/gs/fs/tga-koike-shanda2/sk/data/5k_balanced/objaverse_sketchfab/b1c88a06d9d040b6978660958ddd932b/pc10K.npz,/gs/fs/tga-koike-shanda2/sk/data/5k_balanced/objaverse_sketchfab/b1c88a06d9d040b6978660958ddd932b/image.png,6.8633
d5b2154711b949ab9ffbf9556b62702f,objaverse_sketchfab,/gs/bs/tga-koike-shanda/yurh/dataset/trellis-500k/ObjaverseXL_sketchfab/raw/hf-objaverse-v1/glbs/000-104/d5b2154711b949ab9ffbf9556b62702f.glb,/gs/fs/tga-koike-shanda2/sk/data/5k_balanced/objaverse_sketchfab/d5b2154711b949ab9ffbf9556b62702f/pc10K.npz,/gs/fs/tga-koike-shanda2/sk/data/5k_balanced/objaverse_sketchfab/d5b2154711b949ab9ffbf9556b62702f/image.png,6.7747
4f36bde4120d448ba7fafefe4f1f4e31,objaverse_sketchfab,/gs/bs/tga-koike-shanda/yurh/dataset/trellis-500k/ObjaverseXL_sketchfab/raw/hf-objaverse-v1/glbs/000-001/4f36bde4120d448ba7fafefe4f1f4e31.glb,/gs/fs/tga-koike-shanda2/sk/data/5k_balanced/objaverse_sketchfab/4f36bde4120d448ba7fafefe4f1f4e31/pc10K.npz,/gs/fs/tga-koike-shanda2/sk/data/5k_balanced/objaverse_sketchfab/4f36bde4120d448ba7fafefe4f1f4e31/image.png,6.7923
7458f0ceb5a1466187443b7257689997,objaverse_sketchfab,/gs/bs/tga-koike-shanda/yurh/dataset/trellis-500k/ObjaverseXL_sketchfab/raw/hf-objaverse-v1/glbs/000-123/7458f0ceb5a1466187443b7257689997.glb,/gs/fs/tga-koike-shanda2/sk/data/5k_balanced/objaverse_sketchfab/7458f0ceb5a1466187443b7257689997/pc10K.npz,/gs/fs/tga-koike-shanda2/sk/data/5k_balanced/objaverse_sketchfab/7458f0ceb5a1466187443b7257689997/image.png,6.7291
7f9c161c596c44769c8324526c1a2ee5,objaverse_sketchfab,/gs/bs/tga-koike-shanda/yurh/dataset/trellis-500k/ObjaverseXL_sketchfab/raw/hf-objaverse-v1/glbs/000-056/7f9c161c596c44769c8324526c1a2ee5.glb,/gs/fs/tga-koike-shanda2/sk/data/5k_balanced/objaverse_sketchfab/7f9c161c596c44769c8324526c1a2ee5/pc10K.npz,/gs/fs/tga-koike-shanda2/sk/data/5k_balanced/objaverse_sketchfab/7f9c161c596c44769c8324526c1a2ee5/image.png,7.2384
4524ad15e47c431b87f4f8b06ff18344,objaverse_sketchfab,/gs/bs/tga-koike-shanda/yurh/dataset/trellis-500k/ObjaverseXL_sketchfab/raw/hf-objaverse-v1/glbs/000-106/4524ad15e47c431b87f4f8b06ff18344.glb,/gs/fs/tga-koike-shanda2/sk/data/5k_balanced/objaverse_sketchfab/4524ad15e47c431b87f4f8b06ff18344/pc10K.npz,/gs/fs/tga-koike-shanda2/sk/data/5k_balanced/objaverse_sketchfab/4524ad15e47c431b87f4f8b06ff18344/image.png,7.1815
b997d8f591904c028726ea8794e051f7,objaverse_sketchfab,/gs/bs/tga-koike-shanda/yurh/dataset/trellis-500k/ObjaverseXL_sketchfab/raw/hf-objaverse-v1/glbs/000-008/b997d8f591904c028726ea8794e051f7.glb,/gs/fs/tga-koike-shanda2/sk/data/5k_balanced/objaverse_sketchfab/b997d8f591904c028726ea8794e051f7/pc10K.npz,/gs/fs/tga-koike-shanda2/sk/data/5k_balanced/objaverse_sketchfab/b997d8f591904c028726ea8794e051f7/image.png,6.9791
5cf40b4f9eb9412296a6650f5a4459c5,objaverse_sketchfab,/gs/bs/tga-koike-shanda/yurh/dataset/trellis-500k/ObjaverseXL_sketchfab/raw/hf-objaverse-v1/glbs/000-085/5cf40b4f9eb9412296a6650f5a4459c5.glb,/gs/fs/tga-koike-shanda2/sk/data/5k_balanced/objaverse_sketchfab/5cf40b4f9eb9412296a6650f5a4459c5/pc10K.npz,/gs/fs/tga-koike-shanda2/sk/data/5k_balanced/objaverse_sketchfab/5cf40b4f9eb9412296a6650f5a4459c5/image.png,7.0751
badf95951a0b4ee28e66b3e585a2957b,objaverse_sketchfab,/gs/bs/tga-koike-shanda/yurh/dataset/trellis-500k/ObjaverseXL_sketchfab/raw/hf-objaverse-v1/glbs/000-142/badf95951a0b4ee28e66b3e585a2957b.glb,/gs/fs/tga-koike-shanda2/sk/data/5k_balanced/objaverse_sketchfab/badf95951a0b4ee28e66b3e585a2957b/pc10K.npz,/gs/fs/tga-koike-shanda2/sk/data/5k_balanced/objaverse_sketchfab/badf95951a0b4ee28e66b3e585a2957b/image.png,8.0853
e5ebe1495a074e91b45a689b6b53b190,objaverse_sketchfab,/gs/bs/tga-koike-shanda/yurh/dataset/trellis-500k/ObjaverseXL_sketchfab/raw/hf-objaverse-v1/glbs/000-092/e5ebe1495a074e91b45a689b6b53b190.glb,/gs/fs/tga-koike-shanda2/sk/data/5k_balanced/objaverse_sketchfab/e5ebe1495a074e91b45a689b6b53b190/pc10K.npz,/gs/fs/tga-koike-shanda2/sk/data/5k_balanced/objaverse_sketchfab/e5ebe1495a074e91b45a689b6b53b190/image.png,6.8746
1587e6bfd41a4b70bec8c04cf1f48c4c,objaverse_sketchfab,/gs/bs/tga-koike-shanda/yurh/dataset/trellis-500k/ObjaverseXL_sketchfab/raw/hf-objaverse-v1/glbs/000-115/1587e6bfd41a4b70bec8c04cf1f48c4c.glb,/gs/fs/tga-koike-shanda2/sk/data/5k_balanced/objaverse_sketchfab/1587e6bfd41a4b70bec8c04cf1f48c4c/pc10K.npz,/gs/fs/tga-koike-shanda2/sk/data/5k_balanced/objaverse_sketchfab/1587e6bfd41a4b70bec8c04cf1f48c4c/image.png,6.8125
ad15a7cbaba54afbadb4f6e05aaf3837,objaverse_sketchfab,/gs/bs/tga-koike-shanda/yurh/dataset/trellis-500k/ObjaverseXL_sketchfab/raw/hf-objaverse-v1/glbs/000-001/ad15a7cbaba54afbadb4f6e05aaf3837.glb,/gs/fs/tga-koike-shanda2/sk/data/5k_balanced/objaverse_sketchfab/ad15a7cbaba54afbadb4f6e05aaf3837/pc10K.npz,/gs/fs/tga-koike-shanda2/sk/data/5k_balanced/objaverse_sketchfab/ad15a7cbaba54afbadb4f6e05aaf3837/image.png,6.7940
23d81fc03c1f460fbc636dc21b03870d,objaverse_sketchfab,/gs/bs/tga-koike-shanda/yurh/dataset/trellis-500k/ObjaverseXL_sketchfab/raw/hf-objaverse-v1/glbs/000-068/23d81fc03c1f460fbc636dc21b03870d.glb,/gs/fs/tga-koike-shanda2/sk/data/5k_balanced/objaverse_sketchfab/23d81fc03c1f460fbc636dc21b03870d/pc10K.npz,/gs/fs/tga-koike-shanda2/sk/data/5k_balanced/objaverse_sketchfab/23d81fc03c1f460fbc636dc21b03870d/image.png,6.7613
780f5668e9eb419eb047a849c33014b7,objaverse_sketchfab,/gs/bs/tga-koike-shanda/yurh/dataset/trellis-500k/ObjaverseXL_sketchfab/raw/hf-objaverse-v1/glbs/000-020/780f5668e9eb419eb047a849c33014b7.glb,/gs/fs/tga-koike-shanda2/sk/data/5k_balanced/objaverse_sketchfab/780f5668e9eb419eb047a849c33014b7/pc10K.npz,/gs/fs/tga-koike-shanda2/sk/data/5k_balanced/objaverse_sketchfab/780f5668e9eb419eb047a849c33014b7/image.png,6.9456
ef100733725648a1bd5d214a93566958,objaverse_sketchfab,/gs/bs/tga-koike-shanda/yurh/dataset/trellis-500k/ObjaverseXL_sketchfab/raw/hf-objaverse-v1/glbs/000-004/ef100733725648a1bd5d214a93566958.glb,/gs/fs/tga-koike-shanda2/sk/data/5k_balanced/objaverse_sketchfab/ef100733725648a1bd5d214a93566958/pc10K.npz,/gs/fs/tga-koike-shanda2/sk/data/5k_balanced/objaverse_sketchfab/ef100733725648a1bd5d214a93566958/image.png,7.4601
fba08dcc83404de89d91a05ac5eea88c,objaverse_sketchfab,/gs/bs/tga-koike-shanda/yurh/dataset/trellis-500k/ObjaverseXL_sketchfab/raw/hf-objaverse-v1/glbs/000-132/fba08dcc83404de89d91a05ac5eea88c.glb,/gs/fs/tga-koike-shanda2/sk/data/5k_balanced/objaverse_sketchfab/fba08dcc83404de89d91a05ac5eea88c/pc10K.npz,/gs/fs/tga-koike-shanda2/sk/data/5k_balanced/objaverse_sketchfab/fba08dcc83404de89d91a05ac5eea88c/image.png,7.3581
9565f12f18484b719eeb1c8f843ab888,objaverse_sketchfab,/gs/bs/tga-koike-shanda/yurh/dataset/trellis-500k/ObjaverseXL_sketchfab/raw/hf-objaverse-v1/glbs/000-134/9565f12f18484b719eeb1c8f843ab888.glb,/gs/fs/tga-koike-shanda2/sk/data/5k_balanced/objaverse_sketchfab/9565f12f18484b719eeb1c8f843ab888/pc10K.npz,/gs/fs/tga-koike-shanda2/sk/data/5k_balanced/objaverse_sketchfab/9565f12f18484b719eeb1c8f843ab888/image.png,7.2072
b8c24edb36fc4a2887cbd042e9a984be,objaverse_sketchfab,/gs/bs/tga-koike-shanda/yurh/dataset/trellis-500k/ObjaverseXL_sketchfab/raw/hf-objaverse-v1/glbs/000-149/b8c24edb36fc4a2887cbd042e9a984be.glb,/gs/fs/tga-koike-shanda2/sk/data/5k_balanced/objaverse_sketchfab/b8c24edb36fc4a2887cbd042e9a984be/pc10K.npz,/gs/fs/tga-koike-shanda2/sk/data/5k_balanced/objaverse_sketchfab/b8c24edb36fc4a2887cbd042e9a984be/image.png,6.8342
641ff5f98082493c9edd49b6556a46f4,objaverse_sketchfab,/gs/bs/tga-koike-shanda/yurh/dataset/trellis-500k/ObjaverseXL_sketchfab/raw/hf-objaverse-v1/glbs/000-105/641ff5f98082493c9edd49b6556a46f4.glb,/gs/fs/tga-koike-shanda2/sk/data/5k_balanced/objaverse_sketchfab/641ff5f98082493c9edd49b6556a46f4/pc10K.npz,/gs/fs/tga-koike-shanda2/sk/data/5k_balanced/objaverse_sketchfab/641ff5f98082493c9edd49b6556a46f4/image.png,6.9677
72ae07c0d5984053938f8c5c294fdcec,objaverse_sketchfab,/gs/bs/tga-koike-shanda/yurh/dataset/trellis-500k/ObjaverseXL_sketchfab/raw/hf-objaverse-v1/glbs/000-009/72ae07c0d5984053938f8c5c294fdcec.glb,/gs/fs/tga-koike-shanda2/sk/data/5k_balanced/objaverse_sketchfab/72ae07c0d5984053938f8c5c294fdcec/pc10K.npz,/gs/fs/tga-koike-shanda2/sk/data/5k_balanced/objaverse_sketchfab/72ae07c0d5984053938f8c5c294fdcec/image.png,7.1092
1a0e4275e04442679edc4a8f09fff71f,objaverse_sketchfab,/gs/bs/tga-koike-shanda/yurh/dataset/trellis-500k/ObjaverseXL_sketchfab/raw/hf-objaverse-v1/glbs/000-138/1a0e4275e04442679edc4a8f09fff71f.glb,/gs/fs/tga-koike-shanda2/sk/data/5k_balanced/objaverse_sketchfab/1a0e4275e04442679edc4a8f09fff71f/pc10K.npz,/gs/fs/tga-koike-shanda2/sk/data/5k_balanced/objaverse_sketchfab/1a0e4275e04442679edc4a8f09fff71f/image.png,7.0716
7ab7e609af67482e8c61c5f2410a20a3,objaverse_sketchfab,/gs/bs/tga-koike-shanda/yurh/dataset/trellis-500k/ObjaverseXL_sketchfab/raw/hf-objaverse-v1/glbs/000-022/7ab7e609af67482e8c61c5f2410a20a3.glb,/gs/fs/tga-koike-shanda2/sk/data/5k_balanced/objaverse_sketchfab/7ab7e609af67482e8c61c5f2410a20a3/pc10K.npz,/gs/fs/tga-koike-shanda2/sk/data/5k_balanced/objaverse_sketchfab/7ab7e609af67482e8c61c5f2410a20a3/image.png,6.9711
dfed97ce1fe44f11a7a62def17c6d1ad,objaverse_sketchfab,/gs/bs/tga-koike-shanda/yurh/dataset/trellis-500k/ObjaverseXL_sketchfab/raw/hf-objaverse-v1/glbs/000-007/dfed97ce1fe44f11a7a62def17c6d1ad.glb,/gs/fs/tga-koike-shanda2/sk/data/5k_balanced/objaverse_sketchfab/dfed97ce1fe44f11a7a62def17c6d1ad/pc10K.npz,/gs/fs/tga-koike-shanda2/sk/data/5k_balanced/objaverse_sketchfab/dfed97ce1fe44f11a7a62def17c6d1ad/image.png,7.0206
f2d31eb0ddac4d21944df7dcc4af6d28,objaverse_sketchfab,/gs/bs/tga-koike-shanda/yurh/dataset/trellis-500k/ObjaverseXL_sketchfab/raw/hf-objaverse-v1/glbs/000-043/f2d31eb0ddac4d21944df7dcc4af6d28.glb,/gs/fs/tga-koike-shanda2/sk/data/5k_balanced/objaverse_sketchfab/f2d31eb0ddac4d21944df7dcc4af6d28/pc10K.npz,/gs/fs/tga-koike-shanda2/sk/data/5k_balanced/objaverse_sketchfab/f2d31eb0ddac4d21944df7dcc4af6d28/image.png,7.3136
3c9f658fac6e4f97b436a87df72cb5db,objaverse_sketchfab,/gs/bs/tga-koike-shanda/yurh/dataset/trellis-500k/ObjaverseXL_sketchfab/raw/hf-objaverse-v1/glbs/000-159/3c9f658fac6e4f97b436a87df72cb5db.glb,/gs/fs/tga-koike-shanda2/sk/data/5k_balanced/objaverse_sketchfab/3c9f658fac6e4f97b436a87df72cb5db/pc10K.npz,/gs/fs/tga-koike-shanda2/sk/data/5k_balanced/objaverse_sketchfab/3c9f658fac6e4f97b436a87df72cb5db/image.png,7.0200
efb0faff696a42a99374f7e33866440f,objaverse_sketchfab,/gs/bs/tga-koike-shanda/yurh/dataset/trellis-500k/ObjaverseXL_sketchfab/raw/hf-objaverse-v1/glbs/000-026/efb0faff696a42a99374f7e33866440f.glb,/gs/fs/tga-koike-shanda2/sk/data/5k_balanced/objaverse_sketchfab/efb0faff696a42a99374f7e33866440f/pc10K.npz,/gs/fs/tga-koike-shanda2/sk/data/5k_balanced/objaverse_sketchfab/efb0faff696a42a99374f7e33866440f/image.png,7.1594
ca20a12358434400ada8a7fcfe8a1c9c,objaverse_sketchfab,/gs/bs/tga-koike-shanda/yurh/dataset/trellis-500k/ObjaverseXL_sketchfab/raw/hf-objaverse-v1/glbs/000-114/ca20a12358434400ada8a7fcfe8a1c9c.glb,/gs/fs/tga-koike-shanda2/sk/data/5k_balanced/objaverse_sketchfab/ca20a12358434400ada8a7fcfe8a1c9c/pc10K.npz,/gs/fs/tga-koike-shanda2/sk/data/5k_balanced/objaverse_sketchfab/ca20a12358434400ada8a7fcfe8a1c9c/image.png,6.9597
a70c34ec4c894c709ed9a1e579b7b696,objaverse_sketchfab,/gs/bs/tga-koike-shanda/yurh/dataset/trellis-500k/ObjaverseXL_sketchfab/raw/hf-objaverse-v1/glbs/000-103/a70c34ec4c894c709ed9a1e579b7b696.glb,/gs/fs/tga-koike-shanda2/sk/data/5k_balanced/objaverse_sketchfab/a70c34ec4c894c709ed9a1e579b7b696/pc10K.npz,/gs/fs/tga-koike-shanda2/sk/data/5k_balanced/objaverse_sketchfab/a70c34ec4c894c709ed9a1e579b7b696/image.png,6.8930
0cb5a70c93564f5fbd46d42da29ff5f3,objaverse_sketchfab,/gs/bs/tga-koike-shanda/yurh/dataset/trellis-500k/ObjaverseXL_sketchfab/raw/hf-objaverse-v1/glbs/000-125/0cb5a70c93564f5fbd46d42da29ff5f3.glb,/gs/fs/tga-koike-shanda2/sk/data/5k_balanced/objaverse_sketchfab/0cb5a70c93564f5fbd46d42da29ff5f3/pc10K.npz,/gs/fs/tga-koike-shanda2/sk/data/5k_balanced/objaverse_sketchfab/0cb5a70c93564f5fbd46d42da29ff5f3/image.png,7.4306
eb9419a424f2455cb50656bf028b7d22,objaverse_sketchfab,/gs/bs/tga-koike-shanda/yurh/dataset/trellis-500k/ObjaverseXL_sketchfab/raw/hf-objaverse-v1/glbs/000-080/eb9419a424f2455cb50656bf028b7d22.glb,/gs/fs/tga-koike-shanda2/sk/data/5k_balanced/objaverse_sketchfab/eb9419a424f2455cb50656bf028b7d22/pc10K.npz,/gs/fs/tga-koike-shanda2/sk/data/5k_balanced/objaverse_sketchfab/eb9419a424f2455cb50656bf028b7d22/image.png,6.9486
11176e6101e6485d9a044a9013a6335c,objaverse_sketchfab,/gs/bs/tga-koike-shanda/yurh/dataset/trellis-500k/ObjaverseXL_sketchfab/raw/hf-objaverse-v1/glbs/000-120/11176e6101e6485d9a044a9013a6335c.glb,/gs/fs/tga-koike-shanda2/sk/data/5k_balanced/objaverse_sketchfab/11176e6101e6485d9a044a9013a6335c/pc10K.npz,/gs/fs/tga-koike-shanda2/sk/data/5k_balanced/objaverse_sketchfab/11176e6101e6485d9a044a9013a6335c/image.png,7.3459
b37a69714ac94622ac1fe2a1de06cbb2,objaverse_sketchfab,/gs/bs/tga-koike-shanda/yurh/dataset/trellis-500k/ObjaverseXL_sketchfab/raw/hf-objaverse-v1/glbs/000-008/b37a69714ac94622ac1fe2a1de06cbb2.glb,/gs/fs/tga-koike-shanda2/sk/data/5k_balanced/objaverse_sketchfab/b37a69714ac94622ac1fe2a1de06cbb2/pc10K.npz,/gs/fs/tga-koike-shanda2/sk/data/5k_balanced/objaverse_sketchfab/b37a69714ac94622ac1fe2a1de06cbb2/image.png,7.4761
2a72042c930d4300b14e00a67c723d74,objaverse_sketchfab,/gs/bs/tga-koike-shanda/yurh/dataset/trellis-500k/ObjaverseXL_sketchfab/raw/hf-objaverse-v1/glbs/000-124/2a72042c930d4300b14e00a67c723d74.glb,/gs/fs/tga-koike-shanda2/sk/data/5k_balanced/objaverse_sketchfab/2a72042c930d4300b14e00a67c723d74/pc10K.npz,/gs/fs/tga-koike-shanda2/sk/data/5k_balanced/objaverse_sketchfab/2a72042c930d4300b14e00a67c723d74/image.png,7.2619
2aa07e72adeb4fd3bb6bd1b944d750d2,objaverse_sketchfab,/gs/bs/tga-koike-shanda/yurh/dataset/trellis-500k/ObjaverseXL_sketchfab/raw/hf-objaverse-v1/glbs/000-147/2aa07e72adeb4fd3bb6bd1b944d750d2.glb,/gs/fs/tga-koike-shanda2/sk/data/5k_balanced/objaverse_sketchfab/2aa07e72adeb4fd3bb6bd1b944d750d2/pc10K.npz,/gs/fs/tga-koike-shanda2/sk/data/5k_balanced/objaverse_sketchfab/2aa07e72adeb4fd3bb6bd1b944d750d2/image.png,7.1316
6477d244fe2d4fc593c1463b72fea195,objaverse_sketchfab,/gs/bs/tga-koike-shanda/yurh/dataset/trellis-500k/ObjaverseXL_sketchfab/raw/hf-objaverse-v1/glbs/000-000/6477d244fe2d4fc593c1463b72fea195.glb,/gs/fs/tga-koike-shanda2/sk/data/5k_balanced/objaverse_sketchfab/6477d244fe2d4fc593c1463b72fea195/pc10K.npz,/gs/fs/tga-koike-shanda2/sk/data/5k_balanced/objaverse_sketchfab/6477d244fe2d4fc593c1463b72fea195/image.png,6.7831
4ddfae74827947b38c283e5348e35a50,objaverse_sketchfab,/gs/bs/tga-koike-shanda/yurh/dataset/trellis-500k/ObjaverseXL_sketchfab/raw/hf-objaverse-v1/glbs/000-031/4ddfae74827947b38c283e5348e35a50.glb,/gs/fs/tga-koike-shanda2/sk/data/5k_balanced/objaverse_sketchfab/4ddfae74827947b38c283e5348e35a50/pc10K.npz,/gs/fs/tga-koike-shanda2/sk/data/5k_balanced/objaverse_sketchfab/4ddfae74827947b38c283e5348e35a50/image.png,7.3480
34ed5ef60c224960ae5dedd3ecb60ccd,objaverse_sketchfab,/gs/bs/tga-koike-shanda/yurh/dataset/trellis-500k/ObjaverseXL_sketchfab/raw/hf-objaverse-v1/glbs/000-069/34ed5ef60c224960ae5dedd3ecb60ccd.glb,/gs/fs/tga-koike-shanda2/sk/data/5k_balanced/objaverse_sketchfab/34ed5ef60c224960ae5dedd3ecb60ccd/pc10K.npz,/gs/fs/tga-koike-shanda2/sk/data/5k_balanced/objaverse_sketchfab/34ed5ef60c224960ae5dedd3ecb60ccd/image.png,6.7914
59a4960983464ff794388244830f83e1,objaverse_sketchfab,/gs/bs/tga-koike-shanda/yurh/dataset/trellis-500k/ObjaverseXL_sketchfab/raw/hf-objaverse-v1/glbs/000-036/59a4960983464ff794388244830f83e1.glb,/gs/fs/tga-koike-shanda2/sk/data/5k_balanced/objaverse_sketchfab/59a4960983464ff794388244830f83e1/pc10K.npz,/gs/fs/tga-koike-shanda2/sk/data/5k_balanced/objaverse_sketchfab/59a4960983464ff794388244830f83e1/image.png,8.1677
1507d43fe480464b8f65d5eb7bb08799,objaverse_sketchfab,/gs/bs/tga-koike-shanda/yurh/dataset/trellis-500k/ObjaverseXL_sketchfab/raw/hf-objaverse-v1/glbs/000-018/1507d43fe480464b8f65d5eb7bb08799.glb,/gs/fs/tga-koike-shanda2/sk/data/5k_balanced/objaverse_sketchfab/1507d43fe480464b8f65d5eb7bb08799/pc10K.npz,/gs/fs/tga-koike-shanda2/sk/data/5k_balanced/objaverse_sketchfab/1507d43fe480464b8f65d5eb7bb08799/image.png,6.7706
dbcd31e6a64f4c4d9567af998e5e2451,objaverse_sketchfab,/gs/bs/tga-koike-shanda/yurh/dataset/trellis-500k/ObjaverseXL_sketchfab/raw/hf-objaverse-v1/glbs/000-027/dbcd31e6a64f4c4d9567af998e5e2451.glb,/gs/fs/tga-koike-shanda2/sk/data/5k_balanced/objaverse_sketchfab/dbcd31e6a64f4c4d9567af998e5e2451/pc10K.npz,/gs/fs/tga-koike-shanda2/sk/data/5k_balanced/objaverse_sketchfab/dbcd31e6a64f4c4d9567af998e5e2451/image.png,7.0285
655d9559f1914a4ebc95a460fb0e7e97,objaverse_sketchfab,/gs/bs/tga-koike-shanda/yurh/dataset/trellis-500k/ObjaverseXL_sketchfab/raw/hf-objaverse-v1/glbs/000-044/655d9559f1914a4ebc95a460fb0e7e97.glb,/gs/fs/tga-koike-shanda2/sk/data/5k_balanced/objaverse_sketchfab/655d9559f1914a4ebc95a460fb0e7e97/pc10K.npz,/gs/fs/tga-koike-shanda2/sk/data/5k_balanced/objaverse_sketchfab/655d9559f1914a4ebc95a460fb0e7e97/image.png,6.8369
50df744aa1ce450bb7efbcc8b7f28e23,objaverse_sketchfab,/gs/bs/tga-koike-shanda/yurh/dataset/trellis-500k/ObjaverseXL_sketchfab/raw/hf-objaverse-v1/glbs/000-107/50df744aa1ce450bb7efbcc8b7f28e23.glb,/gs/fs/tga-koike-shanda2/sk/data/5k_balanced/objaverse_sketchfab/50df744aa1ce450bb7efbcc8b7f28e23/pc10K.npz,/gs/fs/tga-koike-shanda2/sk/data/5k_balanced/objaverse_sketchfab/50df744aa1ce450bb7efbcc8b7f28e23/image.png,7.5994
86b954e8e9c6441396df10064cc6e1b1,objaverse_sketchfab,/gs/bs/tga-koike-shanda/yurh/dataset/trellis-500k/ObjaverseXL_sketchfab/raw/hf-objaverse-v1/glbs/000-020/86b954e8e9c6441396df10064cc6e1b1.glb,/gs/fs/tga-koike-shanda2/sk/data/5k_balanced/objaverse_sketchfab/86b954e8e9c6441396df10064cc6e1b1/pc10K.npz,/gs/fs/tga-koike-shanda2/sk/data/5k_balanced/objaverse_sketchfab/86b954e8e9c6441396df10064cc6e1b1/image.png,7.2047
3d433bada195488491c579a8bf37a166,objaverse_sketchfab,/gs/bs/tga-koike-shanda/yurh/dataset/trellis-500k/ObjaverseXL_sketchfab/raw/hf-objaverse-v1/glbs/000-046/3d433bada195488491c579a8bf37a166.glb,/gs/fs/tga-koike-shanda2/sk/data/5k_balanced/objaverse_sketchfab/3d433bada195488491c579a8bf37a166/pc10K.npz,/gs/fs/tga-koike-shanda2/sk/data/5k_balanced/objaverse_sketchfab/3d433bada195488491c579a8bf37a166/image.png,6.9105
6d62aeece87c49f4b053026a1b39bcb0,objaverse_sketchfab,/gs/bs/tga-koike-shanda/yurh/dataset/trellis-500k/ObjaverseXL_sketchfab/raw/hf-objaverse-v1/glbs/000-027/6d62aeece87c49f4b053026a1b39bcb0.glb,/gs/fs/tga-koike-shanda2/sk/data/5k_balanced/objaverse_sketchfab/6d62aeece87c49f4b053026a1b39bcb0/pc10K.npz,/gs/fs/tga-koike-shanda2/sk/data/5k_balanced/objaverse_sketchfab/6d62aeece87c49f4b053026a1b39bcb0/image.png,7.5390
ce2281fd0dc84a748b143c8de6004fc0,objaverse_sketchfab,/gs/bs/tga-koike-shanda/yurh/dataset/trellis-500k/ObjaverseXL_sketchfab/raw/hf-objaverse-v1/glbs/000-090/ce2281fd0dc84a748b143c8de6004fc0.glb,/gs/fs/tga-koike-shanda2/sk/data/5k_balanced/objaverse_sketchfab/ce2281fd0dc84a748b143c8de6004fc0/pc10K.npz,/gs/fs/tga-koike-shanda2/sk/data/5k_balanced/objaverse_sketchfab/ce2281fd0dc84a748b143c8de6004fc0/image.png,6.8609
763d7deead004462bf638f3b937a1da7,objaverse_sketchfab,/gs/bs/tga-koike-shanda/yurh/dataset/trellis-500k/ObjaverseXL_sketchfab/raw/hf-objaverse-v1/glbs/000-141/763d7deead004462bf638f3b937a1da7.glb,/gs/fs/tga-koike-shanda2/sk/data/5k_balanced/objaverse_sketchfab/763d7deead004462bf638f3b937a1da7/pc10K.npz,/gs/fs/tga-koike-shanda2/sk/data/5k_balanced/objaverse_sketchfab/763d7deead004462bf638f3b937a1da7/image.png,7.0939
7bfca2ec886544eb854a659df5d7362e,objaverse_sketchfab,/gs/bs/tga-koike-shanda/yurh/dataset/trellis-500k/ObjaverseXL_sketchfab/raw/hf-objaverse-v1/glbs/000-135/7bfca2ec886544eb854a659df5d7362e.glb,/gs/fs/tga-koike-shanda2/sk/data/5k_balanced/objaverse_sketchfab/7bfca2ec886544eb854a659df5d7362e/pc10K.npz,/gs/fs/tga-koike-shanda2/sk/data/5k_balanced/objaverse_sketchfab/7bfca2ec886544eb854a659df5d7362e/image.png,6.8065
65fd3aff1551428f8ed718b1d8f16966,objaverse_sketchfab,/gs/bs/tga-koike-shanda/yurh/dataset/trellis-500k/ObjaverseXL_sketchfab/raw/hf-objaverse-v1/glbs/000-150/65fd3aff1551428f8ed718b1d8f16966.glb,/gs/fs/tga-koike-shanda2/sk/data/5k_balanced/objaverse_sketchfab/65fd3aff1551428f8ed718b1d8f16966/pc10K.npz,/gs/fs/tga-koike-shanda2/sk/data/5k_balanced/objaverse_sketchfab/65fd3aff1551428f8ed718b1d8f16966/image.png,6.8339
6ad23473c36048db919b1e1f38fbbe8a,objaverse_sketchfab,/gs/bs/tga-koike-shanda/yurh/dataset/trellis-500k/ObjaverseXL_sketchfab/raw/hf-objaverse-v1/glbs/000-035/6ad23473c36048db919b1e1f38fbbe8a.glb,/gs/fs/tga-koike-shanda2/sk/data/5k_balanced/objaverse_sketchfab/6ad23473c36048db919b1e1f38fbbe8a/pc10K.npz,/gs/fs/tga-koike-shanda2/sk/data/5k_balanced/objaverse_sketchfab/6ad23473c36048db919b1e1f38fbbe8a/image.png,7.6306
63dd568f5bc64e8694d5f4252924c99e,objaverse_sketchfab,/gs/bs/tga-koike-shanda/yurh/dataset/trellis-500k/ObjaverseXL_sketchfab/raw/hf-objaverse-v1/glbs/000-098/63dd568f5bc64e8694d5f4252924c99e.glb,/gs/fs/tga-koike-shanda2/sk/data/5k_balanced/objaverse_sketchfab/63dd568f5bc64e8694d5f4252924c99e/pc10K.npz,/gs/fs/tga-koike-shanda2/sk/data/5k_balanced/objaverse_sketchfab/63dd568f5bc64e8694d5f4252924c99e/image.png,7.0121
6ad2750cbb794f2eb683032afd5f849e,objaverse_sketchfab,/gs/bs/tga-koike-shanda/yurh/dataset/trellis-500k/ObjaverseXL_sketchfab/raw/hf-objaverse-v1/glbs/000-153/6ad2750cbb794f2eb683032afd5f849e.glb,/gs/fs/tga-koike-shanda2/sk/data/5k_balanced/objaverse_sketchfab/6ad2750cbb794f2eb683032afd5f849e/pc10K.npz,/gs/fs/tga-koike-shanda2/sk/data/5k_balanced/objaverse_sketchfab/6ad2750cbb794f2eb683032afd5f849e/image.png,6.8186
6da5a0bb452b409aa9bee79d0e496fd8,objaverse_sketchfab,/gs/bs/tga-koike-shanda/yurh/dataset/trellis-500k/ObjaverseXL_sketchfab/raw/hf-objaverse-v1/glbs/000-058/6da5a0bb452b409aa9bee79d0e496fd8.glb,/gs/fs/tga-koike-shanda2/sk/data/5k_balanced/objaverse_sketchfab/6da5a0bb452b409aa9bee79d0e496fd8/pc10K.npz,/gs/fs/tga-koike-shanda2/sk/data/5k_balanced/objaverse_sketchfab/6da5a0bb452b409aa9bee79d0e496fd8/image.png,8.0080
e32dfbdb586a4793a75008b118c3a9bf,objaverse_sketchfab,/gs/bs/tga-koike-shanda/yurh/dataset/trellis-500k/ObjaverseXL_sketchfab/raw/hf-objaverse-v1/glbs/000-122/e32dfbdb586a4793a75008b118c3a9bf.glb,/gs/fs/tga-koike-shanda2/sk/data/5k_balanced/objaverse_sketchfab/e32dfbdb586a4793a75008b118c3a9bf/pc10K.npz,/gs/fs/tga-koike-shanda2/sk/data/5k_balanced/objaverse_sketchfab/e32dfbdb586a4793a75008b118c3a9bf/image.png,6.9972
317c539bba404b4e94d393ef99a0f7d8,objaverse_sketchfab,/gs/bs/tga-koike-shanda/yurh/dataset/trellis-500k/ObjaverseXL_sketchfab/raw/hf-objaverse-v1/glbs/000-016/317c539bba404b4e94d393ef99a0f7d8.glb,/gs/fs/tga-koike-shanda2/sk/data/5k_balanced/objaverse_sketchfab/317c539bba404b4e94d393ef99a0f7d8/pc10K.npz,/gs/fs/tga-koike-shanda2/sk/data/5k_balanced/objaverse_sketchfab/317c539bba404b4e94d393ef99a0f7d8/image.png,6.9171
6bc58ccfdb134ad7b7e5ebe065923676,objaverse_sketchfab,/gs/bs/tga-koike-shanda/yurh/dataset/trellis-500k/ObjaverseXL_sketchfab/raw/hf-objaverse-v1/glbs/000-109/6bc58ccfdb134ad7b7e5ebe065923676.glb,/gs/fs/tga-koike-shanda2/sk/data/5k_balanced/objaverse_sketchfab/6bc58ccfdb134ad7b7e5ebe065923676/pc10K.npz,/gs/fs/tga-koike-shanda2/sk/data/5k_balanced/objaverse_sketchfab/6bc58ccfdb134ad7b7e5ebe065923676/image.png,7.2876
5c79b4274df54bf4bfb5597339e08883,objaverse_sketchfab,/gs/bs/tga-koike-shanda/yurh/dataset/trellis-500k/ObjaverseXL_sketchfab/raw/hf-objaverse-v1/glbs/000-101/5c79b4274df54bf4bfb5597339e08883.glb,/gs/fs/tga-koike-shanda2/sk/data/5k_balanced/objaverse_sketchfab/5c79b4274df54bf4bfb5597339e08883/pc10K.npz,/gs/fs/tga-koike-shanda2/sk/data/5k_balanced/objaverse_sketchfab/5c79b4274df54bf4bfb5597339e08883/image.png,6.7733
4a5a40e78e4b481bafbb576303f992cd,objaverse_sketchfab,/gs/bs/tga-koike-shanda/yurh/dataset/trellis-500k/ObjaverseXL_sketchfab/raw/hf-objaverse-v1/glbs/000-135/4a5a40e78e4b481bafbb576303f992cd.glb,/gs/fs/tga-koike-shanda2/sk/data/5k_balanced/objaverse_sketchfab/4a5a40e78e4b481bafbb576303f992cd/pc10K.npz,/gs/fs/tga-koike-shanda2/sk/data/5k_balanced/objaverse_sketchfab/4a5a40e78e4b481bafbb576303f992cd/image.png,7.0006
f8039aa04c5f460db982a38a6095de19,objaverse_sketchfab,/gs/bs/tga-koike-shanda/yurh/dataset/trellis-500k/ObjaverseXL_sketchfab/raw/hf-objaverse-v1/glbs/000-001/f8039aa04c5f460db982a38a6095de19.glb,/gs/fs/tga-koike-shanda2/sk/data/5k_balanced/objaverse_sketchfab/f8039aa04c5f460db982a38a6095de19/pc10K.npz,/gs/fs/tga-koike-shanda2/sk/data/5k_balanced/objaverse_sketchfab/f8039aa04c5f460db982a38a6095de19/image.png,6.8423
2a825b3e4a164325b63df14dd2b355ec,objaverse_sketchfab,/gs/bs/tga-koike-shanda/yurh/dataset/trellis-500k/ObjaverseXL_sketchfab/raw/hf-objaverse-v1/glbs/000-104/2a825b3e4a164325b63df14dd2b355ec.glb,/gs/fs/tga-koike-shanda2/sk/data/5k_balanced/objaverse_sketchfab/2a825b3e4a164325b63df14dd2b355ec/pc10K.npz,/gs/fs/tga-koike-shanda2/sk/data/5k_balanced/objaverse_sketchfab/2a825b3e4a164325b63df14dd2b355ec/image.png,7.2391
dc98f3242881403392950e5246d85ed1,objaverse_sketchfab,/gs/bs/tga-koike-shanda/yurh/dataset/trellis-500k/ObjaverseXL_sketchfab/raw/hf-objaverse-v1/glbs/000-146/dc98f3242881403392950e5246d85ed1.glb,/gs/fs/tga-koike-shanda2/sk/data/5k_balanced/objaverse_sketchfab/dc98f3242881403392950e5246d85ed1/pc10K.npz,/gs/fs/tga-koike-shanda2/sk/data/5k_balanced/objaverse_sketchfab/dc98f3242881403392950e5246d85ed1/image.png,7.7407
106ea1a841524dc49f652d5ce7c8b559,objaverse_sketchfab,/gs/bs/tga-koike-shanda/yurh/dataset/trellis-500k/ObjaverseXL_sketchfab/raw/hf-objaverse-v1/glbs/000-129/106ea1a841524dc49f652d5ce7c8b559.glb,/gs/fs/tga-koike-shanda2/sk/data/5k_balanced/objaverse_sketchfab/106ea1a841524dc49f652d5ce7c8b559/pc10K.npz,/gs/fs/tga-koike-shanda2/sk/data/5k_balanced/objaverse_sketchfab/106ea1a841524dc49f652d5ce7c8b559/image.png,6.7808
9516f30128144715b34423902040619e,objaverse_sketchfab,/gs/bs/tga-koike-shanda/yurh/dataset/trellis-500k/ObjaverseXL_sketchfab/raw/hf-objaverse-v1/glbs/000-102/9516f30128144715b34423902040619e.glb,/gs/fs/tga-koike-shanda2/sk/data/5k_balanced/objaverse_sketchfab/9516f30128144715b34423902040619e/pc10K.npz,/gs/fs/tga-koike-shanda2/sk/data/5k_balanced/objaverse_sketchfab/9516f30128144715b34423902040619e/image.png,7.2321
629e5dada20a4bacbb5ada4b5fe17e08,objaverse_sketchfab,/gs/bs/tga-koike-shanda/yurh/dataset/trellis-500k/ObjaverseXL_sketchfab/raw/hf-objaverse-v1/glbs/000-018/629e5dada20a4bacbb5ada4b5fe17e08.glb,/gs/fs/tga-koike-shanda2/sk/data/5k_balanced/objaverse_sketchfab/629e5dada20a4bacbb5ada4b5fe17e08/pc10K.npz,/gs/fs/tga-koike-shanda2/sk/data/5k_balanced/objaverse_sketchfab/629e5dada20a4bacbb5ada4b5fe17e08/image.png,8.5599
3715b8cc9de04830b5339c63278e752e,objaverse_sketchfab,/gs/bs/tga-koike-shanda/yurh/dataset/trellis-500k/ObjaverseXL_sketchfab/raw/hf-objaverse-v1/glbs/000-074/3715b8cc9de04830b5339c63278e752e.glb,/gs/fs/tga-koike-shanda2/sk/data/5k_balanced/objaverse_sketchfab/3715b8cc9de04830b5339c63278e752e/pc10K.npz,/gs/fs/tga-koike-shanda2/sk/data/5k_balanced/objaverse_sketchfab/3715b8cc9de04830b5339c63278e752e/image.png,6.9456
8554924e6142498f8b46df1b0e34bfc2,objaverse_sketchfab,/gs/bs/tga-koike-shanda/yurh/dataset/trellis-500k/ObjaverseXL_sketchfab/raw/hf-objaverse-v1/glbs/000-025/8554924e6142498f8b46df1b0e34bfc2.glb,/gs/fs/tga-koike-shanda2/sk/data/5k_balanced/objaverse_sketchfab/8554924e6142498f8b46df1b0e34bfc2/pc10K.npz,/gs/fs/tga-koike-shanda2/sk/data/5k_balanced/objaverse_sketchfab/8554924e6142498f8b46df1b0e34bfc2/image.png,7.5143
3228bd4eea1c4c1c99aacd8dcee9cd7f,objaverse_sketchfab,/gs/bs/tga-koike-shanda/yurh/dataset/trellis-500k/ObjaverseXL_sketchfab/raw/hf-objaverse-v1/glbs/000-145/3228bd4eea1c4c1c99aacd8dcee9cd7f.glb,/gs/fs/tga-koike-shanda2/sk/data/5k_balanced/objaverse_sketchfab/3228bd4eea1c4c1c99aacd8dcee9cd7f/pc10K.npz,/gs/fs/tga-koike-shanda2/sk/data/5k_balanced/objaverse_sketchfab/3228bd4eea1c4c1c99aacd8dcee9cd7f/image.png,6.7970
77a1132fc26e4a02976779581dfaff4a,objaverse_sketchfab,/gs/bs/tga-koike-shanda/yurh/dataset/trellis-500k/ObjaverseXL_sketchfab/raw/hf-objaverse-v1/glbs/000-081/77a1132fc26e4a02976779581dfaff4a.glb,/gs/fs/tga-koike-shanda2/sk/data/5k_balanced/objaverse_sketchfab/77a1132fc26e4a02976779581dfaff4a/pc10K.npz,/gs/fs/tga-koike-shanda2/sk/data/5k_balanced/objaverse_sketchfab/77a1132fc26e4a02976779581dfaff4a/image.png,7.1189
2cbeb94fb96b4d138a56a61f65789ac5,objaverse_sketchfab,/gs/bs/tga-koike-shanda/yurh/dataset/trellis-500k/ObjaverseXL_sketchfab/raw/hf-objaverse-v1/glbs/000-030/2cbeb94fb96b4d138a56a61f65789ac5.glb,/gs/fs/tga-koike-shanda2/sk/data/5k_balanced/objaverse_sketchfab/2cbeb94fb96b4d138a56a61f65789ac5/pc10K.npz,/gs/fs/tga-koike-shanda2/sk/data/5k_balanced/objaverse_sketchfab/2cbeb94fb96b4d138a56a61f65789ac5/image.png,7.0845
47f87e3d70f644289e34cbff91255d0c,objaverse_sketchfab,/gs/bs/tga-koike-shanda/yurh/dataset/trellis-500k/ObjaverseXL_sketchfab/raw/hf-objaverse-v1/glbs/000-083/47f87e3d70f644289e34cbff91255d0c.glb,/gs/fs/tga-koike-shanda2/sk/data/5k_balanced/objaverse_sketchfab/47f87e3d70f644289e34cbff91255d0c/pc10K.npz,/gs/fs/tga-koike-shanda2/sk/data/5k_balanced/objaverse_sketchfab/47f87e3d70f644289e34cbff91255d0c/image.png,6.7445
50ed9332ed924e5da991d2e4088f1826,objaverse_sketchfab,/gs/bs/tga-koike-shanda/yurh/dataset/trellis-500k/ObjaverseXL_sketchfab/raw/hf-objaverse-v1/glbs/000-065/50ed9332ed924e5da991d2e4088f1826.glb,/gs/fs/tga-koike-shanda2/sk/data/5k_balanced/objaverse_sketchfab/50ed9332ed924e5da991d2e4088f1826/pc10K.npz,/gs/fs/tga-koike-shanda2/sk/data/5k_balanced/objaverse_sketchfab/50ed9332ed924e5da991d2e4088f1826/image.png,6.8906
1d583cbcd4004cc2863cc7deaa55fea9,objaverse_sketchfab,/gs/bs/tga-koike-shanda/yurh/dataset/trellis-500k/ObjaverseXL_sketchfab/raw/hf-objaverse-v1/glbs/000-090/1d583cbcd4004cc2863cc7deaa55fea9.glb,/gs/fs/tga-koike-shanda2/sk/data/5k_balanced/objaverse_sketchfab/1d583cbcd4004cc2863cc7deaa55fea9/pc10K.npz,/gs/fs/tga-koike-shanda2/sk/data/5k_balanced/objaverse_sketchfab/1d583cbcd4004cc2863cc7deaa55fea9/image.png,6.8317
6c0edf56f4f04a75a55bfbfbbebd5f66,objaverse_sketchfab,/gs/bs/tga-koike-shanda/yurh/dataset/trellis-500k/ObjaverseXL_sketchfab/raw/hf-objaverse-v1/glbs/000-147/6c0edf56f4f04a75a55bfbfbbebd5f66.glb,/gs/fs/tga-koike-shanda2/sk/data/5k_balanced/objaverse_sketchfab/6c0edf56f4f04a75a55bfbfbbebd5f66/pc10K.npz,/gs/fs/tga-koike-shanda2/sk/data/5k_balanced/objaverse_sketchfab/6c0edf56f4f04a75a55bfbfbbebd5f66/image.png,6.7794
47db1f8eb38b4813b29826a09bd89064,objaverse_sketchfab,/gs/bs/tga-koike-shanda/yurh/dataset/trellis-500k/ObjaverseXL_sketchfab/raw/hf-objaverse-v1/glbs/000-109/47db1f8eb38b4813b29826a09bd89064.glb,/gs/fs/tga-koike-shanda2/sk/data/5k_balanced/objaverse_sketchfab/47db1f8eb38b4813b29826a09bd89064/pc10K.npz,/gs/fs/tga-koike-shanda2/sk/data/5k_balanced/objaverse_sketchfab/47db1f8eb38b4813b29826a09bd89064/image.png,7.5809
1b14fe06e0484fd0a638601a852b9d12,objaverse_sketchfab,/gs/bs/tga-koike-shanda/yurh/dataset/trellis-500k/ObjaverseXL_sketchfab/raw/hf-objaverse-v1/glbs/000-053/1b14fe06e0484fd0a638601a852b9d12.glb,/gs/fs/tga-koike-shanda2/sk/data/5k_balanced/objaverse_sketchfab/1b14fe06e0484fd0a638601a852b9d12/pc10K.npz,/gs/fs/tga-koike-shanda2/sk/data/5k_balanced/objaverse_sketchfab/1b14fe06e0484fd0a638601a852b9d12/image.png,6.9349
9a99995bfa3b44cb8a7051b34430fc52,objaverse_sketchfab,/gs/bs/tga-koike-shanda/yurh/dataset/trellis-500k/ObjaverseXL_sketchfab/raw/hf-objaverse-v1/glbs/000-067/9a99995bfa3b44cb8a7051b34430fc52.glb,/gs/fs/tga-koike-shanda2/sk/data/5k_balanced/objaverse_sketchfab/9a99995bfa3b44cb8a7051b34430fc52/pc10K.npz,/gs/fs/tga-koike-shanda2/sk/data/5k_balanced/objaverse_sketchfab/9a99995bfa3b44cb8a7051b34430fc52/image.png,7.1799
821aff5cf8134d208791f8c19b152385,objaverse_sketchfab,/gs/bs/tga-koike-shanda/yurh/dataset/trellis-500k/ObjaverseXL_sketchfab/raw/hf-objaverse-v1/glbs/000-018/821aff5cf8134d208791f8c19b152385.glb,/gs/fs/tga-koike-shanda2/sk/data/5k_balanced/objaverse_sketchfab/821aff5cf8134d208791f8c19b152385/pc10K.npz,/gs/fs/tga-koike-shanda2/sk/data/5k_balanced/objaverse_sketchfab/821aff5cf8134d208791f8c19b152385/image.png,6.9505
e1841fc9c38e4bcca391de0aa01b7bdf,objaverse_sketchfab,/gs/bs/tga-koike-shanda/yurh/dataset/trellis-500k/ObjaverseXL_sketchfab/raw/hf-objaverse-v1/glbs/000-134/e1841fc9c38e4bcca391de0aa01b7bdf.glb,/gs/fs/tga-koike-shanda2/sk/data/5k_balanced/objaverse_sketchfab/e1841fc9c38e4bcca391de0aa01b7bdf/pc10K.npz,/gs/fs/tga-koike-shanda2/sk/data/5k_balanced/objaverse_sketchfab/e1841fc9c38e4bcca391de0aa01b7bdf/image.png,7.1230
11378ba68fd34440902247f02592900b,objaverse_sketchfab,/gs/bs/tga-koike-shanda/yurh/dataset/trellis-500k/ObjaverseXL_sketchfab/raw/hf-objaverse-v1/glbs/000-128/11378ba68fd34440902247f02592900b.glb,/gs/fs/tga-koike-shanda2/sk/data/5k_balanced/objaverse_sketchfab/11378ba68fd34440902247f02592900b/pc10K.npz,/gs/fs/tga-koike-shanda2/sk/data/5k_balanced/objaverse_sketchfab/11378ba68fd34440902247f02592900b/image.png,7.1235
9dd172da803a4d3d92539276031b8f9b,objaverse_sketchfab,/gs/bs/tga-koike-shanda/yurh/dataset/trellis-500k/ObjaverseXL_sketchfab/raw/hf-objaverse-v1/glbs/000-061/9dd172da803a4d3d92539276031b8f9b.glb,/gs/fs/tga-koike-shanda2/sk/data/5k_balanced/objaverse_sketchfab/9dd172da803a4d3d92539276031b8f9b/pc10K.npz,/gs/fs/tga-koike-shanda2/sk/data/5k_balanced/objaverse_sketchfab/9dd172da803a4d3d92539276031b8f9b/image.png,7.1886
711945b3794f4c47963ceefe2ae44384,objaverse_sketchfab,/gs/bs/tga-koike-shanda/yurh/dataset/trellis-500k/ObjaverseXL_sketchfab/raw/hf-objaverse-v1/glbs/000-008/711945b3794f4c47963ceefe2ae44384.glb,/gs/fs/tga-koike-shanda2/sk/data/5k_balanced/objaverse_sketchfab/711945b3794f4c47963ceefe2ae44384/pc10K.npz,/gs/fs/tga-koike-shanda2/sk/data/5k_balanced/objaverse_sketchfab/711945b3794f4c47963ceefe2ae44384/image.png,6.8744
3e2f58acf7f74e55a55103e79d261393,objaverse_sketchfab,/gs/bs/tga-koike-shanda/yurh/dataset/trellis-500k/ObjaverseXL_sketchfab/raw/hf-objaverse-v1/glbs/000-137/3e2f58acf7f74e55a55103e79d261393.glb,/gs/fs/tga-koike-shanda2/sk/data/5k_balanced/objaverse_sketchfab/3e2f58acf7f74e55a55103e79d261393/pc10K.npz,/gs/fs/tga-koike-shanda2/sk/data/5k_balanced/objaverse_sketchfab/3e2f58acf7f74e55a55103e79d261393/image.png,6.7773
b5cb8a53a9c04d09a3a7a59ca9385cd3,objaverse_sketchfab,/gs/bs/tga-koike-shanda/yurh/dataset/trellis-500k/ObjaverseXL_sketchfab/raw/hf-objaverse-v1/glbs/000-074/b5cb8a53a9c04d09a3a7a59ca9385cd3.glb,/gs/fs/tga-koike-shanda2/sk/data/5k_balanced/objaverse_sketchfab/b5cb8a53a9c04d09a3a7a59ca9385cd3/pc10K.npz,/gs/fs/tga-koike-shanda2/sk/data/5k_balanced/objaverse_sketchfab/b5cb8a53a9c04d09a3a7a59ca9385cd3/image.png,7.0416
8a0bb197450442e19866bc349bd2c185,objaverse_sketchfab,/gs/bs/tga-koike-shanda/yurh/dataset/trellis-500k/ObjaverseXL_sketchfab/raw/hf-objaverse-v1/glbs/000-088/8a0bb197450442e19866bc349bd2c185.glb,/gs/fs/tga-koike-shanda2/sk/data/5k_balanced/objaverse_sketchfab/8a0bb197450442e19866bc349bd2c185/pc10K.npz,/gs/fs/tga-koike-shanda2/sk/data/5k_balanced/objaverse_sketchfab/8a0bb197450442e19866bc349bd2c185/image.png,7.0788
a8308469d2404df48e4ba46eef542b1a,objaverse_sketchfab,/gs/bs/tga-koike-shanda/yurh/dataset/trellis-500k/ObjaverseXL_sketchfab/raw/hf-objaverse-v1/glbs/000-084/a8308469d2404df48e4ba46eef542b1a.glb,/gs/fs/tga-koike-shanda2/sk/data/5k_balanced/objaverse_sketchfab/a8308469d2404df48e4ba46eef542b1a/pc10K.npz,/gs/fs/tga-koike-shanda2/sk/data/5k_balanced/objaverse_sketchfab/a8308469d2404df48e4ba46eef542b1a/image.png,6.9614
90acd78096bb48e4ab97a2eea4139bed,objaverse_sketchfab,/gs/bs/tga-koike-shanda/yurh/dataset/trellis-500k/ObjaverseXL_sketchfab/raw/hf-objaverse-v1/glbs/000-088/90acd78096bb48e4ab97a2eea4139bed.glb,/gs/fs/tga-koike-shanda2/sk/data/5k_balanced/objaverse_sketchfab/90acd78096bb48e4ab97a2eea4139bed/pc10K.npz,/gs/fs/tga-koike-shanda2/sk/data/5k_balanced/objaverse_sketchfab/90acd78096bb48e4ab97a2eea4139bed/image.png,6.7301
c18dc96f45714d46b90036820f0deee5,objaverse_sketchfab,/gs/bs/tga-koike-shanda/yurh/dataset/trellis-500k/ObjaverseXL_sketchfab/raw/hf-objaverse-v1/glbs/000-137/c18dc96f45714d46b90036820f0deee5.glb,/gs/fs/tga-koike-shanda2/sk/data/5k_balanced/objaverse_sketchfab/c18dc96f45714d46b90036820f0deee5/pc10K.npz,/gs/fs/tga-koike-shanda2/sk/data/5k_balanced/objaverse_sketchfab/c18dc96f45714d46b90036820f0deee5/image.png,6.8470
1ab02b0c0ebb45aba28ed09362b8a075,objaverse_sketchfab,/gs/bs/tga-koike-shanda/yurh/dataset/trellis-500k/ObjaverseXL_sketchfab/raw/hf-objaverse-v1/glbs/000-024/1ab02b0c0ebb45aba28ed09362b8a075.glb,/gs/fs/tga-koike-shanda2/sk/data/5k_balanced/objaverse_sketchfab/1ab02b0c0ebb45aba28ed09362b8a075/pc10K.npz,/gs/fs/tga-koike-shanda2/sk/data/5k_balanced/objaverse_sketchfab/1ab02b0c0ebb45aba28ed09362b8a075/image.png,7.3227
261dc77d3eeb4eabb8fb40bde290394f,objaverse_sketchfab,/gs/bs/tga-koike-shanda/yurh/dataset/trellis-500k/ObjaverseXL_sketchfab/raw/hf-objaverse-v1/glbs/000-026/261dc77d3eeb4eabb8fb40bde290394f.glb,/gs/fs/tga-koike-shanda2/sk/data/5k_balanced/objaverse_sketchfab/261dc77d3eeb4eabb8fb40bde290394f/pc10K.npz,/gs/fs/tga-koike-shanda2/sk/data/5k_balanced/objaverse_sketchfab/261dc77d3eeb4eabb8fb40bde290394f/image.png,6.8233
ebbab398045f4ebda00358238c91f528,objaverse_sketchfab,/gs/bs/tga-koike-shanda/yurh/dataset/trellis-500k/ObjaverseXL_sketchfab/raw/hf-objaverse-v1/glbs/000-136/ebbab398045f4ebda00358238c91f528.glb,/gs/fs/tga-koike-shanda2/sk/data/5k_balanced/objaverse_sketchfab/ebbab398045f4ebda00358238c91f528/pc10K.npz,/gs/fs/tga-koike-shanda2/sk/data/5k_balanced/objaverse_sketchfab/ebbab398045f4ebda00358238c91f528/image.png,7.0033
378fa80bdb2b48379adc213962dcd84f,objaverse_sketchfab,/gs/bs/tga-koike-shanda/yurh/dataset/trellis-500k/ObjaverseXL_sketchfab/raw/hf-objaverse-v1/glbs/000-148/378fa80bdb2b48379adc213962dcd84f.glb,/gs/fs/tga-koike-shanda2/sk/data/5k_balanced/objaverse_sketchfab/378fa80bdb2b48379adc213962dcd84f/pc10K.npz,/gs/fs/tga-koike-shanda2/sk/data/5k_balanced/objaverse_sketchfab/378fa80bdb2b48379adc213962dcd84f/image.png,6.9174
bf6970e526854fd8beb1201183de1bdf,objaverse_sketchfab,/gs/bs/tga-koike-shanda/yurh/dataset/trellis-500k/ObjaverseXL_sketchfab/raw/hf-objaverse-v1/glbs/000-014/bf6970e526854fd8beb1201183de1bdf.glb,/gs/fs/tga-koike-shanda2/sk/data/5k_balanced/objaverse_sketchfab/bf6970e526854fd8beb1201183de1bdf/pc10K.npz,/gs/fs/tga-koike-shanda2/sk/data/5k_balanced/objaverse_sketchfab/bf6970e526854fd8beb1201183de1bdf/image.png,6.9706
387769ae683f43d09800488c6aeefd54,objaverse_sketchfab,/gs/bs/tga-koike-shanda/yurh/dataset/trellis-500k/ObjaverseXL_sketchfab/raw/hf-objaverse-v1/glbs/000-014/387769ae683f43d09800488c6aeefd54.glb,/gs/fs/tga-koike-shanda2/sk/data/5k_balanced/objaverse_sketchfab/387769ae683f43d09800488c6aeefd54/pc10K.npz,/gs/fs/tga-koike-shanda2/sk/data/5k_balanced/objaverse_sketchfab/387769ae683f43d09800488c6aeefd54/image.png,7.5688
e824d55a2e9044c7ad049fbf9779bd33,objaverse_sketchfab,/gs/bs/tga-koike-shanda/yurh/dataset/trellis-500k/ObjaverseXL_sketchfab/raw/hf-objaverse-v1/glbs/000-144/e824d55a2e9044c7ad049fbf9779bd33.glb,/gs/fs/tga-koike-shanda2/sk/data/5k_balanced/objaverse_sketchfab/e824d55a2e9044c7ad049fbf9779bd33/pc10K.npz,/gs/fs/tga-koike-shanda2/sk/data/5k_balanced/objaverse_sketchfab/e824d55a2e9044c7ad049fbf9779bd33/image.png,7.0062
25813585b5c34454bdcff843d6962ef9,objaverse_sketchfab,/gs/bs/tga-koike-shanda/yurh/dataset/trellis-500k/ObjaverseXL_sketchfab/raw/hf-objaverse-v1/glbs/000-048/25813585b5c34454bdcff843d6962ef9.glb,/gs/fs/tga-koike-shanda2/sk/data/5k_balanced/objaverse_sketchfab/25813585b5c34454bdcff843d6962ef9/pc10K.npz,/gs/fs/tga-koike-shanda2/sk/data/5k_balanced/objaverse_sketchfab/25813585b5c34454bdcff843d6962ef9/image.png,7.1705
942ed64c469744aeb3a52373ee992bf3,objaverse_sketchfab,/gs/bs/tga-koike-shanda/yurh/dataset/trellis-500k/ObjaverseXL_sketchfab/raw/hf-objaverse-v1/glbs/000-138/942ed64c469744aeb3a52373ee992bf3.glb,/gs/fs/tga-koike-shanda2/sk/data/5k_balanced/objaverse_sketchfab/942ed64c469744aeb3a52373ee992bf3/pc10K.npz,/gs/fs/tga-koike-shanda2/sk/data/5k_balanced/objaverse_sketchfab/942ed64c469744aeb3a52373ee992bf3/image.png,7.1298
3296aa2d001f42bca5a604ae1df43702,objaverse_sketchfab,/gs/bs/tga-koike-shanda/yurh/dataset/trellis-500k/ObjaverseXL_sketchfab/raw/hf-objaverse-v1/glbs/000-097/3296aa2d001f42bca5a604ae1df43702.glb,/gs/fs/tga-koike-shanda2/sk/data/5k_balanced/objaverse_sketchfab/3296aa2d001f42bca5a604ae1df43702/pc10K.npz,/gs/fs/tga-koike-shanda2/sk/data/5k_balanced/objaverse_sketchfab/3296aa2d001f42bca5a604ae1df43702/image.png,6.8125
c58368b5f05849ed935ab5819b87b187,objaverse_sketchfab,/gs/bs/tga-koike-shanda/yurh/dataset/trellis-500k/ObjaverseXL_sketchfab/raw/hf-objaverse-v1/glbs/000-001/c58368b5f05849ed935ab5819b87b187.glb,/gs/fs/tga-koike-shanda2/sk/data/5k_balanced/objaverse_sketchfab/c58368b5f05849ed935ab5819b87b187/pc10K.npz,/gs/fs/tga-koike-shanda2/sk/data/5k_balanced/objaverse_sketchfab/c58368b5f05849ed935ab5819b87b187/image.png,6.8397
d75b1fab944b46b6b8e9ac3e52bcd75e,objaverse_sketchfab,/gs/bs/tga-koike-shanda/yurh/dataset/trellis-500k/ObjaverseXL_sketchfab/raw/hf-objaverse-v1/glbs/000-092/d75b1fab944b46b6b8e9ac3e52bcd75e.glb,/gs/fs/tga-koike-shanda2/sk/data/5k_balanced/objaverse_sketchfab/d75b1fab944b46b6b8e9ac3e52bcd75e/pc10K.npz,/gs/fs/tga-koike-shanda2/sk/data/5k_balanced/objaverse_sketchfab/d75b1fab944b46b6b8e9ac3e52bcd75e/image.png,6.9514
8caaef98c3704e688242aac0e49cee03,objaverse_sketchfab,/gs/bs/tga-koike-shanda/yurh/dataset/trellis-500k/ObjaverseXL_sketchfab/raw/hf-objaverse-v1/glbs/000-038/8caaef98c3704e688242aac0e49cee03.glb,/gs/fs/tga-koike-shanda2/sk/data/5k_balanced/objaverse_sketchfab/8caaef98c3704e688242aac0e49cee03/pc10K.npz,/gs/fs/tga-koike-shanda2/sk/data/5k_balanced/objaverse_sketchfab/8caaef98c3704e688242aac0e49cee03/image.png,6.7770
361220ece0344bfda9a63d377ecab931,objaverse_sketchfab,/gs/bs/tga-koike-shanda/yurh/dataset/trellis-500k/ObjaverseXL_sketchfab/raw/hf-objaverse-v1/glbs/000-000/361220ece0344bfda9a63d377ecab931.glb,/gs/fs/tga-koike-shanda2/sk/data/5k_balanced/objaverse_sketchfab/361220ece0344bfda9a63d377ecab931/pc10K.npz,/gs/fs/tga-koike-shanda2/sk/data/5k_balanced/objaverse_sketchfab/361220ece0344bfda9a63d377ecab931/image.png,6.9588
def300850cbe45d08a5edc4115a3c70b,objaverse_sketchfab,/gs/bs/tga-koike-shanda/yurh/dataset/trellis-500k/ObjaverseXL_sketchfab/raw/hf-objaverse-v1/glbs/000-155/def300850cbe45d08a5edc4115a3c70b.glb,/gs/fs/tga-koike-shanda2/sk/data/5k_balanced/objaverse_sketchfab/def300850cbe45d08a5edc4115a3c70b/pc10K.npz,/gs/fs/tga-koike-shanda2/sk/data/5k_balanced/objaverse_sketchfab/def300850cbe45d08a5edc4115a3c70b/image.png,7.2199
3b8a444954e649ee9bfc6b26d13788aa,objaverse_sketchfab,/gs/bs/tga-koike-shanda/yurh/dataset/trellis-500k/ObjaverseXL_sketchfab/raw/hf-objaverse-v1/glbs/000-091/3b8a444954e649ee9bfc6b26d13788aa.glb,/gs/fs/tga-koike-shanda2/sk/data/5k_balanced/objaverse_sketchfab/3b8a444954e649ee9bfc6b26d13788aa/pc10K.npz,/gs/fs/tga-koike-shanda2/sk/data/5k_balanced/objaverse_sketchfab/3b8a444954e649ee9bfc6b26d13788aa/image.png,7.0500
3a5ed2b8d5c5468897e797dcaba508a1,objaverse_sketchfab,/gs/bs/tga-koike-shanda/yurh/dataset/trellis-500k/ObjaverseXL_sketchfab/raw/hf-objaverse-v1/glbs/000-091/3a5ed2b8d5c5468897e797dcaba508a1.glb,/gs/fs/tga-koike-shanda2/sk/data/5k_balanced/objaverse_sketchfab/3a5ed2b8d5c5468897e797dcaba508a1/pc10K.npz,/gs/fs/tga-koike-shanda2/sk/data/5k_balanced/objaverse_sketchfab/3a5ed2b8d5c5468897e797dcaba508a1/image.png,6.7885
f1bcc72b25d04f2c9c5c4d4a82c29d86,objaverse_sketchfab,/gs/bs/tga-koike-shanda/yurh/dataset/trellis-500k/ObjaverseXL_sketchfab/raw/hf-objaverse-v1/glbs/000-075/f1bcc72b25d04f2c9c5c4d4a82c29d86.glb,/gs/fs/tga-koike-shanda2/sk/data/5k_balanced/objaverse_sketchfab/f1bcc72b25d04f2c9c5c4d4a82c29d86/pc10K.npz,/gs/fs/tga-koike-shanda2/sk/data/5k_balanced/objaverse_sketchfab/f1bcc72b25d04f2c9c5c4d4a82c29d86/image.png,6.8036
6f92293320ed4212b99d5d38dccf1643,objaverse_sketchfab,/gs/bs/tga-koike-shanda/yurh/dataset/trellis-500k/ObjaverseXL_sketchfab/raw/hf-objaverse-v1/glbs/000-074/6f92293320ed4212b99d5d38dccf1643.glb,/gs/fs/tga-koike-shanda2/sk/data/5k_balanced/objaverse_sketchfab/6f92293320ed4212b99d5d38dccf1643/pc10K.npz,/gs/fs/tga-koike-shanda2/sk/data/5k_balanced/objaverse_sketchfab/6f92293320ed4212b99d5d38dccf1643/image.png,7.0200
fbfbcdf76fc3404c8a7b115a3034e6e5,objaverse_sketchfab,/gs/bs/tga-koike-shanda/yurh/dataset/trellis-500k/ObjaverseXL_sketchfab/raw/hf-objaverse-v1/glbs/000-093/fbfbcdf76fc3404c8a7b115a3034e6e5.glb,/gs/fs/tga-koike-shanda2/sk/data/5k_balanced/objaverse_sketchfab/fbfbcdf76fc3404c8a7b115a3034e6e5/pc10K.npz,/gs/fs/tga-koike-shanda2/sk/data/5k_balanced/objaverse_sketchfab/fbfbcdf76fc3404c8a7b115a3034e6e5/image.png,6.7878
ad3b24b0d191461dbc850059987c8262,objaverse_sketchfab,/gs/bs/tga-koike-shanda/yurh/dataset/trellis-500k/ObjaverseXL_sketchfab/raw/hf-objaverse-v1/glbs/000-154/ad3b24b0d191461dbc850059987c8262.glb,/gs/fs/tga-koike-shanda2/sk/data/5k_balanced/objaverse_sketchfab/ad3b24b0d191461dbc850059987c8262/pc10K.npz,/gs/fs/tga-koike-shanda2/sk/data/5k_balanced/objaverse_sketchfab/ad3b24b0d191461dbc850059987c8262/image.png,7.1302
84017504734d4895b48f75751b3a4516,objaverse_sketchfab,/gs/bs/tga-koike-shanda/yurh/dataset/trellis-500k/ObjaverseXL_sketchfab/raw/hf-objaverse-v1/glbs/000-013/84017504734d4895b48f75751b3a4516.glb,/gs/fs/tga-koike-shanda2/sk/data/5k_balanced/objaverse_sketchfab/84017504734d4895b48f75751b3a4516/pc10K.npz,/gs/fs/tga-koike-shanda2/sk/data/5k_balanced/objaverse_sketchfab/84017504734d4895b48f75751b3a4516/image.png,7.0384
c851401b749b49d7a2cc356458c9d329,objaverse_sketchfab,/gs/bs/tga-koike-shanda/yurh/dataset/trellis-500k/ObjaverseXL_sketchfab/raw/hf-objaverse-v1/glbs/000-031/c851401b749b49d7a2cc356458c9d329.glb,/gs/fs/tga-koike-shanda2/sk/data/5k_balanced/objaverse_sketchfab/c851401b749b49d7a2cc356458c9d329/pc10K.npz,/gs/fs/tga-koike-shanda2/sk/data/5k_balanced/objaverse_sketchfab/c851401b749b49d7a2cc356458c9d329/image.png,7.0367
7c7d52823fcd4db29aaf830d3d5b7eeb,objaverse_sketchfab,/gs/bs/tga-koike-shanda/yurh/dataset/trellis-500k/ObjaverseXL_sketchfab/raw/hf-objaverse-v1/glbs/000-111/7c7d52823fcd4db29aaf830d3d5b7eeb.glb,/gs/fs/tga-koike-shanda2/sk/data/5k_balanced/objaverse_sketchfab/7c7d52823fcd4db29aaf830d3d5b7eeb/pc10K.npz,/gs/fs/tga-koike-shanda2/sk/data/5k_balanced/objaverse_sketchfab/7c7d52823fcd4db29aaf830d3d5b7eeb/image.png,6.7783
4940bd02c99843cf84477f3cc91b147b,objaverse_sketchfab,/gs/bs/tga-koike-shanda/yurh/dataset/trellis-500k/ObjaverseXL_sketchfab/raw/hf-objaverse-v1/glbs/000-049/4940bd02c99843cf84477f3cc91b147b.glb,/gs/fs/tga-koike-shanda2/sk/data/5k_balanced/objaverse_sketchfab/4940bd02c99843cf84477f3cc91b147b/pc10K.npz,/gs/fs/tga-koike-shanda2/sk/data/5k_balanced/objaverse_sketchfab/4940bd02c99843cf84477f3cc91b147b/image.png,7.0208
4dbb5813b63d42738a5c6679964a1c0a,objaverse_sketchfab,/gs/bs/tga-koike-shanda/yurh/dataset/trellis-500k/ObjaverseXL_sketchfab/raw/hf-objaverse-v1/glbs/000-138/4dbb5813b63d42738a5c6679964a1c0a.glb,/gs/fs/tga-koike-shanda2/sk/data/5k_balanced/objaverse_sketchfab/4dbb5813b63d42738a5c6679964a1c0a/pc10K.npz,/gs/fs/tga-koike-shanda2/sk/data/5k_balanced/objaverse_sketchfab/4dbb5813b63d42738a5c6679964a1c0a/image.png,6.7672
d76aaded12a942de9ec839682d85fddf,objaverse_sketchfab,/gs/bs/tga-koike-shanda/yurh/dataset/trellis-500k/ObjaverseXL_sketchfab/raw/hf-objaverse-v1/glbs/000-081/d76aaded12a942de9ec839682d85fddf.glb,/gs/fs/tga-koike-shanda2/sk/data/5k_balanced/objaverse_sketchfab/d76aaded12a942de9ec839682d85fddf/pc10K.npz,/gs/fs/tga-koike-shanda2/sk/data/5k_balanced/objaverse_sketchfab/d76aaded12a942de9ec839682d85fddf/image.png,6.7540
f256203558c24ea09385a861b917c75a,objaverse_sketchfab,/gs/bs/tga-koike-shanda/yurh/dataset/trellis-500k/ObjaverseXL_sketchfab/raw/hf-objaverse-v1/glbs/000-152/f256203558c24ea09385a861b917c75a.glb,/gs/fs/tga-koike-shanda2/sk/data/5k_balanced/objaverse_sketchfab/f256203558c24ea09385a861b917c75a/pc10K.npz,/gs/fs/tga-koike-shanda2/sk/data/5k_balanced/objaverse_sketchfab/f256203558c24ea09385a861b917c75a/image.png,6.8335
5a89d75558044baebdfe6e1882a09940,objaverse_sketchfab,/gs/bs/tga-koike-shanda/yurh/dataset/trellis-500k/ObjaverseXL_sketchfab/raw/hf-objaverse-v1/glbs/000-044/5a89d75558044baebdfe6e1882a09940.glb,/gs/fs/tga-koike-shanda2/sk/data/5k_balanced/objaverse_sketchfab/5a89d75558044baebdfe6e1882a09940/pc10K.npz,/gs/fs/tga-koike-shanda2/sk/data/5k_balanced/objaverse_sketchfab/5a89d75558044baebdfe6e1882a09940/image.png,7.0956
9493e95ec7cd4a218ee521acc550bc45,objaverse_sketchfab,/gs/bs/tga-koike-shanda/yurh/dataset/trellis-500k/ObjaverseXL_sketchfab/raw/hf-objaverse-v1/glbs/000-064/9493e95ec7cd4a218ee521acc550bc45.glb,/gs/fs/tga-koike-shanda2/sk/data/5k_balanced/objaverse_sketchfab/9493e95ec7cd4a218ee521acc550bc45/pc10K.npz,/gs/fs/tga-koike-shanda2/sk/data/5k_balanced/objaverse_sketchfab/9493e95ec7cd4a218ee521acc550bc45/image.png,7.2550
00d320b4f6f6472db5209ae3b4ca9e8f,objaverse_sketchfab,/gs/bs/tga-koike-shanda/yurh/dataset/trellis-500k/ObjaverseXL_sketchfab/raw/hf-objaverse-v1/glbs/000-056/00d320b4f6f6472db5209ae3b4ca9e8f.glb,/gs/fs/tga-koike-shanda2/sk/data/5k_balanced/objaverse_sketchfab/00d320b4f6f6472db5209ae3b4ca9e8f/pc10K.npz,/gs/fs/tga-koike-shanda2/sk/data/5k_balanced/objaverse_sketchfab/00d320b4f6f6472db5209ae3b4ca9e8f/image.png,7.2412
cd755e956bd24bec8f03ae51b746efdf,objaverse_sketchfab,/gs/bs/tga-koike-shanda/yurh/dataset/trellis-500k/ObjaverseXL_sketchfab/raw/hf-objaverse-v1/glbs/000-085/cd755e956bd24bec8f03ae51b746efdf.glb,/gs/fs/tga-koike-shanda2/sk/data/5k_balanced/objaverse_sketchfab/cd755e956bd24bec8f03ae51b746efdf/pc10K.npz,/gs/fs/tga-koike-shanda2/sk/data/5k_balanced/objaverse_sketchfab/cd755e956bd24bec8f03ae51b746efdf/image.png,7.1504
7a7318b788eb48b0a01fe92057061ba1,objaverse_sketchfab,/gs/bs/tga-koike-shanda/yurh/dataset/trellis-500k/ObjaverseXL_sketchfab/raw/hf-objaverse-v1/glbs/000-037/7a7318b788eb48b0a01fe92057061ba1.glb,/gs/fs/tga-koike-shanda2/sk/data/5k_balanced/objaverse_sketchfab/7a7318b788eb48b0a01fe92057061ba1/pc10K.npz,/gs/fs/tga-koike-shanda2/sk/data/5k_balanced/objaverse_sketchfab/7a7318b788eb48b0a01fe92057061ba1/image.png,6.7847
ef63534961af446987a7f633e30828ac,objaverse_sketchfab,/gs/bs/tga-koike-shanda/yurh/dataset/trellis-500k/ObjaverseXL_sketchfab/raw/hf-objaverse-v1/glbs/000-062/ef63534961af446987a7f633e30828ac.glb,/gs/fs/tga-koike-shanda2/sk/data/5k_balanced/objaverse_sketchfab/ef63534961af446987a7f633e30828ac/pc10K.npz,/gs/fs/tga-koike-shanda2/sk/data/5k_balanced/objaverse_sketchfab/ef63534961af446987a7f633e30828ac/image.png,6.9576
d3448dd85d874782a2977fed63786ce7,objaverse_sketchfab,/gs/bs/tga-koike-shanda/yurh/dataset/trellis-500k/ObjaverseXL_sketchfab/raw/hf-objaverse-v1/glbs/000-120/d3448dd85d874782a2977fed63786ce7.glb,/gs/fs/tga-koike-shanda2/sk/data/5k_balanced/objaverse_sketchfab/d3448dd85d874782a2977fed63786ce7/pc10K.npz,/gs/fs/tga-koike-shanda2/sk/data/5k_balanced/objaverse_sketchfab/d3448dd85d874782a2977fed63786ce7/image.png,6.8793
b2003c4eeccf4530be092feea2d67e77,objaverse_sketchfab,/gs/bs/tga-koike-shanda/yurh/dataset/trellis-500k/ObjaverseXL_sketchfab/raw/hf-objaverse-v1/glbs/000-142/b2003c4eeccf4530be092feea2d67e77.glb,/gs/fs/tga-koike-shanda2/sk/data/5k_balanced/objaverse_sketchfab/b2003c4eeccf4530be092feea2d67e77/pc10K.npz,/gs/fs/tga-koike-shanda2/sk/data/5k_balanced/objaverse_sketchfab/b2003c4eeccf4530be092feea2d67e77/image.png,6.7444
2c697da3f76244e58d64190998cb79a1,objaverse_sketchfab,/gs/bs/tga-koike-shanda/yurh/dataset/trellis-500k/ObjaverseXL_sketchfab/raw/hf-objaverse-v1/glbs/000-126/2c697da3f76244e58d64190998cb79a1.glb,/gs/fs/tga-koike-shanda2/sk/data/5k_balanced/objaverse_sketchfab/2c697da3f76244e58d64190998cb79a1/pc10K.npz,/gs/fs/tga-koike-shanda2/sk/data/5k_balanced/objaverse_sketchfab/2c697da3f76244e58d64190998cb79a1/image.png,6.9013
b813dfbfecac468ea363c2b136e1adce,objaverse_sketchfab,/gs/bs/tga-koike-shanda/yurh/dataset/trellis-500k/ObjaverseXL_sketchfab/raw/hf-objaverse-v1/glbs/000-033/b813dfbfecac468ea363c2b136e1adce.glb,/gs/fs/tga-koike-shanda2/sk/data/5k_balanced/objaverse_sketchfab/b813dfbfecac468ea363c2b136e1adce/pc10K.npz,/gs/fs/tga-koike-shanda2/sk/data/5k_balanced/objaverse_sketchfab/b813dfbfecac468ea363c2b136e1adce/image.png,6.9431
e0f4045d2d0e4793823831c503e37737,objaverse_sketchfab,/gs/bs/tga-koike-shanda/yurh/dataset/trellis-500k/ObjaverseXL_sketchfab/raw/hf-objaverse-v1/glbs/000-010/e0f4045d2d0e4793823831c503e37737.glb,/gs/fs/tga-koike-shanda2/sk/data/5k_balanced/objaverse_sketchfab/e0f4045d2d0e4793823831c503e37737/pc10K.npz,/gs/fs/tga-koike-shanda2/sk/data/5k_balanced/objaverse_sketchfab/e0f4045d2d0e4793823831c503e37737/image.png,6.9104
b79cf281b0424432a2c56a89072d5b4c,objaverse_sketchfab,/gs/bs/tga-koike-shanda/yurh/dataset/trellis-500k/ObjaverseXL_sketchfab/raw/hf-objaverse-v1/glbs/000-043/b79cf281b0424432a2c56a89072d5b4c.glb,/gs/fs/tga-koike-shanda2/sk/data/5k_balanced/objaverse_sketchfab/b79cf281b0424432a2c56a89072d5b4c/pc10K.npz,/gs/fs/tga-koike-shanda2/sk/data/5k_balanced/objaverse_sketchfab/b79cf281b0424432a2c56a89072d5b4c/image.png,6.7538
d4d1c751bdd14417a35ed79f285a8db6,objaverse_sketchfab,/gs/bs/tga-koike-shanda/yurh/dataset/trellis-500k/ObjaverseXL_sketchfab/raw/hf-objaverse-v1/glbs/000-148/d4d1c751bdd14417a35ed79f285a8db6.glb,/gs/fs/tga-koike-shanda2/sk/data/5k_balanced/objaverse_sketchfab/d4d1c751bdd14417a35ed79f285a8db6/pc10K.npz,/gs/fs/tga-koike-shanda2/sk/data/5k_balanced/objaverse_sketchfab/d4d1c751bdd14417a35ed79f285a8db6/image.png,6.9017
f75020843d9b45e98c850838d61ff100,objaverse_sketchfab,/gs/bs/tga-koike-shanda/yurh/dataset/trellis-500k/ObjaverseXL_sketchfab/raw/hf-objaverse-v1/glbs/000-034/f75020843d9b45e98c850838d61ff100.glb,/gs/fs/tga-koike-shanda2/sk/data/5k_balanced/objaverse_sketchfab/f75020843d9b45e98c850838d61ff100/pc10K.npz,/gs/fs/tga-koike-shanda2/sk/data/5k_balanced/objaverse_sketchfab/f75020843d9b45e98c850838d61ff100/image.png,6.7459
61640c907017441da1ea1b26bb4532f7,objaverse_sketchfab,/gs/bs/tga-koike-shanda/yurh/dataset/trellis-500k/ObjaverseXL_sketchfab/raw/hf-objaverse-v1/glbs/000-158/61640c907017441da1ea1b26bb4532f7.glb,/gs/fs/tga-koike-shanda2/sk/data/5k_balanced/objaverse_sketchfab/61640c907017441da1ea1b26bb4532f7/pc10K.npz,/gs/fs/tga-koike-shanda2/sk/data/5k_balanced/objaverse_sketchfab/61640c907017441da1ea1b26bb4532f7/image.png,7.1287
dd465f545a654f8da288d5dc07edbdad,objaverse_sketchfab,/gs/bs/tga-koike-shanda/yurh/dataset/trellis-500k/ObjaverseXL_sketchfab/raw/hf-objaverse-v1/glbs/000-024/dd465f545a654f8da288d5dc07edbdad.glb,/gs/fs/tga-koike-shanda2/sk/data/5k_balanced/objaverse_sketchfab/dd465f545a654f8da288d5dc07edbdad/pc10K.npz,/gs/fs/tga-koike-shanda2/sk/data/5k_balanced/objaverse_sketchfab/dd465f545a654f8da288d5dc07edbdad/image.png,6.7924
36a37af9cdfb4ccc8e129910a35fec92,objaverse_sketchfab,/gs/bs/tga-koike-shanda/yurh/dataset/trellis-500k/ObjaverseXL_sketchfab/raw/hf-objaverse-v1/glbs/000-015/36a37af9cdfb4ccc8e129910a35fec92.glb,/gs/fs/tga-koike-shanda2/sk/data/5k_balanced/objaverse_sketchfab/36a37af9cdfb4ccc8e129910a35fec92/pc10K.npz,/gs/fs/tga-koike-shanda2/sk/data/5k_balanced/objaverse_sketchfab/36a37af9cdfb4ccc8e129910a35fec92/image.png,6.9729
3d77edacdfbc4419a8390ee4165004d6,objaverse_sketchfab,/gs/bs/tga-koike-shanda/yurh/dataset/trellis-500k/ObjaverseXL_sketchfab/raw/hf-objaverse-v1/glbs/000-093/3d77edacdfbc4419a8390ee4165004d6.glb,/gs/fs/tga-koike-shanda2/sk/data/5k_balanced/objaverse_sketchfab/3d77edacdfbc4419a8390ee4165004d6/pc10K.npz,/gs/fs/tga-koike-shanda2/sk/data/5k_balanced/objaverse_sketchfab/3d77edacdfbc4419a8390ee4165004d6/image.png,6.7709
4975a555facf4c2397c7fa6bf56abb08,objaverse_sketchfab,/gs/bs/tga-koike-shanda/yurh/dataset/trellis-500k/ObjaverseXL_sketchfab/raw/hf-objaverse-v1/glbs/000-155/4975a555facf4c2397c7fa6bf56abb08.glb,/gs/fs/tga-koike-shanda2/sk/data/5k_balanced/objaverse_sketchfab/4975a555facf4c2397c7fa6bf56abb08/pc10K.npz,/gs/fs/tga-koike-shanda2/sk/data/5k_balanced/objaverse_sketchfab/4975a555facf4c2397c7fa6bf56abb08/image.png,7.0254
5b8ae6366ca14069b8d9b0eb584a7283,objaverse_sketchfab,/gs/bs/tga-koike-shanda/yurh/dataset/trellis-500k/ObjaverseXL_sketchfab/raw/hf-objaverse-v1/glbs/000-007/5b8ae6366ca14069b8d9b0eb584a7283.glb,/gs/fs/tga-koike-shanda2/sk/data/5k_balanced/objaverse_sketchfab/5b8ae6366ca14069b8d9b0eb584a7283/pc10K.npz,/gs/fs/tga-koike-shanda2/sk/data/5k_balanced/objaverse_sketchfab/5b8ae6366ca14069b8d9b0eb584a7283/image.png,6.7981
7e92135294b842c18157e641396665d9,objaverse_sketchfab,/gs/bs/tga-koike-shanda/yurh/dataset/trellis-500k/ObjaverseXL_sketchfab/raw/hf-objaverse-v1/glbs/000-085/7e92135294b842c18157e641396665d9.glb,/gs/fs/tga-koike-shanda2/sk/data/5k_balanced/objaverse_sketchfab/7e92135294b842c18157e641396665d9/pc10K.npz,/gs/fs/tga-koike-shanda2/sk/data/5k_balanced/objaverse_sketchfab/7e92135294b842c18157e641396665d9/image.png,7.1188
81899661e0e046699a963a83be3d5630,objaverse_sketchfab,/gs/bs/tga-koike-shanda/yurh/dataset/trellis-500k/ObjaverseXL_sketchfab/raw/hf-objaverse-v1/glbs/000-091/81899661e0e046699a963a83be3d5630.glb,/gs/fs/tga-koike-shanda2/sk/data/5k_balanced/objaverse_sketchfab/81899661e0e046699a963a83be3d5630/pc10K.npz,/gs/fs/tga-koike-shanda2/sk/data/5k_balanced/objaverse_sketchfab/81899661e0e046699a963a83be3d5630/image.png,6.8175
5f4653c9d3b14c8ab92c8ddfc405b50a,objaverse_sketchfab,/gs/bs/tga-koike-shanda/yurh/dataset/trellis-500k/ObjaverseXL_sketchfab/raw/hf-objaverse-v1/glbs/000-107/5f4653c9d3b14c8ab92c8ddfc405b50a.glb,/gs/fs/tga-koike-shanda2/sk/data/5k_balanced/objaverse_sketchfab/5f4653c9d3b14c8ab92c8ddfc405b50a/pc10K.npz,/gs/fs/tga-koike-shanda2/sk/data/5k_balanced/objaverse_sketchfab/5f4653c9d3b14c8ab92c8ddfc405b50a/image.png,6.8832
b4889cfc22a44e09b2c25c538413b92a,objaverse_sketchfab,/gs/bs/tga-koike-shanda/yurh/dataset/trellis-500k/ObjaverseXL_sketchfab/raw/hf-objaverse-v1/glbs/000-019/b4889cfc22a44e09b2c25c538413b92a.glb,/gs/fs/tga-koike-shanda2/sk/data/5k_balanced/objaverse_sketchfab/b4889cfc22a44e09b2c25c538413b92a/pc10K.npz,/gs/fs/tga-koike-shanda2/sk/data/5k_balanced/objaverse_sketchfab/b4889cfc22a44e09b2c25c538413b92a/image.png,7.3066
7637832404b343bf88b8be34b3ea0b89,objaverse_sketchfab,/gs/bs/tga-koike-shanda/yurh/dataset/trellis-500k/ObjaverseXL_sketchfab/raw/hf-objaverse-v1/glbs/000-128/7637832404b343bf88b8be34b3ea0b89.glb,/gs/fs/tga-koike-shanda2/sk/data/5k_balanced/objaverse_sketchfab/7637832404b343bf88b8be34b3ea0b89/pc10K.npz,/gs/fs/tga-koike-shanda2/sk/data/5k_balanced/objaverse_sketchfab/7637832404b343bf88b8be34b3ea0b89/image.png,7.2940
3e287971766c48178b434a98a590a3a6,objaverse_sketchfab,/gs/bs/tga-koike-shanda/yurh/dataset/trellis-500k/ObjaverseXL_sketchfab/raw/hf-objaverse-v1/glbs/000-098/3e287971766c48178b434a98a590a3a6.glb,/gs/fs/tga-koike-shanda2/sk/data/5k_balanced/objaverse_sketchfab/3e287971766c48178b434a98a590a3a6/pc10K.npz,/gs/fs/tga-koike-shanda2/sk/data/5k_balanced/objaverse_sketchfab/3e287971766c48178b434a98a590a3a6/image.png,7.0091
32016141fa1d4626ace9b135feeeb41b,objaverse_sketchfab,/gs/bs/tga-koike-shanda/yurh/dataset/trellis-500k/ObjaverseXL_sketchfab/raw/hf-objaverse-v1/glbs/000-090/32016141fa1d4626ace9b135feeeb41b.glb,/gs/fs/tga-koike-shanda2/sk/data/5k_balanced/objaverse_sketchfab/32016141fa1d4626ace9b135feeeb41b/pc10K.npz,/gs/fs/tga-koike-shanda2/sk/data/5k_balanced/objaverse_sketchfab/32016141fa1d4626ace9b135feeeb41b/image.png,6.8179
6c59e5f6de454f1ea3032774d1abbc52,objaverse_sketchfab,/gs/bs/tga-koike-shanda/yurh/dataset/trellis-500k/ObjaverseXL_sketchfab/raw/hf-objaverse-v1/glbs/000-027/6c59e5f6de454f1ea3032774d1abbc52.glb,/gs/fs/tga-koike-shanda2/sk/data/5k_balanced/objaverse_sketchfab/6c59e5f6de454f1ea3032774d1abbc52/pc10K.npz,/gs/fs/tga-koike-shanda2/sk/data/5k_balanced/objaverse_sketchfab/6c59e5f6de454f1ea3032774d1abbc52/image.png,7.2359
8993602ca91f4c499e690e5dae19f978,objaverse_sketchfab,/gs/bs/tga-koike-shanda/yurh/dataset/trellis-500k/ObjaverseXL_sketchfab/raw/hf-objaverse-v1/glbs/000-061/8993602ca91f4c499e690e5dae19f978.glb,/gs/fs/tga-koike-shanda2/sk/data/5k_balanced/objaverse_sketchfab/8993602ca91f4c499e690e5dae19f978/pc10K.npz,/gs/fs/tga-koike-shanda2/sk/data/5k_balanced/objaverse_sketchfab/8993602ca91f4c499e690e5dae19f978/image.png,6.7560
e35485c04e244da78078f3979ddb5859,objaverse_sketchfab,/gs/bs/tga-koike-shanda/yurh/dataset/trellis-500k/ObjaverseXL_sketchfab/raw/hf-objaverse-v1/glbs/000-040/e35485c04e244da78078f3979ddb5859.glb,/gs/fs/tga-koike-shanda2/sk/data/5k_balanced/objaverse_sketchfab/e35485c04e244da78078f3979ddb5859/pc10K.npz,/gs/fs/tga-koike-shanda2/sk/data/5k_balanced/objaverse_sketchfab/e35485c04e244da78078f3979ddb5859/image.png,7.2024
ac2a5268f0bd4b5298dee92d0c612a37,objaverse_sketchfab,/gs/bs/tga-koike-shanda/yurh/dataset/trellis-500k/ObjaverseXL_sketchfab/raw/hf-objaverse-v1/glbs/000-050/ac2a5268f0bd4b5298dee92d0c612a37.glb,/gs/fs/tga-koike-shanda2/sk/data/5k_balanced/objaverse_sketchfab/ac2a5268f0bd4b5298dee92d0c612a37/pc10K.npz,/gs/fs/tga-koike-shanda2/sk/data/5k_balanced/objaverse_sketchfab/ac2a5268f0bd4b5298dee92d0c612a37/image.png,6.9428
78434b68a7d84a5bbc140ea1aeb7b7be,objaverse_sketchfab,/gs/bs/tga-koike-shanda/yurh/dataset/trellis-500k/ObjaverseXL_sketchfab/raw/hf-objaverse-v1/glbs/000-134/78434b68a7d84a5bbc140ea1aeb7b7be.glb,/gs/fs/tga-koike-shanda2/sk/data/5k_balanced/objaverse_sketchfab/78434b68a7d84a5bbc140ea1aeb7b7be/pc10K.npz,/gs/fs/tga-koike-shanda2/sk/data/5k_balanced/objaverse_sketchfab/78434b68a7d84a5bbc140ea1aeb7b7be/image.png,7.2419
7550cb0297b549818512e7d461f5fe69,objaverse_sketchfab,/gs/bs/tga-koike-shanda/yurh/dataset/trellis-500k/ObjaverseXL_sketchfab/raw/hf-objaverse-v1/glbs/000-139/7550cb0297b549818512e7d461f5fe69.glb,/gs/fs/tga-koike-shanda2/sk/data/5k_balanced/objaverse_sketchfab/7550cb0297b549818512e7d461f5fe69/pc10K.npz,/gs/fs/tga-koike-shanda2/sk/data/5k_balanced/objaverse_sketchfab/7550cb0297b549818512e7d461f5fe69/image.png,7.2774
3fb280d6294a4a32a16249f4a1a62f7d,objaverse_sketchfab,/gs/bs/tga-koike-shanda/yurh/dataset/trellis-500k/ObjaverseXL_sketchfab/raw/hf-objaverse-v1/glbs/000-075/3fb280d6294a4a32a16249f4a1a62f7d.glb,/gs/fs/tga-koike-shanda2/sk/data/5k_balanced/objaverse_sketchfab/3fb280d6294a4a32a16249f4a1a62f7d/pc10K.npz,/gs/fs/tga-koike-shanda2/sk/data/5k_balanced/objaverse_sketchfab/3fb280d6294a4a32a16249f4a1a62f7d/image.png,6.8213
4e72e64ae1fd45faaef92f42d01b744a,objaverse_sketchfab,/gs/bs/tga-koike-shanda/yurh/dataset/trellis-500k/ObjaverseXL_sketchfab/raw/hf-objaverse-v1/glbs/000-145/4e72e64ae1fd45faaef92f42d01b744a.glb,/gs/fs/tga-koike-shanda2/sk/data/5k_balanced/objaverse_sketchfab/4e72e64ae1fd45faaef92f42d01b744a/pc10K.npz,/gs/fs/tga-koike-shanda2/sk/data/5k_balanced/objaverse_sketchfab/4e72e64ae1fd45faaef92f42d01b744a/image.png,7.1167
6d523d60eaf14b4097bcc953db69f8d2,objaverse_sketchfab,/gs/bs/tga-koike-shanda/yurh/dataset/trellis-500k/ObjaverseXL_sketchfab/raw/hf-objaverse-v1/glbs/000-108/6d523d60eaf14b4097bcc953db69f8d2.glb,/gs/fs/tga-koike-shanda2/sk/data/5k_balanced/objaverse_sketchfab/6d523d60eaf14b4097bcc953db69f8d2/pc10K.npz,/gs/fs/tga-koike-shanda2/sk/data/5k_balanced/objaverse_sketchfab/6d523d60eaf14b4097bcc953db69f8d2/image.png,7.3565
acca934294cc4194b01123d8cb7e3c5e,objaverse_sketchfab,/gs/bs/tga-koike-shanda/yurh/dataset/trellis-500k/ObjaverseXL_sketchfab/raw/hf-objaverse-v1/glbs/000-136/acca934294cc4194b01123d8cb7e3c5e.glb,/gs/fs/tga-koike-shanda2/sk/data/5k_balanced/objaverse_sketchfab/acca934294cc4194b01123d8cb7e3c5e/pc10K.npz,/gs/fs/tga-koike-shanda2/sk/data/5k_balanced/objaverse_sketchfab/acca934294cc4194b01123d8cb7e3c5e/image.png,6.9519
bc4b3f18cb264086992d77ed333d1cb8,objaverse_sketchfab,/gs/bs/tga-koike-shanda/yurh/dataset/trellis-500k/ObjaverseXL_sketchfab/raw/hf-objaverse-v1/glbs/000-137/bc4b3f18cb264086992d77ed333d1cb8.glb,/gs/fs/tga-koike-shanda2/sk/data/5k_balanced/objaverse_sketchfab/bc4b3f18cb264086992d77ed333d1cb8/pc10K.npz,/gs/fs/tga-koike-shanda2/sk/data/5k_balanced/objaverse_sketchfab/bc4b3f18cb264086992d77ed333d1cb8/image.png,6.8011
0f1f3038a3144ab88d39739cc980fdc1,objaverse_sketchfab,/gs/bs/tga-koike-shanda/yurh/dataset/trellis-500k/ObjaverseXL_sketchfab/raw/hf-objaverse-v1/glbs/000-138/0f1f3038a3144ab88d39739cc980fdc1.glb,/gs/fs/tga-koike-shanda2/sk/data/5k_balanced/objaverse_sketchfab/0f1f3038a3144ab88d39739cc980fdc1/pc10K.npz,/gs/fs/tga-koike-shanda2/sk/data/5k_balanced/objaverse_sketchfab/0f1f3038a3144ab88d39739cc980fdc1/image.png,6.7922
97dec55f8ad9482aa3d8a5b8bb492e56,objaverse_sketchfab,/gs/bs/tga-koike-shanda/yurh/dataset/trellis-500k/ObjaverseXL_sketchfab/raw/hf-objaverse-v1/glbs/000-050/97dec55f8ad9482aa3d8a5b8bb492e56.glb,/gs/fs/tga-koike-shanda2/sk/data/5k_balanced/objaverse_sketchfab/97dec55f8ad9482aa3d8a5b8bb492e56/pc10K.npz,/gs/fs/tga-koike-shanda2/sk/data/5k_balanced/objaverse_sketchfab/97dec55f8ad9482aa3d8a5b8bb492e56/image.png,7.0130
ebfbde0c79d545959ff95a9d65f0df16,objaverse_sketchfab,/gs/bs/tga-koike-shanda/yurh/dataset/trellis-500k/ObjaverseXL_sketchfab/raw/hf-objaverse-v1/glbs/000-158/ebfbde0c79d545959ff95a9d65f0df16.glb,/gs/fs/tga-koike-shanda2/sk/data/5k_balanced/objaverse_sketchfab/ebfbde0c79d545959ff95a9d65f0df16/pc10K.npz,/gs/fs/tga-koike-shanda2/sk/data/5k_balanced/objaverse_sketchfab/ebfbde0c79d545959ff95a9d65f0df16/image.png,6.9448
2892891261a845048428d126bc865db1,objaverse_sketchfab,/gs/bs/tga-koike-shanda/yurh/dataset/trellis-500k/ObjaverseXL_sketchfab/raw/hf-objaverse-v1/glbs/000-134/2892891261a845048428d126bc865db1.glb,/gs/fs/tga-koike-shanda2/sk/data/5k_balanced/objaverse_sketchfab/2892891261a845048428d126bc865db1/pc10K.npz,/gs/fs/tga-koike-shanda2/sk/data/5k_balanced/objaverse_sketchfab/2892891261a845048428d126bc865db1/image.png,6.8712
b935801d58874c72a27a3bd371286811,objaverse_sketchfab,/gs/bs/tga-koike-shanda/yurh/dataset/trellis-500k/ObjaverseXL_sketchfab/raw/hf-objaverse-v1/glbs/000-084/b935801d58874c72a27a3bd371286811.glb,/gs/fs/tga-koike-shanda2/sk/data/5k_balanced/objaverse_sketchfab/b935801d58874c72a27a3bd371286811/pc10K.npz,/gs/fs/tga-koike-shanda2/sk/data/5k_balanced/objaverse_sketchfab/b935801d58874c72a27a3bd371286811/image.png,7.6982
81e13bc15d9c4059965353ffebf830ec,objaverse_sketchfab,/gs/bs/tga-koike-shanda/yurh/dataset/trellis-500k/ObjaverseXL_sketchfab/raw/hf-objaverse-v1/glbs/000-011/81e13bc15d9c4059965353ffebf830ec.glb,/gs/fs/tga-koike-shanda2/sk/data/5k_balanced/objaverse_sketchfab/81e13bc15d9c4059965353ffebf830ec/pc10K.npz,/gs/fs/tga-koike-shanda2/sk/data/5k_balanced/objaverse_sketchfab/81e13bc15d9c4059965353ffebf830ec/image.png,6.8937
761e522abb934b0a98063a9851728180,objaverse_sketchfab,/gs/bs/tga-koike-shanda/yurh/dataset/trellis-500k/ObjaverseXL_sketchfab/raw/hf-objaverse-v1/glbs/000-003/761e522abb934b0a98063a9851728180.glb,/gs/fs/tga-koike-shanda2/sk/data/5k_balanced/objaverse_sketchfab/761e522abb934b0a98063a9851728180/pc10K.npz,/gs/fs/tga-koike-shanda2/sk/data/5k_balanced/objaverse_sketchfab/761e522abb934b0a98063a9851728180/image.png,7.1039
9deee5e560ad4daface5f99903b6bc9d,objaverse_sketchfab,/gs/bs/tga-koike-shanda/yurh/dataset/trellis-500k/ObjaverseXL_sketchfab/raw/hf-objaverse-v1/glbs/000-155/9deee5e560ad4daface5f99903b6bc9d.glb,/gs/fs/tga-koike-shanda2/sk/data/5k_balanced/objaverse_sketchfab/9deee5e560ad4daface5f99903b6bc9d/pc10K.npz,/gs/fs/tga-koike-shanda2/sk/data/5k_balanced/objaverse_sketchfab/9deee5e560ad4daface5f99903b6bc9d/image.png,7.1506
2dbe1277caf74deb9a64ba032dff21b4,objaverse_sketchfab,/gs/bs/tga-koike-shanda/yurh/dataset/trellis-500k/ObjaverseXL_sketchfab/raw/hf-objaverse-v1/glbs/000-065/2dbe1277caf74deb9a64ba032dff21b4.glb,/gs/fs/tga-koike-shanda2/sk/data/5k_balanced/objaverse_sketchfab/2dbe1277caf74deb9a64ba032dff21b4/pc10K.npz,/gs/fs/tga-koike-shanda2/sk/data/5k_balanced/objaverse_sketchfab/2dbe1277caf74deb9a64ba032dff21b4/image.png,6.9113
7a60e92f29694ed9b43d591788c9d0fa,objaverse_sketchfab,/gs/bs/tga-koike-shanda/yurh/dataset/trellis-500k/ObjaverseXL_sketchfab/raw/hf-objaverse-v1/glbs/000-095/7a60e92f29694ed9b43d591788c9d0fa.glb,/gs/fs/tga-koike-shanda2/sk/data/5k_balanced/objaverse_sketchfab/7a60e92f29694ed9b43d591788c9d0fa/pc10K.npz,/gs/fs/tga-koike-shanda2/sk/data/5k_balanced/objaverse_sketchfab/7a60e92f29694ed9b43d591788c9d0fa/image.png,6.7864
8c4106dacc8f4b79a0728ee55e427929,objaverse_sketchfab,/gs/bs/tga-koike-shanda/yurh/dataset/trellis-500k/ObjaverseXL_sketchfab/raw/hf-objaverse-v1/glbs/000-011/8c4106dacc8f4b79a0728ee55e427929.glb,/gs/fs/tga-koike-shanda2/sk/data/5k_balanced/objaverse_sketchfab/8c4106dacc8f4b79a0728ee55e427929/pc10K.npz,/gs/fs/tga-koike-shanda2/sk/data/5k_balanced/objaverse_sketchfab/8c4106dacc8f4b79a0728ee55e427929/image.png,7.0147
50d3395c16204a7093027a60dd1dfd5a,objaverse_sketchfab,/gs/bs/tga-koike-shanda/yurh/dataset/trellis-500k/ObjaverseXL_sketchfab/raw/hf-objaverse-v1/glbs/000-139/50d3395c16204a7093027a60dd1dfd5a.glb,/gs/fs/tga-koike-shanda2/sk/data/5k_balanced/objaverse_sketchfab/50d3395c16204a7093027a60dd1dfd5a/pc10K.npz,/gs/fs/tga-koike-shanda2/sk/data/5k_balanced/objaverse_sketchfab/50d3395c16204a7093027a60dd1dfd5a/image.png,6.9020
5bb7e32f473e4b7597d984b0fe715045,objaverse_sketchfab,/gs/bs/tga-koike-shanda/yurh/dataset/trellis-500k/ObjaverseXL_sketchfab/raw/hf-objaverse-v1/glbs/000-120/5bb7e32f473e4b7597d984b0fe715045.glb,/gs/fs/tga-koike-shanda2/sk/data/5k_balanced/objaverse_sketchfab/5bb7e32f473e4b7597d984b0fe715045/pc10K.npz,/gs/fs/tga-koike-shanda2/sk/data/5k_balanced/objaverse_sketchfab/5bb7e32f473e4b7597d984b0fe715045/image.png,7.0002
915fffa0a7d943d0980c835784340c77,objaverse_sketchfab,/gs/bs/tga-koike-shanda/yurh/dataset/trellis-500k/ObjaverseXL_sketchfab/raw/hf-objaverse-v1/glbs/000-083/915fffa0a7d943d0980c835784340c77.glb,/gs/fs/tga-koike-shanda2/sk/data/5k_balanced/objaverse_sketchfab/915fffa0a7d943d0980c835784340c77/pc10K.npz,/gs/fs/tga-koike-shanda2/sk/data/5k_balanced/objaverse_sketchfab/915fffa0a7d943d0980c835784340c77/image.png,7.1858
2ad42426ed8e45e380553ac7b57ae9f9,objaverse_sketchfab,/gs/bs/tga-koike-shanda/yurh/dataset/trellis-500k/ObjaverseXL_sketchfab/raw/hf-objaverse-v1/glbs/000-152/2ad42426ed8e45e380553ac7b57ae9f9.glb,/gs/fs/tga-koike-shanda2/sk/data/5k_balanced/objaverse_sketchfab/2ad42426ed8e45e380553ac7b57ae9f9/pc10K.npz,/gs/fs/tga-koike-shanda2/sk/data/5k_balanced/objaverse_sketchfab/2ad42426ed8e45e380553ac7b57ae9f9/image.png,6.8014
f6aaf2251f7f4a4c84014fa1e301512f,objaverse_sketchfab,/gs/bs/tga-koike-shanda/yurh/dataset/trellis-500k/ObjaverseXL_sketchfab/raw/hf-objaverse-v1/glbs/000-097/f6aaf2251f7f4a4c84014fa1e301512f.glb,/gs/fs/tga-koike-shanda2/sk/data/5k_balanced/objaverse_sketchfab/f6aaf2251f7f4a4c84014fa1e301512f/pc10K.npz,/gs/fs/tga-koike-shanda2/sk/data/5k_balanced/objaverse_sketchfab/f6aaf2251f7f4a4c84014fa1e301512f/image.png,7.2519
b546ec1aa50547c48fdd2a1ff6fd1fa6,objaverse_sketchfab,/gs/bs/tga-koike-shanda/yurh/dataset/trellis-500k/ObjaverseXL_sketchfab/raw/hf-objaverse-v1/glbs/000-137/b546ec1aa50547c48fdd2a1ff6fd1fa6.glb,/gs/fs/tga-koike-shanda2/sk/data/5k_balanced/objaverse_sketchfab/b546ec1aa50547c48fdd2a1ff6fd1fa6/pc10K.npz,/gs/fs/tga-koike-shanda2/sk/data/5k_balanced/objaverse_sketchfab/b546ec1aa50547c48fdd2a1ff6fd1fa6/image.png,6.9357
2ec2e60df0d24ba5bad8b579e18b29f9,objaverse_sketchfab,/gs/bs/tga-koike-shanda/yurh/dataset/trellis-500k/ObjaverseXL_sketchfab/raw/hf-objaverse-v1/glbs/000-061/2ec2e60df0d24ba5bad8b579e18b29f9.glb,/gs/fs/tga-koike-shanda2/sk/data/5k_balanced/objaverse_sketchfab/2ec2e60df0d24ba5bad8b579e18b29f9/pc10K.npz,/gs/fs/tga-koike-shanda2/sk/data/5k_balanced/objaverse_sketchfab/2ec2e60df0d24ba5bad8b579e18b29f9/image.png,7.6421
d89cf9a18ec243c587b18ec0fb5218a1,objaverse_sketchfab,/gs/bs/tga-koike-shanda/yurh/dataset/trellis-500k/ObjaverseXL_sketchfab/raw/hf-objaverse-v1/glbs/000-017/d89cf9a18ec243c587b18ec0fb5218a1.glb,/gs/fs/tga-koike-shanda2/sk/data/5k_balanced/objaverse_sketchfab/d89cf9a18ec243c587b18ec0fb5218a1/pc10K.npz,/gs/fs/tga-koike-shanda2/sk/data/5k_balanced/objaverse_sketchfab/d89cf9a18ec243c587b18ec0fb5218a1/image.png,6.9920
bb554ccf931041629f710d4fed6edcce,objaverse_sketchfab,/gs/bs/tga-koike-shanda/yurh/dataset/trellis-500k/ObjaverseXL_sketchfab/raw/hf-objaverse-v1/glbs/000-138/bb554ccf931041629f710d4fed6edcce.glb,/gs/fs/tga-koike-shanda2/sk/data/5k_balanced/objaverse_sketchfab/bb554ccf931041629f710d4fed6edcce/pc10K.npz,/gs/fs/tga-koike-shanda2/sk/data/5k_balanced/objaverse_sketchfab/bb554ccf931041629f710d4fed6edcce/image.png,6.8014
d9e629e79d5c4316b208e71722e7a430,objaverse_sketchfab,/gs/bs/tga-koike-shanda/yurh/dataset/trellis-500k/ObjaverseXL_sketchfab/raw/hf-objaverse-v1/glbs/000-013/d9e629e79d5c4316b208e71722e7a430.glb,/gs/fs/tga-koike-shanda2/sk/data/5k_balanced/objaverse_sketchfab/d9e629e79d5c4316b208e71722e7a430/pc10K.npz,/gs/fs/tga-koike-shanda2/sk/data/5k_balanced/objaverse_sketchfab/d9e629e79d5c4316b208e71722e7a430/image.png,6.7395
7eb6c50c36e54b74ad3475a85e3f1889,objaverse_sketchfab,/gs/bs/tga-koike-shanda/yurh/dataset/trellis-500k/ObjaverseXL_sketchfab/raw/hf-objaverse-v1/glbs/000-038/7eb6c50c36e54b74ad3475a85e3f1889.glb,/gs/fs/tga-koike-shanda2/sk/data/5k_balanced/objaverse_sketchfab/7eb6c50c36e54b74ad3475a85e3f1889/pc10K.npz,/gs/fs/tga-koike-shanda2/sk/data/5k_balanced/objaverse_sketchfab/7eb6c50c36e54b74ad3475a85e3f1889/image.png,6.9806
841202d9bbe440648184305d9680b108,objaverse_sketchfab,/gs/bs/tga-koike-shanda/yurh/dataset/trellis-500k/ObjaverseXL_sketchfab/raw/hf-objaverse-v1/glbs/000-044/841202d9bbe440648184305d9680b108.glb,/gs/fs/tga-koike-shanda2/sk/data/5k_balanced/objaverse_sketchfab/841202d9bbe440648184305d9680b108/pc10K.npz,/gs/fs/tga-koike-shanda2/sk/data/5k_balanced/objaverse_sketchfab/841202d9bbe440648184305d9680b108/image.png,6.7446
92df3ae55c9a4c2db654ce5ab8746d7b,objaverse_sketchfab,/gs/bs/tga-koike-shanda/yurh/dataset/trellis-500k/ObjaverseXL_sketchfab/raw/hf-objaverse-v1/glbs/000-126/92df3ae55c9a4c2db654ce5ab8746d7b.glb,/gs/fs/tga-koike-shanda2/sk/data/5k_balanced/objaverse_sketchfab/92df3ae55c9a4c2db654ce5ab8746d7b/pc10K.npz,/gs/fs/tga-koike-shanda2/sk/data/5k_balanced/objaverse_sketchfab/92df3ae55c9a4c2db654ce5ab8746d7b/image.png,6.7645
90c38d567ee54798a1d575a41b8903dd,objaverse_sketchfab,/gs/bs/tga-koike-shanda/yurh/dataset/trellis-500k/ObjaverseXL_sketchfab/raw/hf-objaverse-v1/glbs/000-156/90c38d567ee54798a1d575a41b8903dd.glb,/gs/fs/tga-koike-shanda2/sk/data/5k_balanced/objaverse_sketchfab/90c38d567ee54798a1d575a41b8903dd/pc10K.npz,/gs/fs/tga-koike-shanda2/sk/data/5k_balanced/objaverse_sketchfab/90c38d567ee54798a1d575a41b8903dd/image.png,7.1236
ce5ba4f821934269973ea1f8b9a8539b,objaverse_sketchfab,/gs/bs/tga-koike-shanda/yurh/dataset/trellis-500k/ObjaverseXL_sketchfab/raw/hf-objaverse-v1/glbs/000-135/ce5ba4f821934269973ea1f8b9a8539b.glb,/gs/fs/tga-koike-shanda2/sk/data/5k_balanced/objaverse_sketchfab/ce5ba4f821934269973ea1f8b9a8539b/pc10K.npz,/gs/fs/tga-koike-shanda2/sk/data/5k_balanced/objaverse_sketchfab/ce5ba4f821934269973ea1f8b9a8539b/image.png,7.0857
e4af135e494b4e5ba916c2e9e15778b9,objaverse_sketchfab,/gs/bs/tga-koike-shanda/yurh/dataset/trellis-500k/ObjaverseXL_sketchfab/raw/hf-objaverse-v1/glbs/000-146/e4af135e494b4e5ba916c2e9e15778b9.glb,/gs/fs/tga-koike-shanda2/sk/data/5k_balanced/objaverse_sketchfab/e4af135e494b4e5ba916c2e9e15778b9/pc10K.npz,/gs/fs/tga-koike-shanda2/sk/data/5k_balanced/objaverse_sketchfab/e4af135e494b4e5ba916c2e9e15778b9/image.png,6.8777
a1de6f1e738d446da3d50a3eebffe883,objaverse_sketchfab,/gs/bs/tga-koike-shanda/yurh/dataset/trellis-500k/ObjaverseXL_sketchfab/raw/hf-objaverse-v1/glbs/000-070/a1de6f1e738d446da3d50a3eebffe883.glb,/gs/fs/tga-koike-shanda2/sk/data/5k_balanced/objaverse_sketchfab/a1de6f1e738d446da3d50a3eebffe883/pc10K.npz,/gs/fs/tga-koike-shanda2/sk/data/5k_balanced/objaverse_sketchfab/a1de6f1e738d446da3d50a3eebffe883/image.png,7.0404
513548279ec5487bb4273fdbdeb6c09d,objaverse_sketchfab,/gs/bs/tga-koike-shanda/yurh/dataset/trellis-500k/ObjaverseXL_sketchfab/raw/hf-objaverse-v1/glbs/000-084/513548279ec5487bb4273fdbdeb6c09d.glb,/gs/fs/tga-koike-shanda2/sk/data/5k_balanced/objaverse_sketchfab/513548279ec5487bb4273fdbdeb6c09d/pc10K.npz,/gs/fs/tga-koike-shanda2/sk/data/5k_balanced/objaverse_sketchfab/513548279ec5487bb4273fdbdeb6c09d/image.png,7.4287
e5fd9962bd7c48299b1ac0ba65548eb0,objaverse_sketchfab,/gs/bs/tga-koike-shanda/yurh/dataset/trellis-500k/ObjaverseXL_sketchfab/raw/hf-objaverse-v1/glbs/000-004/e5fd9962bd7c48299b1ac0ba65548eb0.glb,/gs/fs/tga-koike-shanda2/sk/data/5k_balanced/objaverse_sketchfab/e5fd9962bd7c48299b1ac0ba65548eb0/pc10K.npz,/gs/fs/tga-koike-shanda2/sk/data/5k_balanced/objaverse_sketchfab/e5fd9962bd7c48299b1ac0ba65548eb0/image.png,6.9971
db1241f9b33d48d29308ae5377793528,objaverse_sketchfab,/gs/bs/tga-koike-shanda/yurh/dataset/trellis-500k/ObjaverseXL_sketchfab/raw/hf-objaverse-v1/glbs/000-143/db1241f9b33d48d29308ae5377793528.glb,/gs/fs/tga-koike-shanda2/sk/data/5k_balanced/objaverse_sketchfab/db1241f9b33d48d29308ae5377793528/pc10K.npz,/gs/fs/tga-koike-shanda2/sk/data/5k_balanced/objaverse_sketchfab/db1241f9b33d48d29308ae5377793528/image.png,7.0376
04dc9402b74d43ef86c4795311c0e4bb,objaverse_sketchfab,/gs/bs/tga-koike-shanda/yurh/dataset/trellis-500k/ObjaverseXL_sketchfab/raw/hf-objaverse-v1/glbs/000-076/04dc9402b74d43ef86c4795311c0e4bb.glb,/gs/fs/tga-koike-shanda2/sk/data/5k_balanced/objaverse_sketchfab/04dc9402b74d43ef86c4795311c0e4bb/pc10K.npz,/gs/fs/tga-koike-shanda2/sk/data/5k_balanced/objaverse_sketchfab/04dc9402b74d43ef86c4795311c0e4bb/image.png,7.1505
6f86ba886cbc45ab991ac305de272295,objaverse_sketchfab,/gs/bs/tga-koike-shanda/yurh/dataset/trellis-500k/ObjaverseXL_sketchfab/raw/hf-objaverse-v1/glbs/000-113/6f86ba886cbc45ab991ac305de272295.glb,/gs/fs/tga-koike-shanda2/sk/data/5k_balanced/objaverse_sketchfab/6f86ba886cbc45ab991ac305de272295/pc10K.npz,/gs/fs/tga-koike-shanda2/sk/data/5k_balanced/objaverse_sketchfab/6f86ba886cbc45ab991ac305de272295/image.png,8.0569
4422df496cf043e89e059b39f763d709,objaverse_sketchfab,/gs/bs/tga-koike-shanda/yurh/dataset/trellis-500k/ObjaverseXL_sketchfab/raw/hf-objaverse-v1/glbs/000-144/4422df496cf043e89e059b39f763d709.glb,/gs/fs/tga-koike-shanda2/sk/data/5k_balanced/objaverse_sketchfab/4422df496cf043e89e059b39f763d709/pc10K.npz,/gs/fs/tga-koike-shanda2/sk/data/5k_balanced/objaverse_sketchfab/4422df496cf043e89e059b39f763d709/image.png,7.9908
b15f7e696aa54cc6a3a39b22c45741a1,objaverse_sketchfab,/gs/bs/tga-koike-shanda/yurh/dataset/trellis-500k/ObjaverseXL_sketchfab/raw/hf-objaverse-v1/glbs/000-080/b15f7e696aa54cc6a3a39b22c45741a1.glb,/gs/fs/tga-koike-shanda2/sk/data/5k_balanced/objaverse_sketchfab/b15f7e696aa54cc6a3a39b22c45741a1/pc10K.npz,/gs/fs/tga-koike-shanda2/sk/data/5k_balanced/objaverse_sketchfab/b15f7e696aa54cc6a3a39b22c45741a1/image.png,6.9448
b9606c48526a429b8902851e2b7a83a8,objaverse_sketchfab,/gs/bs/tga-koike-shanda/yurh/dataset/trellis-500k/ObjaverseXL_sketchfab/raw/hf-objaverse-v1/glbs/000-037/b9606c48526a429b8902851e2b7a83a8.glb,/gs/fs/tga-koike-shanda2/sk/data/5k_balanced/objaverse_sketchfab/b9606c48526a429b8902851e2b7a83a8/pc10K.npz,/gs/fs/tga-koike-shanda2/sk/data/5k_balanced/objaverse_sketchfab/b9606c48526a429b8902851e2b7a83a8/image.png,7.0978
41471b80718748a1927efd336f65d143,objaverse_sketchfab,/gs/bs/tga-koike-shanda/yurh/dataset/trellis-500k/ObjaverseXL_sketchfab/raw/hf-objaverse-v1/glbs/000-158/41471b80718748a1927efd336f65d143.glb,/gs/fs/tga-koike-shanda2/sk/data/5k_balanced/objaverse_sketchfab/41471b80718748a1927efd336f65d143/pc10K.npz,/gs/fs/tga-koike-shanda2/sk/data/5k_balanced/objaverse_sketchfab/41471b80718748a1927efd336f65d143/image.png,7.4750
166524d69dbb4fd49ec7045b73e70d6e,objaverse_sketchfab,/gs/bs/tga-koike-shanda/yurh/dataset/trellis-500k/ObjaverseXL_sketchfab/raw/hf-objaverse-v1/glbs/000-112/166524d69dbb4fd49ec7045b73e70d6e.glb,/gs/fs/tga-koike-shanda2/sk/data/5k_balanced/objaverse_sketchfab/166524d69dbb4fd49ec7045b73e70d6e/pc10K.npz,/gs/fs/tga-koike-shanda2/sk/data/5k_balanced/objaverse_sketchfab/166524d69dbb4fd49ec7045b73e70d6e/image.png,7.1426
fe913aa73c1949cab3a6b9b06c35e787,objaverse_sketchfab,/gs/bs/tga-koike-shanda/yurh/dataset/trellis-500k/ObjaverseXL_sketchfab/raw/hf-objaverse-v1/glbs/000-046/fe913aa73c1949cab3a6b9b06c35e787.glb,/gs/fs/tga-koike-shanda2/sk/data/5k_balanced/objaverse_sketchfab/fe913aa73c1949cab3a6b9b06c35e787/pc10K.npz,/gs/fs/tga-koike-shanda2/sk/data/5k_balanced/objaverse_sketchfab/fe913aa73c1949cab3a6b9b06c35e787/image.png,6.7393
0bd6ebd42fad4a879dd17c7dbf7eb0f6,objaverse_sketchfab,/gs/bs/tga-koike-shanda/yurh/dataset/trellis-500k/ObjaverseXL_sketchfab/raw/hf-objaverse-v1/glbs/000-157/0bd6ebd42fad4a879dd17c7dbf7eb0f6.glb,/gs/fs/tga-koike-shanda2/sk/data/5k_balanced/objaverse_sketchfab/0bd6ebd42fad4a879dd17c7dbf7eb0f6/pc10K.npz,/gs/fs/tga-koike-shanda2/sk/data/5k_balanced/objaverse_sketchfab/0bd6ebd42fad4a879dd17c7dbf7eb0f6/image.png,7.2089
12cc286945c84402ab8efa4f2db75061,objaverse_sketchfab,/gs/bs/tga-koike-shanda/yurh/dataset/trellis-500k/ObjaverseXL_sketchfab/raw/hf-objaverse-v1/glbs/000-032/12cc286945c84402ab8efa4f2db75061.glb,/gs/fs/tga-koike-shanda2/sk/data/5k_balanced/objaverse_sketchfab/12cc286945c84402ab8efa4f2db75061/pc10K.npz,/gs/fs/tga-koike-shanda2/sk/data/5k_balanced/objaverse_sketchfab/12cc286945c84402ab8efa4f2db75061/image.png,6.7997
71270b0bebbb40bfba59576e66bad652,objaverse_sketchfab,/gs/bs/tga-koike-shanda/yurh/dataset/trellis-500k/ObjaverseXL_sketchfab/raw/hf-objaverse-v1/glbs/000-091/71270b0bebbb40bfba59576e66bad652.glb,/gs/fs/tga-koike-shanda2/sk/data/5k_balanced/objaverse_sketchfab/71270b0bebbb40bfba59576e66bad652/pc10K.npz,/gs/fs/tga-koike-shanda2/sk/data/5k_balanced/objaverse_sketchfab/71270b0bebbb40bfba59576e66bad652/image.png,6.9765
44e30921ff5c476c883b8063d6c293c5,objaverse_sketchfab,/gs/bs/tga-koike-shanda/yurh/dataset/trellis-500k/ObjaverseXL_sketchfab/raw/hf-objaverse-v1/glbs/000-032/44e30921ff5c476c883b8063d6c293c5.glb,/gs/fs/tga-koike-shanda2/sk/data/5k_balanced/objaverse_sketchfab/44e30921ff5c476c883b8063d6c293c5/pc10K.npz,/gs/fs/tga-koike-shanda2/sk/data/5k_balanced/objaverse_sketchfab/44e30921ff5c476c883b8063d6c293c5/image.png,7.2052
e0db63d9a8f746e6920d09a09c9e66f1,objaverse_sketchfab,/gs/bs/tga-koike-shanda/yurh/dataset/trellis-500k/ObjaverseXL_sketchfab/raw/hf-objaverse-v1/glbs/000-144/e0db63d9a8f746e6920d09a09c9e66f1.glb,/gs/fs/tga-koike-shanda2/sk/data/5k_balanced/objaverse_sketchfab/e0db63d9a8f746e6920d09a09c9e66f1/pc10K.npz,/gs/fs/tga-koike-shanda2/sk/data/5k_balanced/objaverse_sketchfab/e0db63d9a8f746e6920d09a09c9e66f1/image.png,7.2333
ff6eae96072045efabe1e7b63db37ba2,objaverse_sketchfab,/gs/bs/tga-koike-shanda/yurh/dataset/trellis-500k/ObjaverseXL_sketchfab/raw/hf-objaverse-v1/glbs/000-139/ff6eae96072045efabe1e7b63db37ba2.glb,/gs/fs/tga-koike-shanda2/sk/data/5k_balanced/objaverse_sketchfab/ff6eae96072045efabe1e7b63db37ba2/pc10K.npz,/gs/fs/tga-koike-shanda2/sk/data/5k_balanced/objaverse_sketchfab/ff6eae96072045efabe1e7b63db37ba2/image.png,7.1980
pDmt7nhRcKd4K2SmSUP7zRawVUv,objaverse_sketchfab,/gs/bs/tga-koike-shanda/yurh/dataset/trellis-500k/ObjaverseXL_sketchfab/raw/hf-objaverse-v1/glbs/000-077/pDmt7nhRcKd4K2SmSUP7zRawVUv.glb,/gs/fs/tga-koike-shanda2/sk/data/5k_balanced/objaverse_sketchfab/pDmt7nhRcKd4K2SmSUP7zRawVUv/pc10K.npz,/gs/fs/tga-koike-shanda2/sk/data/5k_balanced/objaverse_sketchfab/pDmt7nhRcKd4K2SmSUP7zRawVUv/image.png,6.9475
e35fcf7845774af596c5b3d03f723b8b,objaverse_sketchfab,/gs/bs/tga-koike-shanda/yurh/dataset/trellis-500k/ObjaverseXL_sketchfab/raw/hf-objaverse-v1/glbs/000-089/e35fcf7845774af596c5b3d03f723b8b.glb,/gs/fs/tga-koike-shanda2/sk/data/5k_balanced/objaverse_sketchfab/e35fcf7845774af596c5b3d03f723b8b/pc10K.npz,/gs/fs/tga-koike-shanda2/sk/data/5k_balanced/objaverse_sketchfab/e35fcf7845774af596c5b3d03f723b8b/image.png,6.8080
b8950690664342a497154a8ad2787566,objaverse_sketchfab,/gs/bs/tga-koike-shanda/yurh/dataset/trellis-500k/ObjaverseXL_sketchfab/raw/hf-objaverse-v1/glbs/000-156/b8950690664342a497154a8ad2787566.glb,/gs/fs/tga-koike-shanda2/sk/data/5k_balanced/objaverse_sketchfab/b8950690664342a497154a8ad2787566/pc10K.npz,/gs/fs/tga-koike-shanda2/sk/data/5k_balanced/objaverse_sketchfab/b8950690664342a497154a8ad2787566/image.png,7.1088
7a0d72ec1c034de397c8ef30f54e0049,objaverse_sketchfab,/gs/bs/tga-koike-shanda/yurh/dataset/trellis-500k/ObjaverseXL_sketchfab/raw/hf-objaverse-v1/glbs/000-070/7a0d72ec1c034de397c8ef30f54e0049.glb,/gs/fs/tga-koike-shanda2/sk/data/5k_balanced/objaverse_sketchfab/7a0d72ec1c034de397c8ef30f54e0049/pc10K.npz,/gs/fs/tga-koike-shanda2/sk/data/5k_balanced/objaverse_sketchfab/7a0d72ec1c034de397c8ef30f54e0049/image.png,6.8171
a9d3daa703bd4efb946bbe7c55e815d4,objaverse_sketchfab,/gs/bs/tga-koike-shanda/yurh/dataset/trellis-500k/ObjaverseXL_sketchfab/raw/hf-objaverse-v1/glbs/000-114/a9d3daa703bd4efb946bbe7c55e815d4.glb,/gs/fs/tga-koike-shanda2/sk/data/5k_balanced/objaverse_sketchfab/a9d3daa703bd4efb946bbe7c55e815d4/pc10K.npz,/gs/fs/tga-koike-shanda2/sk/data/5k_balanced/objaverse_sketchfab/a9d3daa703bd4efb946bbe7c55e815d4/image.png,7.0092
a3e556ae5c0841068462edd2ea3bd347,objaverse_sketchfab,/gs/bs/tga-koike-shanda/yurh/dataset/trellis-500k/ObjaverseXL_sketchfab/raw/hf-objaverse-v1/glbs/000-007/a3e556ae5c0841068462edd2ea3bd347.glb,/gs/fs/tga-koike-shanda2/sk/data/5k_balanced/objaverse_sketchfab/a3e556ae5c0841068462edd2ea3bd347/pc10K.npz,/gs/fs/tga-koike-shanda2/sk/data/5k_balanced/objaverse_sketchfab/a3e556ae5c0841068462edd2ea3bd347/image.png,7.0626
d6b32399566648fbb5626b7e7adcc169,objaverse_sketchfab,/gs/bs/tga-koike-shanda/yurh/dataset/trellis-500k/ObjaverseXL_sketchfab/raw/hf-objaverse-v1/glbs/000-011/d6b32399566648fbb5626b7e7adcc169.glb,/gs/fs/tga-koike-shanda2/sk/data/5k_balanced/objaverse_sketchfab/d6b32399566648fbb5626b7e7adcc169/pc10K.npz,/gs/fs/tga-koike-shanda2/sk/data/5k_balanced/objaverse_sketchfab/d6b32399566648fbb5626b7e7adcc169/image.png,7.2682
51ecaf885be946718bf10b2430b49d89,objaverse_sketchfab,/gs/bs/tga-koike-shanda/yurh/dataset/trellis-500k/ObjaverseXL_sketchfab/raw/hf-objaverse-v1/glbs/000-065/51ecaf885be946718bf10b2430b49d89.glb,/gs/fs/tga-koike-shanda2/sk/data/5k_balanced/objaverse_sketchfab/51ecaf885be946718bf10b2430b49d89/pc10K.npz,/gs/fs/tga-koike-shanda2/sk/data/5k_balanced/objaverse_sketchfab/51ecaf885be946718bf10b2430b49d89/image.png,7.0665
012b81b4c1d14a8984ac7011c89bf011,objaverse_sketchfab,/gs/bs/tga-koike-shanda/yurh/dataset/trellis-500k/ObjaverseXL_sketchfab/raw/hf-objaverse-v1/glbs/000-072/012b81b4c1d14a8984ac7011c89bf011.glb,/gs/fs/tga-koike-shanda2/sk/data/5k_balanced/objaverse_sketchfab/012b81b4c1d14a8984ac7011c89bf011/pc10K.npz,/gs/fs/tga-koike-shanda2/sk/data/5k_balanced/objaverse_sketchfab/012b81b4c1d14a8984ac7011c89bf011/image.png,6.8511
4b27cfc2c30c405e9bed7dc249ce0d19,objaverse_sketchfab,/gs/bs/tga-koike-shanda/yurh/dataset/trellis-500k/ObjaverseXL_sketchfab/raw/hf-objaverse-v1/glbs/000-072/4b27cfc2c30c405e9bed7dc249ce0d19.glb,/gs/fs/tga-koike-shanda2/sk/data/5k_balanced/objaverse_sketchfab/4b27cfc2c30c405e9bed7dc249ce0d19/pc10K.npz,/gs/fs/tga-koike-shanda2/sk/data/5k_balanced/objaverse_sketchfab/4b27cfc2c30c405e9bed7dc249ce0d19/image.png,6.7998
7c42b2d1ac9a490abdfcd1b7a0f1142c,objaverse_sketchfab,/gs/bs/tga-koike-shanda/yurh/dataset/trellis-500k/ObjaverseXL_sketchfab/raw/hf-objaverse-v1/glbs/000-091/7c42b2d1ac9a490abdfcd1b7a0f1142c.glb,/gs/fs/tga-koike-shanda2/sk/data/5k_balanced/objaverse_sketchfab/7c42b2d1ac9a490abdfcd1b7a0f1142c/pc10K.npz,/gs/fs/tga-koike-shanda2/sk/data/5k_balanced/objaverse_sketchfab/7c42b2d1ac9a490abdfcd1b7a0f1142c/image.png,6.9543
06b4d0985181406bae33e9b9af3b3387,objaverse_sketchfab,/gs/bs/tga-koike-shanda/yurh/dataset/trellis-500k/ObjaverseXL_sketchfab/raw/hf-objaverse-v1/glbs/000-032/06b4d0985181406bae33e9b9af3b3387.glb,/gs/fs/tga-koike-shanda2/sk/data/5k_balanced/objaverse_sketchfab/06b4d0985181406bae33e9b9af3b3387/pc10K.npz,/gs/fs/tga-koike-shanda2/sk/data/5k_balanced/objaverse_sketchfab/06b4d0985181406bae33e9b9af3b3387/image.png,6.7569
8acd3e9410f6452c841739a5429091c9,objaverse_sketchfab,/gs/bs/tga-koike-shanda/yurh/dataset/trellis-500k/ObjaverseXL_sketchfab/raw/hf-objaverse-v1/glbs/000-003/8acd3e9410f6452c841739a5429091c9.glb,/gs/fs/tga-koike-shanda2/sk/data/5k_balanced/objaverse_sketchfab/8acd3e9410f6452c841739a5429091c9/pc10K.npz,/gs/fs/tga-koike-shanda2/sk/data/5k_balanced/objaverse_sketchfab/8acd3e9410f6452c841739a5429091c9/image.png,7.0446
dcf41413c2a04732a1bbb9a9f51162d7,objaverse_sketchfab,/gs/bs/tga-koike-shanda/yurh/dataset/trellis-500k/ObjaverseXL_sketchfab/raw/hf-objaverse-v1/glbs/000-053/dcf41413c2a04732a1bbb9a9f51162d7.glb,/gs/fs/tga-koike-shanda2/sk/data/5k_balanced/objaverse_sketchfab/dcf41413c2a04732a1bbb9a9f51162d7/pc10K.npz,/gs/fs/tga-koike-shanda2/sk/data/5k_balanced/objaverse_sketchfab/dcf41413c2a04732a1bbb9a9f51162d7/image.png,6.8549
4a8938cd6e2f4aeb94b721d4e4ac0f1b,objaverse_sketchfab,/gs/bs/tga-koike-shanda/yurh/dataset/trellis-500k/ObjaverseXL_sketchfab/raw/hf-objaverse-v1/glbs/000-113/4a8938cd6e2f4aeb94b721d4e4ac0f1b.glb,/gs/fs/tga-koike-shanda2/sk/data/5k_balanced/objaverse_sketchfab/4a8938cd6e2f4aeb94b721d4e4ac0f1b/pc10K.npz,/gs/fs/tga-koike-shanda2/sk/data/5k_balanced/objaverse_sketchfab/4a8938cd6e2f4aeb94b721d4e4ac0f1b/image.png,6.8704
b01ee3dca9c140b19753df6bc09eded8,objaverse_sketchfab,/gs/bs/tga-koike-shanda/yurh/dataset/trellis-500k/ObjaverseXL_sketchfab/raw/hf-objaverse-v1/glbs/000-125/b01ee3dca9c140b19753df6bc09eded8.glb,/gs/fs/tga-koike-shanda2/sk/data/5k_balanced/objaverse_sketchfab/b01ee3dca9c140b19753df6bc09eded8/pc10K.npz,/gs/fs/tga-koike-shanda2/sk/data/5k_balanced/objaverse_sketchfab/b01ee3dca9c140b19753df6bc09eded8/image.png,7.2426
508c7c5e01834d30a872a2bc4e4ca7e4,objaverse_sketchfab,/gs/bs/tga-koike-shanda/yurh/dataset/trellis-500k/ObjaverseXL_sketchfab/raw/hf-objaverse-v1/glbs/000-008/508c7c5e01834d30a872a2bc4e4ca7e4.glb,/gs/fs/tga-koike-shanda2/sk/data/5k_balanced/objaverse_sketchfab/508c7c5e01834d30a872a2bc4e4ca7e4/pc10K.npz,/gs/fs/tga-koike-shanda2/sk/data/5k_balanced/objaverse_sketchfab/508c7c5e01834d30a872a2bc4e4ca7e4/image.png,7.4767
12fe08903e82423699268f3193abde4f,objaverse_sketchfab,/gs/bs/tga-koike-shanda/yurh/dataset/trellis-500k/ObjaverseXL_sketchfab/raw/hf-objaverse-v1/glbs/000-112/12fe08903e82423699268f3193abde4f.glb,/gs/fs/tga-koike-shanda2/sk/data/5k_balanced/objaverse_sketchfab/12fe08903e82423699268f3193abde4f/pc10K.npz,/gs/fs/tga-koike-shanda2/sk/data/5k_balanced/objaverse_sketchfab/12fe08903e82423699268f3193abde4f/image.png,6.8975
5c8cb45b422340e98a8f261d7c033db4,objaverse_sketchfab,/gs/bs/tga-koike-shanda/yurh/dataset/trellis-500k/ObjaverseXL_sketchfab/raw/hf-objaverse-v1/glbs/000-156/5c8cb45b422340e98a8f261d7c033db4.glb,/gs/fs/tga-koike-shanda2/sk/data/5k_balanced/objaverse_sketchfab/5c8cb45b422340e98a8f261d7c033db4/pc10K.npz,/gs/fs/tga-koike-shanda2/sk/data/5k_balanced/objaverse_sketchfab/5c8cb45b422340e98a8f261d7c033db4/image.png,7.2350
e3cfad303c4545bb84d6899430d90e78,objaverse_sketchfab,/gs/bs/tga-koike-shanda/yurh/dataset/trellis-500k/ObjaverseXL_sketchfab/raw/hf-objaverse-v1/glbs/000-011/e3cfad303c4545bb84d6899430d90e78.glb,/gs/fs/tga-koike-shanda2/sk/data/5k_balanced/objaverse_sketchfab/e3cfad303c4545bb84d6899430d90e78/pc10K.npz,/gs/fs/tga-koike-shanda2/sk/data/5k_balanced/objaverse_sketchfab/e3cfad303c4545bb84d6899430d90e78/image.png,6.9725
84963a4bdb4f46e8839fdf5643064479,objaverse_sketchfab,/gs/bs/tga-koike-shanda/yurh/dataset/trellis-500k/ObjaverseXL_sketchfab/raw/hf-objaverse-v1/glbs/000-104/84963a4bdb4f46e8839fdf5643064479.glb,/gs/fs/tga-koike-shanda2/sk/data/5k_balanced/objaverse_sketchfab/84963a4bdb4f46e8839fdf5643064479/pc10K.npz,/gs/fs/tga-koike-shanda2/sk/data/5k_balanced/objaverse_sketchfab/84963a4bdb4f46e8839fdf5643064479/image.png,6.7603
afb3bd3660e44bb381502aeae8519314,objaverse_sketchfab,/gs/bs/tga-koike-shanda/yurh/dataset/trellis-500k/ObjaverseXL_sketchfab/raw/hf-objaverse-v1/glbs/000-003/afb3bd3660e44bb381502aeae8519314.glb,/gs/fs/tga-koike-shanda2/sk/data/5k_balanced/objaverse_sketchfab/afb3bd3660e44bb381502aeae8519314/pc10K.npz,/gs/fs/tga-koike-shanda2/sk/data/5k_balanced/objaverse_sketchfab/afb3bd3660e44bb381502aeae8519314/image.png,6.7980
c490268b0123439d9367a071a2321f82,objaverse_sketchfab,/gs/bs/tga-koike-shanda/yurh/dataset/trellis-500k/ObjaverseXL_sketchfab/raw/hf-objaverse-v1/glbs/000-155/c490268b0123439d9367a071a2321f82.glb,/gs/fs/tga-koike-shanda2/sk/data/5k_balanced/objaverse_sketchfab/c490268b0123439d9367a071a2321f82/pc10K.npz,/gs/fs/tga-koike-shanda2/sk/data/5k_balanced/objaverse_sketchfab/c490268b0123439d9367a071a2321f82/image.png,7.2859
10d5795ce45649c1a2e04750b81f71fa,objaverse_sketchfab,/gs/bs/tga-koike-shanda/yurh/dataset/trellis-500k/ObjaverseXL_sketchfab/raw/hf-objaverse-v1/glbs/000-080/10d5795ce45649c1a2e04750b81f71fa.glb,/gs/fs/tga-koike-shanda2/sk/data/5k_balanced/objaverse_sketchfab/10d5795ce45649c1a2e04750b81f71fa/pc10K.npz,/gs/fs/tga-koike-shanda2/sk/data/5k_balanced/objaverse_sketchfab/10d5795ce45649c1a2e04750b81f71fa/image.png,7.3762
3abfab02e5d645d6a1409c7bc0567fb1,objaverse_sketchfab,/gs/bs/tga-koike-shanda/yurh/dataset/trellis-500k/ObjaverseXL_sketchfab/raw/hf-objaverse-v1/glbs/000-094/3abfab02e5d645d6a1409c7bc0567fb1.glb,/gs/fs/tga-koike-shanda2/sk/data/5k_balanced/objaverse_sketchfab/3abfab02e5d645d6a1409c7bc0567fb1/pc10K.npz,/gs/fs/tga-koike-shanda2/sk/data/5k_balanced/objaverse_sketchfab/3abfab02e5d645d6a1409c7bc0567fb1/image.png,6.9491
4b36740173d24f73aadda6cb10e7cacc,objaverse_sketchfab,/gs/bs/tga-koike-shanda/yurh/dataset/trellis-500k/ObjaverseXL_sketchfab/raw/hf-objaverse-v1/glbs/000-132/4b36740173d24f73aadda6cb10e7cacc.glb,/gs/fs/tga-koike-shanda2/sk/data/5k_balanced/objaverse_sketchfab/4b36740173d24f73aadda6cb10e7cacc/pc10K.npz,/gs/fs/tga-koike-shanda2/sk/data/5k_balanced/objaverse_sketchfab/4b36740173d24f73aadda6cb10e7cacc/image.png,7.0275
b7ee40fe4ea64991a383ea212d6406eb,objaverse_sketchfab,/gs/bs/tga-koike-shanda/yurh/dataset/trellis-500k/ObjaverseXL_sketchfab/raw/hf-objaverse-v1/glbs/000-155/b7ee40fe4ea64991a383ea212d6406eb.glb,/gs/fs/tga-koike-shanda2/sk/data/5k_balanced/objaverse_sketchfab/b7ee40fe4ea64991a383ea212d6406eb/pc10K.npz,/gs/fs/tga-koike-shanda2/sk/data/5k_balanced/objaverse_sketchfab/b7ee40fe4ea64991a383ea212d6406eb/image.png,6.7369
3fda15638cd84814bda4f97327984e42,objaverse_sketchfab,/gs/bs/tga-koike-shanda/yurh/dataset/trellis-500k/ObjaverseXL_sketchfab/raw/hf-objaverse-v1/glbs/000-068/3fda15638cd84814bda4f97327984e42.glb,/gs/fs/tga-koike-shanda2/sk/data/5k_balanced/objaverse_sketchfab/3fda15638cd84814bda4f97327984e42/pc10K.npz,/gs/fs/tga-koike-shanda2/sk/data/5k_balanced/objaverse_sketchfab/3fda15638cd84814bda4f97327984e42/image.png,7.3172
10ab0817519343ecb21748b0a8e3542e,objaverse_sketchfab,/gs/bs/tga-koike-shanda/yurh/dataset/trellis-500k/ObjaverseXL_sketchfab/raw/hf-objaverse-v1/glbs/000-045/10ab0817519343ecb21748b0a8e3542e.glb,/gs/fs/tga-koike-shanda2/sk/data/5k_balanced/objaverse_sketchfab/10ab0817519343ecb21748b0a8e3542e/pc10K.npz,/gs/fs/tga-koike-shanda2/sk/data/5k_balanced/objaverse_sketchfab/10ab0817519343ecb21748b0a8e3542e/image.png,6.7528
ac2a8977f706430598420e22604d9651,objaverse_sketchfab,/gs/bs/tga-koike-shanda/yurh/dataset/trellis-500k/ObjaverseXL_sketchfab/raw/hf-objaverse-v1/glbs/000-009/ac2a8977f706430598420e22604d9651.glb,/gs/fs/tga-koike-shanda2/sk/data/5k_balanced/objaverse_sketchfab/ac2a8977f706430598420e22604d9651/pc10K.npz,/gs/fs/tga-koike-shanda2/sk/data/5k_balanced/objaverse_sketchfab/ac2a8977f706430598420e22604d9651/image.png,6.7746
2df456a63dab40059ffcde47606b729d,objaverse_sketchfab,/gs/bs/tga-koike-shanda/yurh/dataset/trellis-500k/ObjaverseXL_sketchfab/raw/hf-objaverse-v1/glbs/000-001/2df456a63dab40059ffcde47606b729d.glb,/gs/fs/tga-koike-shanda2/sk/data/5k_balanced/objaverse_sketchfab/2df456a63dab40059ffcde47606b729d/pc10K.npz,/gs/fs/tga-koike-shanda2/sk/data/5k_balanced/objaverse_sketchfab/2df456a63dab40059ffcde47606b729d/image.png,6.7488
2b3e280398e94ccdaf26f24e202ca6bc,objaverse_sketchfab,/gs/bs/tga-koike-shanda/yurh/dataset/trellis-500k/ObjaverseXL_sketchfab/raw/hf-objaverse-v1/glbs/000-102/2b3e280398e94ccdaf26f24e202ca6bc.glb,/gs/fs/tga-koike-shanda2/sk/data/5k_balanced/objaverse_sketchfab/2b3e280398e94ccdaf26f24e202ca6bc/pc10K.npz,/gs/fs/tga-koike-shanda2/sk/data/5k_balanced/objaverse_sketchfab/2b3e280398e94ccdaf26f24e202ca6bc/image.png,6.9977
7493050c89404703b84dc1611b048b93,objaverse_sketchfab,/gs/bs/tga-koike-shanda/yurh/dataset/trellis-500k/ObjaverseXL_sketchfab/raw/hf-objaverse-v1/glbs/000-132/7493050c89404703b84dc1611b048b93.glb,/gs/fs/tga-koike-shanda2/sk/data/5k_balanced/objaverse_sketchfab/7493050c89404703b84dc1611b048b93/pc10K.npz,/gs/fs/tga-koike-shanda2/sk/data/5k_balanced/objaverse_sketchfab/7493050c89404703b84dc1611b048b93/image.png,6.7565
5744a9cd846045188648207e880d057e,objaverse_sketchfab,/gs/bs/tga-koike-shanda/yurh/dataset/trellis-500k/ObjaverseXL_sketchfab/raw/hf-objaverse-v1/glbs/000-123/5744a9cd846045188648207e880d057e.glb,/gs/fs/tga-koike-shanda2/sk/data/5k_balanced/objaverse_sketchfab/5744a9cd846045188648207e880d057e/pc10K.npz,/gs/fs/tga-koike-shanda2/sk/data/5k_balanced/objaverse_sketchfab/5744a9cd846045188648207e880d057e/image.png,6.9610
c72c4422586f45aebf76bd275929320d,objaverse_sketchfab,/gs/bs/tga-koike-shanda/yurh/dataset/trellis-500k/ObjaverseXL_sketchfab/raw/hf-objaverse-v1/glbs/000-085/c72c4422586f45aebf76bd275929320d.glb,/gs/fs/tga-koike-shanda2/sk/data/5k_balanced/objaverse_sketchfab/c72c4422586f45aebf76bd275929320d/pc10K.npz,/gs/fs/tga-koike-shanda2/sk/data/5k_balanced/objaverse_sketchfab/c72c4422586f45aebf76bd275929320d/image.png,6.8129
6ecf6286e3984f49b938c7cfa6bb9624,objaverse_sketchfab,/gs/bs/tga-koike-shanda/yurh/dataset/trellis-500k/ObjaverseXL_sketchfab/raw/hf-objaverse-v1/glbs/000-055/6ecf6286e3984f49b938c7cfa6bb9624.glb,/gs/fs/tga-koike-shanda2/sk/data/5k_balanced/objaverse_sketchfab/6ecf6286e3984f49b938c7cfa6bb9624/pc10K.npz,/gs/fs/tga-koike-shanda2/sk/data/5k_balanced/objaverse_sketchfab/6ecf6286e3984f49b938c7cfa6bb9624/image.png,6.7626
9fb5288844c048a581f441783bd4a758,objaverse_sketchfab,/gs/bs/tga-koike-shanda/yurh/dataset/trellis-500k/ObjaverseXL_sketchfab/raw/hf-objaverse-v1/glbs/000-087/9fb5288844c048a581f441783bd4a758.glb,/gs/fs/tga-koike-shanda2/sk/data/5k_balanced/objaverse_sketchfab/9fb5288844c048a581f441783bd4a758/pc10K.npz,/gs/fs/tga-koike-shanda2/sk/data/5k_balanced/objaverse_sketchfab/9fb5288844c048a581f441783bd4a758/image.png,7.2189
50c9695019c24aa9aaa8653cecfc0d08,objaverse_sketchfab,/gs/bs/tga-koike-shanda/yurh/dataset/trellis-500k/ObjaverseXL_sketchfab/raw/hf-objaverse-v1/glbs/000-014/50c9695019c24aa9aaa8653cecfc0d08.glb,/gs/fs/tga-koike-shanda2/sk/data/5k_balanced/objaverse_sketchfab/50c9695019c24aa9aaa8653cecfc0d08/pc10K.npz,/gs/fs/tga-koike-shanda2/sk/data/5k_balanced/objaverse_sketchfab/50c9695019c24aa9aaa8653cecfc0d08/image.png,7.6725
705f2f08ff924d55b66e5c22127de652,objaverse_sketchfab,/gs/bs/tga-koike-shanda/yurh/dataset/trellis-500k/ObjaverseXL_sketchfab/raw/hf-objaverse-v1/glbs/000-046/705f2f08ff924d55b66e5c22127de652.glb,/gs/fs/tga-koike-shanda2/sk/data/5k_balanced/objaverse_sketchfab/705f2f08ff924d55b66e5c22127de652/pc10K.npz,/gs/fs/tga-koike-shanda2/sk/data/5k_balanced/objaverse_sketchfab/705f2f08ff924d55b66e5c22127de652/image.png,7.0821
8d2db9e5cce5488c982505f922e27644,objaverse_sketchfab,/gs/bs/tga-koike-shanda/yurh/dataset/trellis-500k/ObjaverseXL_sketchfab/raw/hf-objaverse-v1/glbs/000-117/8d2db9e5cce5488c982505f922e27644.glb,/gs/fs/tga-koike-shanda2/sk/data/5k_balanced/objaverse_sketchfab/8d2db9e5cce5488c982505f922e27644/pc10K.npz,/gs/fs/tga-koike-shanda2/sk/data/5k_balanced/objaverse_sketchfab/8d2db9e5cce5488c982505f922e27644/image.png,7.4785
92d8d798e0ca48b4b8c66d057eb79abd,objaverse_sketchfab,/gs/bs/tga-koike-shanda/yurh/dataset/trellis-500k/ObjaverseXL_sketchfab/raw/hf-objaverse-v1/glbs/000-148/92d8d798e0ca48b4b8c66d057eb79abd.glb,/gs/fs/tga-koike-shanda2/sk/data/5k_balanced/objaverse_sketchfab/92d8d798e0ca48b4b8c66d057eb79abd/pc10K.npz,/gs/fs/tga-koike-shanda2/sk/data/5k_balanced/objaverse_sketchfab/92d8d798e0ca48b4b8c66d057eb79abd/image.png,7.3417
4870df681ae74dd8ae784e5636584244,objaverse_sketchfab,/gs/bs/tga-koike-shanda/yurh/dataset/trellis-500k/ObjaverseXL_sketchfab/raw/hf-objaverse-v1/glbs/000-085/4870df681ae74dd8ae784e5636584244.glb,/gs/fs/tga-koike-shanda2/sk/data/5k_balanced/objaverse_sketchfab/4870df681ae74dd8ae784e5636584244/pc10K.npz,/gs/fs/tga-koike-shanda2/sk/data/5k_balanced/objaverse_sketchfab/4870df681ae74dd8ae784e5636584244/image.png,7.6182
dd4b4cdb343742b68982e746805b112c,objaverse_sketchfab,/gs/bs/tga-koike-shanda/yurh/dataset/trellis-500k/ObjaverseXL_sketchfab/raw/hf-objaverse-v1/glbs/000-097/dd4b4cdb343742b68982e746805b112c.glb,/gs/fs/tga-koike-shanda2/sk/data/5k_balanced/objaverse_sketchfab/dd4b4cdb343742b68982e746805b112c/pc10K.npz,/gs/fs/tga-koike-shanda2/sk/data/5k_balanced/objaverse_sketchfab/dd4b4cdb343742b68982e746805b112c/image.png,7.2609
d6050c20631c4edc960c6e751c9036ae,objaverse_sketchfab,/gs/bs/tga-koike-shanda/yurh/dataset/trellis-500k/ObjaverseXL_sketchfab/raw/hf-objaverse-v1/glbs/000-009/d6050c20631c4edc960c6e751c9036ae.glb,/gs/fs/tga-koike-shanda2/sk/data/5k_balanced/objaverse_sketchfab/d6050c20631c4edc960c6e751c9036ae/pc10K.npz,/gs/fs/tga-koike-shanda2/sk/data/5k_balanced/objaverse_sketchfab/d6050c20631c4edc960c6e751c9036ae/image.png,6.9116
1c270d82e6d24611b8c43618c02018b8,objaverse_sketchfab,/gs/bs/tga-koike-shanda/yurh/dataset/trellis-500k/ObjaverseXL_sketchfab/raw/hf-objaverse-v1/glbs/000-154/1c270d82e6d24611b8c43618c02018b8.glb,/gs/fs/tga-koike-shanda2/sk/data/5k_balanced/objaverse_sketchfab/1c270d82e6d24611b8c43618c02018b8/pc10K.npz,/gs/fs/tga-koike-shanda2/sk/data/5k_balanced/objaverse_sketchfab/1c270d82e6d24611b8c43618c02018b8/image.png,6.7988
35caac40bf0b4d00949e92b2386710b7,objaverse_sketchfab,/gs/bs/tga-koike-shanda/yurh/dataset/trellis-500k/ObjaverseXL_sketchfab/raw/hf-objaverse-v1/glbs/000-024/35caac40bf0b4d00949e92b2386710b7.glb,/gs/fs/tga-koike-shanda2/sk/data/5k_balanced/objaverse_sketchfab/35caac40bf0b4d00949e92b2386710b7/pc10K.npz,/gs/fs/tga-koike-shanda2/sk/data/5k_balanced/objaverse_sketchfab/35caac40bf0b4d00949e92b2386710b7/image.png,6.9492
2fbdaa61c44948238cfc05f5350df88d,objaverse_sketchfab,/gs/bs/tga-koike-shanda/yurh/dataset/trellis-500k/ObjaverseXL_sketchfab/raw/hf-objaverse-v1/glbs/000-109/2fbdaa61c44948238cfc05f5350df88d.glb,/gs/fs/tga-koike-shanda2/sk/data/5k_balanced/objaverse_sketchfab/2fbdaa61c44948238cfc05f5350df88d/pc10K.npz,/gs/fs/tga-koike-shanda2/sk/data/5k_balanced/objaverse_sketchfab/2fbdaa61c44948238cfc05f5350df88d/image.png,7.0452
d2942c0d22a74aa0bb131fd9d10bfdc4,objaverse_sketchfab,/gs/bs/tga-koike-shanda/yurh/dataset/trellis-500k/ObjaverseXL_sketchfab/raw/hf-objaverse-v1/glbs/000-037/d2942c0d22a74aa0bb131fd9d10bfdc4.glb,/gs/fs/tga-koike-shanda2/sk/data/5k_balanced/objaverse_sketchfab/d2942c0d22a74aa0bb131fd9d10bfdc4/pc10K.npz,/gs/fs/tga-koike-shanda2/sk/data/5k_balanced/objaverse_sketchfab/d2942c0d22a74aa0bb131fd9d10bfdc4/image.png,7.1341
d1cf6b42f8e94f228a687253fefbb931,objaverse_sketchfab,/gs/bs/tga-koike-shanda/yurh/dataset/trellis-500k/ObjaverseXL_sketchfab/raw/hf-objaverse-v1/glbs/000-046/d1cf6b42f8e94f228a687253fefbb931.glb,/gs/fs/tga-koike-shanda2/sk/data/5k_balanced/objaverse_sketchfab/d1cf6b42f8e94f228a687253fefbb931/pc10K.npz,/gs/fs/tga-koike-shanda2/sk/data/5k_balanced/objaverse_sketchfab/d1cf6b42f8e94f228a687253fefbb931/image.png,7.2087
2a856209346c4fb7a5c9cb85d35deb58,objaverse_sketchfab,/gs/bs/tga-koike-shanda/yurh/dataset/trellis-500k/ObjaverseXL_sketchfab/raw/hf-objaverse-v1/glbs/000-107/2a856209346c4fb7a5c9cb85d35deb58.glb,/gs/fs/tga-koike-shanda2/sk/data/5k_balanced/objaverse_sketchfab/2a856209346c4fb7a5c9cb85d35deb58/pc10K.npz,/gs/fs/tga-koike-shanda2/sk/data/5k_balanced/objaverse_sketchfab/2a856209346c4fb7a5c9cb85d35deb58/image.png,7.1127
db2ca89e08a54ace8f9965a4bd2808ea,objaverse_sketchfab,/gs/bs/tga-koike-shanda/yurh/dataset/trellis-500k/ObjaverseXL_sketchfab/raw/hf-objaverse-v1/glbs/000-118/db2ca89e08a54ace8f9965a4bd2808ea.glb,/gs/fs/tga-koike-shanda2/sk/data/5k_balanced/objaverse_sketchfab/db2ca89e08a54ace8f9965a4bd2808ea/pc10K.npz,/gs/fs/tga-koike-shanda2/sk/data/5k_balanced/objaverse_sketchfab/db2ca89e08a54ace8f9965a4bd2808ea/image.png,7.1131
9e9c34a590f447d19e250517e5ce94c0,objaverse_sketchfab,/gs/bs/tga-koike-shanda/yurh/dataset/trellis-500k/ObjaverseXL_sketchfab/raw/hf-objaverse-v1/glbs/000-103/9e9c34a590f447d19e250517e5ce94c0.glb,/gs/fs/tga-koike-shanda2/sk/data/5k_balanced/objaverse_sketchfab/9e9c34a590f447d19e250517e5ce94c0/pc10K.npz,/gs/fs/tga-koike-shanda2/sk/data/5k_balanced/objaverse_sketchfab/9e9c34a590f447d19e250517e5ce94c0/image.png,6.7497
475c2d796bbb469099468e5ab8d26940,objaverse_sketchfab,/gs/bs/tga-koike-shanda/yurh/dataset/trellis-500k/ObjaverseXL_sketchfab/raw/hf-objaverse-v1/glbs/000-084/475c2d796bbb469099468e5ab8d26940.glb,/gs/fs/tga-koike-shanda2/sk/data/5k_balanced/objaverse_sketchfab/475c2d796bbb469099468e5ab8d26940/pc10K.npz,/gs/fs/tga-koike-shanda2/sk/data/5k_balanced/objaverse_sketchfab/475c2d796bbb469099468e5ab8d26940/image.png,6.9596
d4ce9c4e382d4513985c6413ebb9473c,objaverse_sketchfab,/gs/bs/tga-koike-shanda/yurh/dataset/trellis-500k/ObjaverseXL_sketchfab/raw/hf-objaverse-v1/glbs/000-127/d4ce9c4e382d4513985c6413ebb9473c.glb,/gs/fs/tga-koike-shanda2/sk/data/5k_balanced/objaverse_sketchfab/d4ce9c4e382d4513985c6413ebb9473c/pc10K.npz,/gs/fs/tga-koike-shanda2/sk/data/5k_balanced/objaverse_sketchfab/d4ce9c4e382d4513985c6413ebb9473c/image.png,7.1267
ce613609da7a445bad8defa344e29772,objaverse_sketchfab,/gs/bs/tga-koike-shanda/yurh/dataset/trellis-500k/ObjaverseXL_sketchfab/raw/hf-objaverse-v1/glbs/000-143/ce613609da7a445bad8defa344e29772.glb,/gs/fs/tga-koike-shanda2/sk/data/5k_balanced/objaverse_sketchfab/ce613609da7a445bad8defa344e29772/pc10K.npz,/gs/fs/tga-koike-shanda2/sk/data/5k_balanced/objaverse_sketchfab/ce613609da7a445bad8defa344e29772/image.png,7.8685
4415886730384a8382253fa6394fb7b4,objaverse_sketchfab,/gs/bs/tga-koike-shanda/yurh/dataset/trellis-500k/ObjaverseXL_sketchfab/raw/hf-objaverse-v1/glbs/000-084/4415886730384a8382253fa6394fb7b4.glb,/gs/fs/tga-koike-shanda2/sk/data/5k_balanced/objaverse_sketchfab/4415886730384a8382253fa6394fb7b4/pc10K.npz,/gs/fs/tga-koike-shanda2/sk/data/5k_balanced/objaverse_sketchfab/4415886730384a8382253fa6394fb7b4/image.png,7.0726
e9efb0dfdf44445e8a87a34a267fd165,objaverse_sketchfab,/gs/bs/tga-koike-shanda/yurh/dataset/trellis-500k/ObjaverseXL_sketchfab/raw/hf-objaverse-v1/glbs/000-100/e9efb0dfdf44445e8a87a34a267fd165.glb,/gs/fs/tga-koike-shanda2/sk/data/5k_balanced/objaverse_sketchfab/e9efb0dfdf44445e8a87a34a267fd165/pc10K.npz,/gs/fs/tga-koike-shanda2/sk/data/5k_balanced/objaverse_sketchfab/e9efb0dfdf44445e8a87a34a267fd165/image.png,7.4270
cbac2eefc1494fb098172834933cb8cf,objaverse_sketchfab,/gs/bs/tga-koike-shanda/yurh/dataset/trellis-500k/ObjaverseXL_sketchfab/raw/hf-objaverse-v1/glbs/000-031/cbac2eefc1494fb098172834933cb8cf.glb,/gs/fs/tga-koike-shanda2/sk/data/5k_balanced/objaverse_sketchfab/cbac2eefc1494fb098172834933cb8cf/pc10K.npz,/gs/fs/tga-koike-shanda2/sk/data/5k_balanced/objaverse_sketchfab/cbac2eefc1494fb098172834933cb8cf/image.png,6.8300
9648d92fa689414f9195ba7f2414a6a2,objaverse_sketchfab,/gs/bs/tga-koike-shanda/yurh/dataset/trellis-500k/ObjaverseXL_sketchfab/raw/hf-objaverse-v1/glbs/000-152/9648d92fa689414f9195ba7f2414a6a2.glb,/gs/fs/tga-koike-shanda2/sk/data/5k_balanced/objaverse_sketchfab/9648d92fa689414f9195ba7f2414a6a2/pc10K.npz,/gs/fs/tga-koike-shanda2/sk/data/5k_balanced/objaverse_sketchfab/9648d92fa689414f9195ba7f2414a6a2/image.png,7.2819
ba9011655bdf45849ecb2f6deddd0232,objaverse_sketchfab,/gs/bs/tga-koike-shanda/yurh/dataset/trellis-500k/ObjaverseXL_sketchfab/raw/hf-objaverse-v1/glbs/000-120/ba9011655bdf45849ecb2f6deddd0232.glb,/gs/fs/tga-koike-shanda2/sk/data/5k_balanced/objaverse_sketchfab/ba9011655bdf45849ecb2f6deddd0232/pc10K.npz,/gs/fs/tga-koike-shanda2/sk/data/5k_balanced/objaverse_sketchfab/ba9011655bdf45849ecb2f6deddd0232/image.png,6.9828
fb74a38f01b64a00bce35f31ff10ce57,objaverse_sketchfab,/gs/bs/tga-koike-shanda/yurh/dataset/trellis-500k/ObjaverseXL_sketchfab/raw/hf-objaverse-v1/glbs/000-021/fb74a38f01b64a00bce35f31ff10ce57.glb,/gs/fs/tga-koike-shanda2/sk/data/5k_balanced/objaverse_sketchfab/fb74a38f01b64a00bce35f31ff10ce57/pc10K.npz,/gs/fs/tga-koike-shanda2/sk/data/5k_balanced/objaverse_sketchfab/fb74a38f01b64a00bce35f31ff10ce57/image.png,6.8088
81dddfd59e8b485dabc4f4e462a08faa,objaverse_sketchfab,/gs/bs/tga-koike-shanda/yurh/dataset/trellis-500k/ObjaverseXL_sketchfab/raw/hf-objaverse-v1/glbs/000-078/81dddfd59e8b485dabc4f4e462a08faa.glb,/gs/fs/tga-koike-shanda2/sk/data/5k_balanced/objaverse_sketchfab/81dddfd59e8b485dabc4f4e462a08faa/pc10K.npz,/gs/fs/tga-koike-shanda2/sk/data/5k_balanced/objaverse_sketchfab/81dddfd59e8b485dabc4f4e462a08faa/image.png,7.1799
07bc48134b364d4f8a43d288b3a0282d,objaverse_sketchfab,/gs/bs/tga-koike-shanda/yurh/dataset/trellis-500k/ObjaverseXL_sketchfab/raw/hf-objaverse-v1/glbs/000-037/07bc48134b364d4f8a43d288b3a0282d.glb,/gs/fs/tga-koike-shanda2/sk/data/5k_balanced/objaverse_sketchfab/07bc48134b364d4f8a43d288b3a0282d/pc10K.npz,/gs/fs/tga-koike-shanda2/sk/data/5k_balanced/objaverse_sketchfab/07bc48134b364d4f8a43d288b3a0282d/image.png,6.9106
9c2a4d6d1b424ab3a714cdffdabbc155,objaverse_sketchfab,/gs/bs/tga-koike-shanda/yurh/dataset/trellis-500k/ObjaverseXL_sketchfab/raw/hf-objaverse-v1/glbs/000-109/9c2a4d6d1b424ab3a714cdffdabbc155.glb,/gs/fs/tga-koike-shanda2/sk/data/5k_balanced/objaverse_sketchfab/9c2a4d6d1b424ab3a714cdffdabbc155/pc10K.npz,/gs/fs/tga-koike-shanda2/sk/data/5k_balanced/objaverse_sketchfab/9c2a4d6d1b424ab3a714cdffdabbc155/image.png,6.7673
403f0ea4ec564dd8b0c5b8c6411db843,objaverse_sketchfab,/gs/bs/tga-koike-shanda/yurh/dataset/trellis-500k/ObjaverseXL_sketchfab/raw/hf-objaverse-v1/glbs/000-070/403f0ea4ec564dd8b0c5b8c6411db843.glb,/gs/fs/tga-koike-shanda2/sk/data/5k_balanced/objaverse_sketchfab/403f0ea4ec564dd8b0c5b8c6411db843/pc10K.npz,/gs/fs/tga-koike-shanda2/sk/data/5k_balanced/objaverse_sketchfab/403f0ea4ec564dd8b0c5b8c6411db843/image.png,6.9411
ee6570aee52f423e8bb2e1b690e14d17,objaverse_sketchfab,/gs/bs/tga-koike-shanda/yurh/dataset/trellis-500k/ObjaverseXL_sketchfab/raw/hf-objaverse-v1/glbs/000-147/ee6570aee52f423e8bb2e1b690e14d17.glb,/gs/fs/tga-koike-shanda2/sk/data/5k_balanced/objaverse_sketchfab/ee6570aee52f423e8bb2e1b690e14d17/pc10K.npz,/gs/fs/tga-koike-shanda2/sk/data/5k_balanced/objaverse_sketchfab/ee6570aee52f423e8bb2e1b690e14d17/image.png,7.0170
05a741b63f21409fa0daa436716514ab,objaverse_sketchfab,/gs/bs/tga-koike-shanda/yurh/dataset/trellis-500k/ObjaverseXL_sketchfab/raw/hf-objaverse-v1/glbs/000-124/05a741b63f21409fa0daa436716514ab.glb,/gs/fs/tga-koike-shanda2/sk/data/5k_balanced/objaverse_sketchfab/05a741b63f21409fa0daa436716514ab/pc10K.npz,/gs/fs/tga-koike-shanda2/sk/data/5k_balanced/objaverse_sketchfab/05a741b63f21409fa0daa436716514ab/image.png,7.0473
5cc73dc6ee1943ec81647167b8404511,objaverse_sketchfab,/gs/bs/tga-koike-shanda/yurh/dataset/trellis-500k/ObjaverseXL_sketchfab/raw/hf-objaverse-v1/glbs/000-090/5cc73dc6ee1943ec81647167b8404511.glb,/gs/fs/tga-koike-shanda2/sk/data/5k_balanced/objaverse_sketchfab/5cc73dc6ee1943ec81647167b8404511/pc10K.npz,/gs/fs/tga-koike-shanda2/sk/data/5k_balanced/objaverse_sketchfab/5cc73dc6ee1943ec81647167b8404511/image.png,6.7503
475ea344cb4a4164a29c75180def1ac1,objaverse_sketchfab,/gs/bs/tga-koike-shanda/yurh/dataset/trellis-500k/ObjaverseXL_sketchfab/raw/hf-objaverse-v1/glbs/000-026/475ea344cb4a4164a29c75180def1ac1.glb,/gs/fs/tga-koike-shanda2/sk/data/5k_balanced/objaverse_sketchfab/475ea344cb4a4164a29c75180def1ac1/pc10K.npz,/gs/fs/tga-koike-shanda2/sk/data/5k_balanced/objaverse_sketchfab/475ea344cb4a4164a29c75180def1ac1/image.png,7.0970
c5473591a55e4823beb4cf8ff86aa181,objaverse_sketchfab,/gs/bs/tga-koike-shanda/yurh/dataset/trellis-500k/ObjaverseXL_sketchfab/raw/hf-objaverse-v1/glbs/000-083/c5473591a55e4823beb4cf8ff86aa181.glb,/gs/fs/tga-koike-shanda2/sk/data/5k_balanced/objaverse_sketchfab/c5473591a55e4823beb4cf8ff86aa181/pc10K.npz,/gs/fs/tga-koike-shanda2/sk/data/5k_balanced/objaverse_sketchfab/c5473591a55e4823beb4cf8ff86aa181/image.png,6.9186
552935879bf643eab9c6e89c587921f7,objaverse_sketchfab,/gs/bs/tga-koike-shanda/yurh/dataset/trellis-500k/ObjaverseXL_sketchfab/raw/hf-objaverse-v1/glbs/000-075/552935879bf643eab9c6e89c587921f7.glb,/gs/fs/tga-koike-shanda2/sk/data/5k_balanced/objaverse_sketchfab/552935879bf643eab9c6e89c587921f7/pc10K.npz,/gs/fs/tga-koike-shanda2/sk/data/5k_balanced/objaverse_sketchfab/552935879bf643eab9c6e89c587921f7/image.png,6.8894
a869c645c3504e93a8b949f647e29970,objaverse_sketchfab,/gs/bs/tga-koike-shanda/yurh/dataset/trellis-500k/ObjaverseXL_sketchfab/raw/hf-objaverse-v1/glbs/000-129/a869c645c3504e93a8b949f647e29970.glb,/gs/fs/tga-koike-shanda2/sk/data/5k_balanced/objaverse_sketchfab/a869c645c3504e93a8b949f647e29970/pc10K.npz,/gs/fs/tga-koike-shanda2/sk/data/5k_balanced/objaverse_sketchfab/a869c645c3504e93a8b949f647e29970/image.png,7.3801
e81745b80b734ad1b0a794755c6c94b1,objaverse_sketchfab,/gs/bs/tga-koike-shanda/yurh/dataset/trellis-500k/ObjaverseXL_sketchfab/raw/hf-objaverse-v1/glbs/000-144/e81745b80b734ad1b0a794755c6c94b1.glb,/gs/fs/tga-koike-shanda2/sk/data/5k_balanced/objaverse_sketchfab/e81745b80b734ad1b0a794755c6c94b1/pc10K.npz,/gs/fs/tga-koike-shanda2/sk/data/5k_balanced/objaverse_sketchfab/e81745b80b734ad1b0a794755c6c94b1/image.png,7.3349
8c3bc542de7444c998f10e2d881ab7b7,objaverse_sketchfab,/gs/bs/tga-koike-shanda/yurh/dataset/trellis-500k/ObjaverseXL_sketchfab/raw/hf-objaverse-v1/glbs/000-035/8c3bc542de7444c998f10e2d881ab7b7.glb,/gs/fs/tga-koike-shanda2/sk/data/5k_balanced/objaverse_sketchfab/8c3bc542de7444c998f10e2d881ab7b7/pc10K.npz,/gs/fs/tga-koike-shanda2/sk/data/5k_balanced/objaverse_sketchfab/8c3bc542de7444c998f10e2d881ab7b7/image.png,7.1324
829d39dcc5034c23b0146a4bacda467a,objaverse_sketchfab,/gs/bs/tga-koike-shanda/yurh/dataset/trellis-500k/ObjaverseXL_sketchfab/raw/hf-objaverse-v1/glbs/000-145/829d39dcc5034c23b0146a4bacda467a.glb,/gs/fs/tga-koike-shanda2/sk/data/5k_balanced/objaverse_sketchfab/829d39dcc5034c23b0146a4bacda467a/pc10K.npz,/gs/fs/tga-koike-shanda2/sk/data/5k_balanced/objaverse_sketchfab/829d39dcc5034c23b0146a4bacda467a/image.png,7.0641
b682cbb1981345fcb7e8691f6f2c253f,objaverse_sketchfab,/gs/bs/tga-koike-shanda/yurh/dataset/trellis-500k/ObjaverseXL_sketchfab/raw/hf-objaverse-v1/glbs/000-050/b682cbb1981345fcb7e8691f6f2c253f.glb,/gs/fs/tga-koike-shanda2/sk/data/5k_balanced/objaverse_sketchfab/b682cbb1981345fcb7e8691f6f2c253f/pc10K.npz,/gs/fs/tga-koike-shanda2/sk/data/5k_balanced/objaverse_sketchfab/b682cbb1981345fcb7e8691f6f2c253f/image.png,7.0780
65649513903f49dfaf00eaf843186780,objaverse_sketchfab,/gs/bs/tga-koike-shanda/yurh/dataset/trellis-500k/ObjaverseXL_sketchfab/raw/hf-objaverse-v1/glbs/000-049/65649513903f49dfaf00eaf843186780.glb,/gs/fs/tga-koike-shanda2/sk/data/5k_balanced/objaverse_sketchfab/65649513903f49dfaf00eaf843186780/pc10K.npz,/gs/fs/tga-koike-shanda2/sk/data/5k_balanced/objaverse_sketchfab/65649513903f49dfaf00eaf843186780/image.png,7.5708
ce56030b8986474c8128efe57405ec10,objaverse_sketchfab,/gs/bs/tga-koike-shanda/yurh/dataset/trellis-500k/ObjaverseXL_sketchfab/raw/hf-objaverse-v1/glbs/000-059/ce56030b8986474c8128efe57405ec10.glb,/gs/fs/tga-koike-shanda2/sk/data/5k_balanced/objaverse_sketchfab/ce56030b8986474c8128efe57405ec10/pc10K.npz,/gs/fs/tga-koike-shanda2/sk/data/5k_balanced/objaverse_sketchfab/ce56030b8986474c8128efe57405ec10/image.png,7.5413
7fce7012d6a24da190eac0b3742d568b,objaverse_sketchfab,/gs/bs/tga-koike-shanda/yurh/dataset/trellis-500k/ObjaverseXL_sketchfab/raw/hf-objaverse-v1/glbs/000-008/7fce7012d6a24da190eac0b3742d568b.glb,/gs/fs/tga-koike-shanda2/sk/data/5k_balanced/objaverse_sketchfab/7fce7012d6a24da190eac0b3742d568b/pc10K.npz,/gs/fs/tga-koike-shanda2/sk/data/5k_balanced/objaverse_sketchfab/7fce7012d6a24da190eac0b3742d568b/image.png,7.3455
bdd2f91794074e33965f06f91c63b0a0,objaverse_sketchfab,/gs/bs/tga-koike-shanda/yurh/dataset/trellis-500k/ObjaverseXL_sketchfab/raw/hf-objaverse-v1/glbs/000-024/bdd2f91794074e33965f06f91c63b0a0.glb,/gs/fs/tga-koike-shanda2/sk/data/5k_balanced/objaverse_sketchfab/bdd2f91794074e33965f06f91c63b0a0/pc10K.npz,/gs/fs/tga-koike-shanda2/sk/data/5k_balanced/objaverse_sketchfab/bdd2f91794074e33965f06f91c63b0a0/image.png,6.8282
7fae4e63df4d452aac23d1f4c2176122,objaverse_sketchfab,/gs/bs/tga-koike-shanda/yurh/dataset/trellis-500k/ObjaverseXL_sketchfab/raw/hf-objaverse-v1/glbs/000-055/7fae4e63df4d452aac23d1f4c2176122.glb,/gs/fs/tga-koike-shanda2/sk/data/5k_balanced/objaverse_sketchfab/7fae4e63df4d452aac23d1f4c2176122/pc10K.npz,/gs/fs/tga-koike-shanda2/sk/data/5k_balanced/objaverse_sketchfab/7fae4e63df4d452aac23d1f4c2176122/image.png,7.2430
22dfbea095f14122b1934d9916d323b9,objaverse_sketchfab,/gs/bs/tga-koike-shanda/yurh/dataset/trellis-500k/ObjaverseXL_sketchfab/raw/hf-objaverse-v1/glbs/000-027/22dfbea095f14122b1934d9916d323b9.glb,/gs/fs/tga-koike-shanda2/sk/data/5k_balanced/objaverse_sketchfab/22dfbea095f14122b1934d9916d323b9/pc10K.npz,/gs/fs/tga-koike-shanda2/sk/data/5k_balanced/objaverse_sketchfab/22dfbea095f14122b1934d9916d323b9/image.png,7.1520
63da75042e0644ed9a259b9d4b72e515,objaverse_sketchfab,/gs/bs/tga-koike-shanda/yurh/dataset/trellis-500k/ObjaverseXL_sketchfab/raw/hf-objaverse-v1/glbs/000-079/63da75042e0644ed9a259b9d4b72e515.glb,/gs/fs/tga-koike-shanda2/sk/data/5k_balanced/objaverse_sketchfab/63da75042e0644ed9a259b9d4b72e515/pc10K.npz,/gs/fs/tga-koike-shanda2/sk/data/5k_balanced/objaverse_sketchfab/63da75042e0644ed9a259b9d4b72e515/image.png,7.1496
e12d329b3fe94e4fb23fb98a1f2770d2,objaverse_sketchfab,/gs/bs/tga-koike-shanda/yurh/dataset/trellis-500k/ObjaverseXL_sketchfab/raw/hf-objaverse-v1/glbs/000-094/e12d329b3fe94e4fb23fb98a1f2770d2.glb,/gs/fs/tga-koike-shanda2/sk/data/5k_balanced/objaverse_sketchfab/e12d329b3fe94e4fb23fb98a1f2770d2/pc10K.npz,/gs/fs/tga-koike-shanda2/sk/data/5k_balanced/objaverse_sketchfab/e12d329b3fe94e4fb23fb98a1f2770d2/image.png,6.8009
1175f68a974a45f5b9b6e51c08f1a432,objaverse_sketchfab,/gs/bs/tga-koike-shanda/yurh/dataset/trellis-500k/ObjaverseXL_sketchfab/raw/hf-objaverse-v1/glbs/000-062/1175f68a974a45f5b9b6e51c08f1a432.glb,/gs/fs/tga-koike-shanda2/sk/data/5k_balanced/objaverse_sketchfab/1175f68a974a45f5b9b6e51c08f1a432/pc10K.npz,/gs/fs/tga-koike-shanda2/sk/data/5k_balanced/objaverse_sketchfab/1175f68a974a45f5b9b6e51c08f1a432/image.png,7.1998
9712ee8f29254b808386d68e2a191c02,objaverse_sketchfab,/gs/bs/tga-koike-shanda/yurh/dataset/trellis-500k/ObjaverseXL_sketchfab/raw/hf-objaverse-v1/glbs/000-076/9712ee8f29254b808386d68e2a191c02.glb,/gs/fs/tga-koike-shanda2/sk/data/5k_balanced/objaverse_sketchfab/9712ee8f29254b808386d68e2a191c02/pc10K.npz,/gs/fs/tga-koike-shanda2/sk/data/5k_balanced/objaverse_sketchfab/9712ee8f29254b808386d68e2a191c02/image.png,7.0843
8d6be6f1ef0a4f2fbfba2b77adc0b374,objaverse_sketchfab,/gs/bs/tga-koike-shanda/yurh/dataset/trellis-500k/ObjaverseXL_sketchfab/raw/hf-objaverse-v1/glbs/000-074/8d6be6f1ef0a4f2fbfba2b77adc0b374.glb,/gs/fs/tga-koike-shanda2/sk/data/5k_balanced/objaverse_sketchfab/8d6be6f1ef0a4f2fbfba2b77adc0b374/pc10K.npz,/gs/fs/tga-koike-shanda2/sk/data/5k_balanced/objaverse_sketchfab/8d6be6f1ef0a4f2fbfba2b77adc0b374/image.png,6.8410
538abc1122144992bfc8648c6b26b501,objaverse_sketchfab,/gs/bs/tga-koike-shanda/yurh/dataset/trellis-500k/ObjaverseXL_sketchfab/raw/hf-objaverse-v1/glbs/000-115/538abc1122144992bfc8648c6b26b501.glb,/gs/fs/tga-koike-shanda2/sk/data/5k_balanced/objaverse_sketchfab/538abc1122144992bfc8648c6b26b501/pc10K.npz,/gs/fs/tga-koike-shanda2/sk/data/5k_balanced/objaverse_sketchfab/538abc1122144992bfc8648c6b26b501/image.png,7.0486
2b6113d026ea48adabb138735b205717,objaverse_sketchfab,/gs/bs/tga-koike-shanda/yurh/dataset/trellis-500k/ObjaverseXL_sketchfab/raw/hf-objaverse-v1/glbs/000-079/2b6113d026ea48adabb138735b205717.glb,/gs/fs/tga-koike-shanda2/sk/data/5k_balanced/objaverse_sketchfab/2b6113d026ea48adabb138735b205717/pc10K.npz,/gs/fs/tga-koike-shanda2/sk/data/5k_balanced/objaverse_sketchfab/2b6113d026ea48adabb138735b205717/image.png,7.1107
64a83ef395524869907e7f21276f09e8,objaverse_sketchfab,/gs/bs/tga-koike-shanda/yurh/dataset/trellis-500k/ObjaverseXL_sketchfab/raw/hf-objaverse-v1/glbs/000-039/64a83ef395524869907e7f21276f09e8.glb,/gs/fs/tga-koike-shanda2/sk/data/5k_balanced/objaverse_sketchfab/64a83ef395524869907e7f21276f09e8/pc10K.npz,/gs/fs/tga-koike-shanda2/sk/data/5k_balanced/objaverse_sketchfab/64a83ef395524869907e7f21276f09e8/image.png,6.9955
a9de60ee89564be19541d6a9289a131a,objaverse_sketchfab,/gs/bs/tga-koike-shanda/yurh/dataset/trellis-500k/ObjaverseXL_sketchfab/raw/hf-objaverse-v1/glbs/000-052/a9de60ee89564be19541d6a9289a131a.glb,/gs/fs/tga-koike-shanda2/sk/data/5k_balanced/objaverse_sketchfab/a9de60ee89564be19541d6a9289a131a/pc10K.npz,/gs/fs/tga-koike-shanda2/sk/data/5k_balanced/objaverse_sketchfab/a9de60ee89564be19541d6a9289a131a/image.png,7.0450
33699be99fd64375bf0371c0e0c12f70,objaverse_sketchfab,/gs/bs/tga-koike-shanda/yurh/dataset/trellis-500k/ObjaverseXL_sketchfab/raw/hf-objaverse-v1/glbs/000-062/33699be99fd64375bf0371c0e0c12f70.glb,/gs/fs/tga-koike-shanda2/sk/data/5k_balanced/objaverse_sketchfab/33699be99fd64375bf0371c0e0c12f70/pc10K.npz,/gs/fs/tga-koike-shanda2/sk/data/5k_balanced/objaverse_sketchfab/33699be99fd64375bf0371c0e0c12f70/image.png,6.8712
b839db55bfc0488e863e6aa7c0f3dd11,objaverse_sketchfab,/gs/bs/tga-koike-shanda/yurh/dataset/trellis-500k/ObjaverseXL_sketchfab/raw/hf-objaverse-v1/glbs/000-090/b839db55bfc0488e863e6aa7c0f3dd11.glb,/gs/fs/tga-koike-shanda2/sk/data/5k_balanced/objaverse_sketchfab/b839db55bfc0488e863e6aa7c0f3dd11/pc10K.npz,/gs/fs/tga-koike-shanda2/sk/data/5k_balanced/objaverse_sketchfab/b839db55bfc0488e863e6aa7c0f3dd11/image.png,6.8154
c3c6370e2b554e2ca1a3898bffe8e7a9,objaverse_sketchfab,/gs/bs/tga-koike-shanda/yurh/dataset/trellis-500k/ObjaverseXL_sketchfab/raw/hf-objaverse-v1/glbs/000-095/c3c6370e2b554e2ca1a3898bffe8e7a9.glb,/gs/fs/tga-koike-shanda2/sk/data/5k_balanced/objaverse_sketchfab/c3c6370e2b554e2ca1a3898bffe8e7a9/pc10K.npz,/gs/fs/tga-koike-shanda2/sk/data/5k_balanced/objaverse_sketchfab/c3c6370e2b554e2ca1a3898bffe8e7a9/image.png,6.9672
5974c268ddc24af487552c4272cf2ee0,objaverse_sketchfab,/gs/bs/tga-koike-shanda/yurh/dataset/trellis-500k/ObjaverseXL_sketchfab/raw/hf-objaverse-v1/glbs/000-110/5974c268ddc24af487552c4272cf2ee0.glb,/gs/fs/tga-koike-shanda2/sk/data/5k_balanced/objaverse_sketchfab/5974c268ddc24af487552c4272cf2ee0/pc10K.npz,/gs/fs/tga-koike-shanda2/sk/data/5k_balanced/objaverse_sketchfab/5974c268ddc24af487552c4272cf2ee0/image.png,7.8364
f45ae9fce1f64b1d98b0cdea2529ebd9,objaverse_sketchfab,/gs/bs/tga-koike-shanda/yurh/dataset/trellis-500k/ObjaverseXL_sketchfab/raw/hf-objaverse-v1/glbs/000-094/f45ae9fce1f64b1d98b0cdea2529ebd9.glb,/gs/fs/tga-koike-shanda2/sk/data/5k_balanced/objaverse_sketchfab/f45ae9fce1f64b1d98b0cdea2529ebd9/pc10K.npz,/gs/fs/tga-koike-shanda2/sk/data/5k_balanced/objaverse_sketchfab/f45ae9fce1f64b1d98b0cdea2529ebd9/image.png,7.4184
4917bdfbeeb542f29435ba65f2050f70,objaverse_sketchfab,/gs/bs/tga-koike-shanda/yurh/dataset/trellis-500k/ObjaverseXL_sketchfab/raw/hf-objaverse-v1/glbs/000-125/4917bdfbeeb542f29435ba65f2050f70.glb,/gs/fs/tga-koike-shanda2/sk/data/5k_balanced/objaverse_sketchfab/4917bdfbeeb542f29435ba65f2050f70/pc10K.npz,/gs/fs/tga-koike-shanda2/sk/data/5k_balanced/objaverse_sketchfab/4917bdfbeeb542f29435ba65f2050f70/image.png,7.2361
6d5b1145b4fd475094be9e152d4aeff8,objaverse_sketchfab,/gs/bs/tga-koike-shanda/yurh/dataset/trellis-500k/ObjaverseXL_sketchfab/raw/hf-objaverse-v1/glbs/000-149/6d5b1145b4fd475094be9e152d4aeff8.glb,/gs/fs/tga-koike-shanda2/sk/data/5k_balanced/objaverse_sketchfab/6d5b1145b4fd475094be9e152d4aeff8/pc10K.npz,/gs/fs/tga-koike-shanda2/sk/data/5k_balanced/objaverse_sketchfab/6d5b1145b4fd475094be9e152d4aeff8/image.png,6.7973
62f0834848be4c7c9e4cf516afcdbc6e,objaverse_sketchfab,/gs/bs/tga-koike-shanda/yurh/dataset/trellis-500k/ObjaverseXL_sketchfab/raw/hf-objaverse-v1/glbs/000-029/62f0834848be4c7c9e4cf516afcdbc6e.glb,/gs/fs/tga-koike-shanda2/sk/data/5k_balanced/objaverse_sketchfab/62f0834848be4c7c9e4cf516afcdbc6e/pc10K.npz,/gs/fs/tga-koike-shanda2/sk/data/5k_balanced/objaverse_sketchfab/62f0834848be4c7c9e4cf516afcdbc6e/image.png,6.9136
7644ff801d38454d92ff5de65dcbea31,objaverse_sketchfab,/gs/bs/tga-koike-shanda/yurh/dataset/trellis-500k/ObjaverseXL_sketchfab/raw/hf-objaverse-v1/glbs/000-042/7644ff801d38454d92ff5de65dcbea31.glb,/gs/fs/tga-koike-shanda2/sk/data/5k_balanced/objaverse_sketchfab/7644ff801d38454d92ff5de65dcbea31/pc10K.npz,/gs/fs/tga-koike-shanda2/sk/data/5k_balanced/objaverse_sketchfab/7644ff801d38454d92ff5de65dcbea31/image.png,7.2682
26a155c39ea74f9b9f74c641a7a431d9,objaverse_sketchfab,/gs/bs/tga-koike-shanda/yurh/dataset/trellis-500k/ObjaverseXL_sketchfab/raw/hf-objaverse-v1/glbs/000-125/26a155c39ea74f9b9f74c641a7a431d9.glb,/gs/fs/tga-koike-shanda2/sk/data/5k_balanced/objaverse_sketchfab/26a155c39ea74f9b9f74c641a7a431d9/pc10K.npz,/gs/fs/tga-koike-shanda2/sk/data/5k_balanced/objaverse_sketchfab/26a155c39ea74f9b9f74c641a7a431d9/image.png,6.7987
bfd96fdb95e741308245dcaf4de5b228,objaverse_sketchfab,/gs/bs/tga-koike-shanda/yurh/dataset/trellis-500k/ObjaverseXL_sketchfab/raw/hf-objaverse-v1/glbs/000-042/bfd96fdb95e741308245dcaf4de5b228.glb,/gs/fs/tga-koike-shanda2/sk/data/5k_balanced/objaverse_sketchfab/bfd96fdb95e741308245dcaf4de5b228/pc10K.npz,/gs/fs/tga-koike-shanda2/sk/data/5k_balanced/objaverse_sketchfab/bfd96fdb95e741308245dcaf4de5b228/image.png,7.0830
c245db41644f47429db42fe5f0bdeb30,objaverse_sketchfab,/gs/bs/tga-koike-shanda/yurh/dataset/trellis-500k/ObjaverseXL_sketchfab/raw/hf-objaverse-v1/glbs/000-061/c245db41644f47429db42fe5f0bdeb30.glb,/gs/fs/tga-koike-shanda2/sk/data/5k_balanced/objaverse_sketchfab/c245db41644f47429db42fe5f0bdeb30/pc10K.npz,/gs/fs/tga-koike-shanda2/sk/data/5k_balanced/objaverse_sketchfab/c245db41644f47429db42fe5f0bdeb30/image.png,7.4692
01146261d288473f84208b818579e3c5,objaverse_sketchfab,/gs/bs/tga-koike-shanda/yurh/dataset/trellis-500k/ObjaverseXL_sketchfab/raw/hf-objaverse-v1/glbs/000-000/01146261d288473f84208b818579e3c5.glb,/gs/fs/tga-koike-shanda2/sk/data/5k_balanced/objaverse_sketchfab/01146261d288473f84208b818579e3c5/pc10K.npz,/gs/fs/tga-koike-shanda2/sk/data/5k_balanced/objaverse_sketchfab/01146261d288473f84208b818579e3c5/image.png,6.7340
792295f9b1c347a09d776edab55f997e,objaverse_sketchfab,/gs/bs/tga-koike-shanda/yurh/dataset/trellis-500k/ObjaverseXL_sketchfab/raw/hf-objaverse-v1/glbs/000-048/792295f9b1c347a09d776edab55f997e.glb,/gs/fs/tga-koike-shanda2/sk/data/5k_balanced/objaverse_sketchfab/792295f9b1c347a09d776edab55f997e/pc10K.npz,/gs/fs/tga-koike-shanda2/sk/data/5k_balanced/objaverse_sketchfab/792295f9b1c347a09d776edab55f997e/image.png,6.8856
4ade55cb29194bf48338cf12ca03a457,objaverse_sketchfab,/gs/bs/tga-koike-shanda/yurh/dataset/trellis-500k/ObjaverseXL_sketchfab/raw/hf-objaverse-v1/glbs/000-118/4ade55cb29194bf48338cf12ca03a457.glb,/gs/fs/tga-koike-shanda2/sk/data/5k_balanced/objaverse_sketchfab/4ade55cb29194bf48338cf12ca03a457/pc10K.npz,/gs/fs/tga-koike-shanda2/sk/data/5k_balanced/objaverse_sketchfab/4ade55cb29194bf48338cf12ca03a457/image.png,7.0274
c688c9eabb57406c9e4c70e12dee84f1,objaverse_sketchfab,/gs/bs/tga-koike-shanda/yurh/dataset/trellis-500k/ObjaverseXL_sketchfab/raw/hf-objaverse-v1/glbs/000-128/c688c9eabb57406c9e4c70e12dee84f1.glb,/gs/fs/tga-koike-shanda2/sk/data/5k_balanced/objaverse_sketchfab/c688c9eabb57406c9e4c70e12dee84f1/pc10K.npz,/gs/fs/tga-koike-shanda2/sk/data/5k_balanced/objaverse_sketchfab/c688c9eabb57406c9e4c70e12dee84f1/image.png,6.9766
623c1e551d66426abf0330c3eb032aa2,objaverse_sketchfab,/gs/bs/tga-koike-shanda/yurh/dataset/trellis-500k/ObjaverseXL_sketchfab/raw/hf-objaverse-v1/glbs/000-021/623c1e551d66426abf0330c3eb032aa2.glb,/gs/fs/tga-koike-shanda2/sk/data/5k_balanced/objaverse_sketchfab/623c1e551d66426abf0330c3eb032aa2/pc10K.npz,/gs/fs/tga-koike-shanda2/sk/data/5k_balanced/objaverse_sketchfab/623c1e551d66426abf0330c3eb032aa2/image.png,6.7338
ee920cf8b8f641bf9e3107e464987f3f,objaverse_sketchfab,/gs/bs/tga-koike-shanda/yurh/dataset/trellis-500k/ObjaverseXL_sketchfab/raw/hf-objaverse-v1/glbs/000-083/ee920cf8b8f641bf9e3107e464987f3f.glb,/gs/fs/tga-koike-shanda2/sk/data/5k_balanced/objaverse_sketchfab/ee920cf8b8f641bf9e3107e464987f3f/pc10K.npz,/gs/fs/tga-koike-shanda2/sk/data/5k_balanced/objaverse_sketchfab/ee920cf8b8f641bf9e3107e464987f3f/image.png,6.7746
347491d5e0ba493e85c0ff826847cb17,objaverse_sketchfab,/gs/bs/tga-koike-shanda/yurh/dataset/trellis-500k/ObjaverseXL_sketchfab/raw/hf-objaverse-v1/glbs/000-113/347491d5e0ba493e85c0ff826847cb17.glb,/gs/fs/tga-koike-shanda2/sk/data/5k_balanced/objaverse_sketchfab/347491d5e0ba493e85c0ff826847cb17/pc10K.npz,/gs/fs/tga-koike-shanda2/sk/data/5k_balanced/objaverse_sketchfab/347491d5e0ba493e85c0ff826847cb17/image.png,6.9136
a26e1038c2e2439a881604a5fc975d1c,objaverse_sketchfab,/gs/bs/tga-koike-shanda/yurh/dataset/trellis-500k/ObjaverseXL_sketchfab/raw/hf-objaverse-v1/glbs/000-032/a26e1038c2e2439a881604a5fc975d1c.glb,/gs/fs/tga-koike-shanda2/sk/data/5k_balanced/objaverse_sketchfab/a26e1038c2e2439a881604a5fc975d1c/pc10K.npz,/gs/fs/tga-koike-shanda2/sk/data/5k_balanced/objaverse_sketchfab/a26e1038c2e2439a881604a5fc975d1c/image.png,6.7844
6f0171e9c53049b999403e8568933172,objaverse_sketchfab,/gs/bs/tga-koike-shanda/yurh/dataset/trellis-500k/ObjaverseXL_sketchfab/raw/hf-objaverse-v1/glbs/000-109/6f0171e9c53049b999403e8568933172.glb,/gs/fs/tga-koike-shanda2/sk/data/5k_balanced/objaverse_sketchfab/6f0171e9c53049b999403e8568933172/pc10K.npz,/gs/fs/tga-koike-shanda2/sk/data/5k_balanced/objaverse_sketchfab/6f0171e9c53049b999403e8568933172/image.png,7.5261
f182ac182ed14f87bf7b1ed1efbdac88,objaverse_sketchfab,/gs/bs/tga-koike-shanda/yurh/dataset/trellis-500k/ObjaverseXL_sketchfab/raw/hf-objaverse-v1/glbs/000-029/f182ac182ed14f87bf7b1ed1efbdac88.glb,/gs/fs/tga-koike-shanda2/sk/data/5k_balanced/objaverse_sketchfab/f182ac182ed14f87bf7b1ed1efbdac88/pc10K.npz,/gs/fs/tga-koike-shanda2/sk/data/5k_balanced/objaverse_sketchfab/f182ac182ed14f87bf7b1ed1efbdac88/image.png,6.7406
ca02cd643fc247cd8adac0d1248d601e,objaverse_sketchfab,/gs/bs/tga-koike-shanda/yurh/dataset/trellis-500k/ObjaverseXL_sketchfab/raw/hf-objaverse-v1/glbs/000-003/ca02cd643fc247cd8adac0d1248d601e.glb,/gs/fs/tga-koike-shanda2/sk/data/5k_balanced/objaverse_sketchfab/ca02cd643fc247cd8adac0d1248d601e/pc10K.npz,/gs/fs/tga-koike-shanda2/sk/data/5k_balanced/objaverse_sketchfab/ca02cd643fc247cd8adac0d1248d601e/image.png,7.2054
684f1bdf59084bd38d019814c677b977,objaverse_sketchfab,/gs/bs/tga-koike-shanda/yurh/dataset/trellis-500k/ObjaverseXL_sketchfab/raw/hf-objaverse-v1/glbs/000-025/684f1bdf59084bd38d019814c677b977.glb,/gs/fs/tga-koike-shanda2/sk/data/5k_balanced/objaverse_sketchfab/684f1bdf59084bd38d019814c677b977/pc10K.npz,/gs/fs/tga-koike-shanda2/sk/data/5k_balanced/objaverse_sketchfab/684f1bdf59084bd38d019814c677b977/image.png,6.8354
82202f320d954ca5a2c59ca05a71c21d,objaverse_sketchfab,/gs/bs/tga-koike-shanda/yurh/dataset/trellis-500k/ObjaverseXL_sketchfab/raw/hf-objaverse-v1/glbs/000-132/82202f320d954ca5a2c59ca05a71c21d.glb,/gs/fs/tga-koike-shanda2/sk/data/5k_balanced/objaverse_sketchfab/82202f320d954ca5a2c59ca05a71c21d/pc10K.npz,/gs/fs/tga-koike-shanda2/sk/data/5k_balanced/objaverse_sketchfab/82202f320d954ca5a2c59ca05a71c21d/image.png,6.8312
83daad8419594199969362c5a5199235,objaverse_sketchfab,/gs/bs/tga-koike-shanda/yurh/dataset/trellis-500k/ObjaverseXL_sketchfab/raw/hf-objaverse-v1/glbs/000-048/83daad8419594199969362c5a5199235.glb,/gs/fs/tga-koike-shanda2/sk/data/5k_balanced/objaverse_sketchfab/83daad8419594199969362c5a5199235/pc10K.npz,/gs/fs/tga-koike-shanda2/sk/data/5k_balanced/objaverse_sketchfab/83daad8419594199969362c5a5199235/image.png,7.0892
a98bdbfc895e4b73b282c846ce5947e6,objaverse_sketchfab,/gs/bs/tga-koike-shanda/yurh/dataset/trellis-500k/ObjaverseXL_sketchfab/raw/hf-objaverse-v1/glbs/000-084/a98bdbfc895e4b73b282c846ce5947e6.glb,/gs/fs/tga-koike-shanda2/sk/data/5k_balanced/objaverse_sketchfab/a98bdbfc895e4b73b282c846ce5947e6/pc10K.npz,/gs/fs/tga-koike-shanda2/sk/data/5k_balanced/objaverse_sketchfab/a98bdbfc895e4b73b282c846ce5947e6/image.png,7.1561
cdd0f4ae20e2476790f3421c6ed3cf12,objaverse_sketchfab,/gs/bs/tga-koike-shanda/yurh/dataset/trellis-500k/ObjaverseXL_sketchfab/raw/hf-objaverse-v1/glbs/000-008/cdd0f4ae20e2476790f3421c6ed3cf12.glb,/gs/fs/tga-koike-shanda2/sk/data/5k_balanced/objaverse_sketchfab/cdd0f4ae20e2476790f3421c6ed3cf12/pc10K.npz,/gs/fs/tga-koike-shanda2/sk/data/5k_balanced/objaverse_sketchfab/cdd0f4ae20e2476790f3421c6ed3cf12/image.png,7.2418
63c6e889566a43779eb1aa61913205e3,objaverse_sketchfab,/gs/bs/tga-koike-shanda/yurh/dataset/trellis-500k/ObjaverseXL_sketchfab/raw/hf-objaverse-v1/glbs/000-004/63c6e889566a43779eb1aa61913205e3.glb,/gs/fs/tga-koike-shanda2/sk/data/5k_balanced/objaverse_sketchfab/63c6e889566a43779eb1aa61913205e3/pc10K.npz,/gs/fs/tga-koike-shanda2/sk/data/5k_balanced/objaverse_sketchfab/63c6e889566a43779eb1aa61913205e3/image.png,7.2225
ffaabf87bb024b48b240909632e0b524,objaverse_sketchfab,/gs/bs/tga-koike-shanda/yurh/dataset/trellis-500k/ObjaverseXL_sketchfab/raw/hf-objaverse-v1/glbs/000-087/ffaabf87bb024b48b240909632e0b524.glb,/gs/fs/tga-koike-shanda2/sk/data/5k_balanced/objaverse_sketchfab/ffaabf87bb024b48b240909632e0b524/pc10K.npz,/gs/fs/tga-koike-shanda2/sk/data/5k_balanced/objaverse_sketchfab/ffaabf87bb024b48b240909632e0b524/image.png,7.1808
c6278518c51e496a82687982f545ac3a,objaverse_sketchfab,/gs/bs/tga-koike-shanda/yurh/dataset/trellis-500k/ObjaverseXL_sketchfab/raw/hf-objaverse-v1/glbs/000-118/c6278518c51e496a82687982f545ac3a.glb,/gs/fs/tga-koike-shanda2/sk/data/5k_balanced/objaverse_sketchfab/c6278518c51e496a82687982f545ac3a/pc10K.npz,/gs/fs/tga-koike-shanda2/sk/data/5k_balanced/objaverse_sketchfab/c6278518c51e496a82687982f545ac3a/image.png,6.7344
3d2e7f43027a4115be26064a3e798f16,objaverse_sketchfab,/gs/bs/tga-koike-shanda/yurh/dataset/trellis-500k/ObjaverseXL_sketchfab/raw/hf-objaverse-v1/glbs/000-140/3d2e7f43027a4115be26064a3e798f16.glb,/gs/fs/tga-koike-shanda2/sk/data/5k_balanced/objaverse_sketchfab/3d2e7f43027a4115be26064a3e798f16/pc10K.npz,/gs/fs/tga-koike-shanda2/sk/data/5k_balanced/objaverse_sketchfab/3d2e7f43027a4115be26064a3e798f16/image.png,7.4160
4ec3a5ffd782485a878fd742367fd402,objaverse_sketchfab,/gs/bs/tga-koike-shanda/yurh/dataset/trellis-500k/ObjaverseXL_sketchfab/raw/hf-objaverse-v1/glbs/000-125/4ec3a5ffd782485a878fd742367fd402.glb,/gs/fs/tga-koike-shanda2/sk/data/5k_balanced/objaverse_sketchfab/4ec3a5ffd782485a878fd742367fd402/pc10K.npz,/gs/fs/tga-koike-shanda2/sk/data/5k_balanced/objaverse_sketchfab/4ec3a5ffd782485a878fd742367fd402/image.png,7.4069
630838c5f33e45ea930734e64b1adc1e,objaverse_sketchfab,/gs/bs/tga-koike-shanda/yurh/dataset/trellis-500k/ObjaverseXL_sketchfab/raw/hf-objaverse-v1/glbs/000-151/630838c5f33e45ea930734e64b1adc1e.glb,/gs/fs/tga-koike-shanda2/sk/data/5k_balanced/objaverse_sketchfab/630838c5f33e45ea930734e64b1adc1e/pc10K.npz,/gs/fs/tga-koike-shanda2/sk/data/5k_balanced/objaverse_sketchfab/630838c5f33e45ea930734e64b1adc1e/image.png,6.9910
73b6f2745aef46189a740c095ec84be5,objaverse_sketchfab,/gs/bs/tga-koike-shanda/yurh/dataset/trellis-500k/ObjaverseXL_sketchfab/raw/hf-objaverse-v1/glbs/000-062/73b6f2745aef46189a740c095ec84be5.glb,/gs/fs/tga-koike-shanda2/sk/data/5k_balanced/objaverse_sketchfab/73b6f2745aef46189a740c095ec84be5/pc10K.npz,/gs/fs/tga-koike-shanda2/sk/data/5k_balanced/objaverse_sketchfab/73b6f2745aef46189a740c095ec84be5/image.png,6.9476
54daadccf4434f85b30f6c22bc1830e1,objaverse_sketchfab,/gs/bs/tga-koike-shanda/yurh/dataset/trellis-500k/ObjaverseXL_sketchfab/raw/hf-objaverse-v1/glbs/000-062/54daadccf4434f85b30f6c22bc1830e1.glb,/gs/fs/tga-koike-shanda2/sk/data/5k_balanced/objaverse_sketchfab/54daadccf4434f85b30f6c22bc1830e1/pc10K.npz,/gs/fs/tga-koike-shanda2/sk/data/5k_balanced/objaverse_sketchfab/54daadccf4434f85b30f6c22bc1830e1/image.png,7.7910
67a84151d5204a21b8a2de522ec5857e,objaverse_sketchfab,/gs/bs/tga-koike-shanda/yurh/dataset/trellis-500k/ObjaverseXL_sketchfab/raw/hf-objaverse-v1/glbs/000-150/67a84151d5204a21b8a2de522ec5857e.glb,/gs/fs/tga-koike-shanda2/sk/data/5k_balanced/objaverse_sketchfab/67a84151d5204a21b8a2de522ec5857e/pc10K.npz,/gs/fs/tga-koike-shanda2/sk/data/5k_balanced/objaverse_sketchfab/67a84151d5204a21b8a2de522ec5857e/image.png,7.7455
7aa5695d550b4432875c6d03367f8ca5,objaverse_sketchfab,/gs/bs/tga-koike-shanda/yurh/dataset/trellis-500k/ObjaverseXL_sketchfab/raw/hf-objaverse-v1/glbs/000-125/7aa5695d550b4432875c6d03367f8ca5.glb,/gs/fs/tga-koike-shanda2/sk/data/5k_balanced/objaverse_sketchfab/7aa5695d550b4432875c6d03367f8ca5/pc10K.npz,/gs/fs/tga-koike-shanda2/sk/data/5k_balanced/objaverse_sketchfab/7aa5695d550b4432875c6d03367f8ca5/image.png,6.8604
42bdb0fbc4524f3eaae2bf23dac86d03,objaverse_sketchfab,/gs/bs/tga-koike-shanda/yurh/dataset/trellis-500k/ObjaverseXL_sketchfab/raw/hf-objaverse-v1/glbs/000-103/42bdb0fbc4524f3eaae2bf23dac86d03.glb,/gs/fs/tga-koike-shanda2/sk/data/5k_balanced/objaverse_sketchfab/42bdb0fbc4524f3eaae2bf23dac86d03/pc10K.npz,/gs/fs/tga-koike-shanda2/sk/data/5k_balanced/objaverse_sketchfab/42bdb0fbc4524f3eaae2bf23dac86d03/image.png,7.1426
ff5886fb075c4460977f197249218d76,objaverse_sketchfab,/gs/bs/tga-koike-shanda/yurh/dataset/trellis-500k/ObjaverseXL_sketchfab/raw/hf-objaverse-v1/glbs/000-123/ff5886fb075c4460977f197249218d76.glb,/gs/fs/tga-koike-shanda2/sk/data/5k_balanced/objaverse_sketchfab/ff5886fb075c4460977f197249218d76/pc10K.npz,/gs/fs/tga-koike-shanda2/sk/data/5k_balanced/objaverse_sketchfab/ff5886fb075c4460977f197249218d76/image.png,6.8067
88051117075346b4bf8c4b1d90679f3c,objaverse_sketchfab,/gs/bs/tga-koike-shanda/yurh/dataset/trellis-500k/ObjaverseXL_sketchfab/raw/hf-objaverse-v1/glbs/000-008/88051117075346b4bf8c4b1d90679f3c.glb,/gs/fs/tga-koike-shanda2/sk/data/5k_balanced/objaverse_sketchfab/88051117075346b4bf8c4b1d90679f3c/pc10K.npz,/gs/fs/tga-koike-shanda2/sk/data/5k_balanced/objaverse_sketchfab/88051117075346b4bf8c4b1d90679f3c/image.png,7.0319
3fd39213c7cb4c42ba0eb3f5ab4325ee,objaverse_sketchfab,/gs/bs/tga-koike-shanda/yurh/dataset/trellis-500k/ObjaverseXL_sketchfab/raw/hf-objaverse-v1/glbs/000-009/3fd39213c7cb4c42ba0eb3f5ab4325ee.glb,/gs/fs/tga-koike-shanda2/sk/data/5k_balanced/objaverse_sketchfab/3fd39213c7cb4c42ba0eb3f5ab4325ee/pc10K.npz,/gs/fs/tga-koike-shanda2/sk/data/5k_balanced/objaverse_sketchfab/3fd39213c7cb4c42ba0eb3f5ab4325ee/image.png,6.7917
90a28f21b14f4007a13662f35057c51c,objaverse_sketchfab,/gs/bs/tga-koike-shanda/yurh/dataset/trellis-500k/ObjaverseXL_sketchfab/raw/hf-objaverse-v1/glbs/000-069/90a28f21b14f4007a13662f35057c51c.glb,/gs/fs/tga-koike-shanda2/sk/data/5k_balanced/objaverse_sketchfab/90a28f21b14f4007a13662f35057c51c/pc10K.npz,/gs/fs/tga-koike-shanda2/sk/data/5k_balanced/objaverse_sketchfab/90a28f21b14f4007a13662f35057c51c/image.png,7.1939
